
> tufani-pizza-frontend@0.1.0 build
> next build

▲ Next.js 16.1.4 (Turbopack)
- Environments: .env

  Creating an optimized production build ...
✓ Compiled successfully in 25.8s
  Running TypeScript ...
  Collecting page data using 7 workers ...
[dotenv@17.3.1] injecting env (0) from .env -- tip: ⚙️  write to custom object with { processEnv: myObject }
[dotenv@17.3.1] injecting env (0) from .env -- tip: ⚙️  suppress all logs with { quiet: true }
[dotenv@17.3.1] injecting env (0) from .env -- tip: ⚙️  suppress all logs with { quiet: true }
[dotenv@17.3.1] injecting env (0) from .env -- tip: ⚙️  specify custom .env file path with { path: '/custom/path/.env' }
[dotenv@17.3.1] injecting env (0) from .env -- tip: ⚙️  suppress all logs with { quiet: true }
[dotenv@17.3.1] injecting env (0) from .env -- tip: 🛡️ auth for agents: https://vestauth.com
[dotenv@17.3.1] injecting env (0) from .env -- tip: ⚙️  write to custom object with { processEnv: myObject }
[dotenv@17.3.1] injecting env (0) from .env -- tip: ⚙️  suppress all logs with { quiet: true }
  Generating static pages using 7 workers (0/32) ...
Initializing API client with base URL: https://api.tufanipizza.com
{
  ACLOCAL_PATH: 'C:\\Program Files\\Git\\mingw64\\share\\aclocal;C:\\Program Files\\Git\\usr\\share\\aclocal',
  ALLUSERSPROFILE: 'C:\\ProgramData',
  APPDATA: 'C:\\Users\\Dell\\AppData\\Roaming',
  BACKEND_URL: 'https://api.tufanipizza.com',
  CHROME_CRASHPAD_PIPE_NAME: '\\\\.\\pipe\\crashpad_8088_DXXFZSWYYXOXSBHI',
  COLOR: '0',
  COLORTERM: 'truecolor',
  COMMONPROGRAMFILES: 'C:\\Program Files\\Common Files',
  'CommonProgramFiles(x86)': 'C:\\Program Files (x86)\\Common Files',
  CommonProgramW6432: 'C:\\Program Files\\Common Files',
  COMPUTERNAME: 'ABIDADHIKARI',
  COMSPEC: 'C:\\WINDOWS\\system32\\cmd.exe',
  CONFIG_SITE: 'C:/Program Files/Git/mingw64/etc/config.site',
  DISPLAY: 'needs-to-be-defined',
  DriverData: 'C:\\Windows\\System32\\Drivers\\DriverData',
  EDITOR: 'C:\\WINDOWS\\notepad.exe',
  EFC_9528_1262719628: '1',
  EFC_9528_1592913036: '1',
  EFC_9528_2283032206: '1',
  EFC_9528_2775293581: '1',
  EFC_9528_3789132940: '1',
  EXEPATH: 'C:\\Program Files\\Git\\bin',
  FPS_BROWSER_APP_PROFILE_STRING: 'Internet Explorer',
  FPS_BROWSER_USER_PROFILE_STRING: 'Default',
  GIT_ASKPASS: 'c:\\Users\\Dell\\AppData\\Roaming\\Code\\User\\globalStorage\\vscode.git\\askpass\\493597c785d4c5cb\\askpass.sh',
  GIT_EDITOR: ':',
  GIT_MERGE_AUTOEDIT: 'no',
  GIT_PAGER: 'cat',
  HISTCONTROL: 'ignorespace',
  HOME: 'C:\\Users\\Dell',
  HOMEDRIVE: 'C:',
  HOMEPATH: '\\Users\\Dell',
  HOSTNAME: 'AbidAdhikari',
  INFOPATH: 'C:\\Program Files\\Git\\usr\\local\\info;C:\\Program Files\\Git\\usr\\share\\info;C:\\Program Files\\Git\\usr\\info;C:\\Program Files\\Git\\share\\info',
  INIT_CWD: 'D:\\PER\\Tuffani pizza\\tuffani-pizza-frontend',
  IS_NEXT_WORKER: 'true',
  LANG: 'en_US.UTF-8',
  LM_LICENSE_FILE: 'C:\\flexlm\\lic_modelsim',
  LOCALAPPDATA: 'C:\\Users\\Dell\\AppData\\Local',
  LOGONSERVER: '\\\\ABIDADHIKARI',
  MANPATH: 'C:\\Program Files\\Git\\mingw64\\local\\man;C:\\Program Files\\Git\\mingw64\\share\\man;C:\\Program Files\\Git\\usr\\local\\man;C:\\Program Files\\Git\\usr\\share\\man;C:\\Program Files\\Git\\usr\\man;C:\\Program Files\\Git\\share\\man',
  MINGW_CHOST: 'x86_64-w64-mingw32',
  MINGW_PACKAGE_PREFIX: 'mingw-w64-x86_64',
  MINGW_PREFIX: 'C:/Program Files/Git/mingw64',
  MSYSTEM: 'MINGW64',
  MSYSTEM_CARCH: 'x86_64',
  MSYSTEM_CHOST: 'x86_64-w64-mingw32',
  MSYSTEM_PREFIX: 'C:/Program Files/Git/mingw64',
  NEXT_DEPLOYMENT_ID: '',
  NEXT_IS_EXPORT_WORKER: 'true',
  NEXT_PHASE: 'phase-production-build',
  NEXT_PUBLIC_BACKEND_URL: 'https://api.tufanipizza.com',
  NEXT_PUBLIC_SITE_URL: 'http://www.tufanipizza.com',
  NEXT_RUNTIME: 'nodejs',
  NODE: 'C:\\Program Files\\nodejs\\node.exe',
  NODE_ENV: 'production',
  NODE_OPTIONS: '',
  npm_command: 'run',
  npm_config_cache: 'C:\\Users\\Dell\\AppData\\Local\\npm-cache',
  npm_config_globalconfig: 'C:\\Program Files\\nodejs\\etc\\npmrc',
  npm_config_global_prefix: 'C:\\Program Files\\nodejs',
  npm_config_init_module: 'C:\\Users\\Dell\\.npm-init.js',
  npm_config_local_prefix: 'D:\\PER\\Tuffani pizza\\tuffani-pizza-frontend',
  npm_config_node_gyp: 'C:\\Users\\Dell\\AppData\\Roaming\\nvm\\v24.13.0\\node_modules\\npm\\node_modules\\node-gyp\\bin\\node-gyp.js',
  npm_config_noproxy: '',
  npm_config_npm_version: '11.6.2',
  npm_config_prefix: 'C:\\Program Files\\nodejs',
  npm_config_userconfig: 'C:\\Users\\Dell\\.npmrc',
  npm_config_user_agent: 'npm/11.6.2 node/v24.13.0 win32 x64 workspaces/false',
  npm_execpath: 'C:\\Users\\Dell\\AppData\\Roaming\\nvm\\v24.13.0\\node_modules\\npm\\bin\\npm-cli.js',
  npm_lifecycle_event: 'build',
  npm_lifecycle_script: 'next build',
  npm_node_execpath: 'C:\\Program Files\\nodejs\\node.exe',
  npm_package_json: 'D:\\PER\\Tuffani pizza\\tuffani-pizza-frontend\\package.json',
  npm_package_name: 'tufani-pizza-frontend',
  npm_package_version: '0.1.0',
  NUMBER_OF_PROCESSORS: '8',
  NVM_HOME: 'C:\\Users\\Dell\\AppData\\Roaming\\nvm',
  NVM_SYMLINK: 'C:\\Program Files\\nodejs',
  OneDrive: 'C:\\Users\\Dell\\OneDrive',
  ORIGINAL_PATH: 'C:\\Program Files\\Git\\mingw64\\bin;C:\\Program Files\\Git\\usr\\bin;C:\\Users\\Dell\\bin;C:\\Users\\Dell\\AppData\\Roaming\\Code\\User\\globalStorage\\github.copilot-chat\\debugCommand;C:\\Users\\Dell\\AppData\\Roaming\\Code\\User\\globalStorage\\github.copilot-chat\\copilotCli;C:\\Users\\Dell\\AppData\\Local\\Programs\\Microsoft VS Code;E:\\softwares\\App\\dbhomeXE\\bin;D:\\App\\WINDOWS.X64_213000_db_home\\bin;C:\\App\\db_home\\bin;C:\\Windows\\system32;C:\\Windows;C:\\Windows\\System32\\Wbem;C:\\Windows\\System32\\WindowsPowerShell\\v1.0;C:\\Windows\\System32\\OpenSSH;C:\\Program Files (x86)\\NVIDIA Corporation\\PhysX\\Common;C:\\Program Files\\NVIDIA Corporation\\NVIDIA NvDLISR;C:\\Program Files\\Git\\cmd;C:\\Program Files\\Git\\mingw64\\bin;C:\\Program Files\\Git\\usr\\bin;C:\\WINDOWS\\system32;C:\\WINDOWS;C:\\WINDOWS\\System32\\Wbem;C:\\WINDOWS\\System32\\WindowsPowerShell\\v1.0;C:\\WINDOWS\\System32\\OpenSSH;C:\\xampp7.4\\php;C:\\composer;C:\\Users\\Dell\\AppData\\Roaming\\nvm;C:\\Program Files\\nodejs;C:\\Program Files\\Microsoft SQL Server\\150\\Tools\\Binn;C:\\GnuWin32\\bin;C:\\Program Files\\Docker\\Docker\\resources\\bin;C:\\Program Files\\WireGuard;C:\\Users\\Dell\\scoop\\shims;C:\\Users\\Dell\\AppData\\Local\\Programs\\Python\\Python312\\Scripts;C:\\Users\\Dell\\AppData\\Local\\Programs\\Python\\Python312;C:\\Users\\Dell\\AppData\\Local\\Microsoft\\WindowsApps;C:\\Users\\Dell\\AppData\\Local\\Programs\\Microsoft VS Code\\bin;C:\\Program Files (x86)\\mingw-w64\\i686-8.1.0-posix-dwarf-rt_v6-rev0\\mingw32\\bin;C:\\Program Files\\heroku\\bin;C:\\Program Files\\MongoDB\\Server\\4.4\\bin;C:\\Users\\Dell\\AppData\\Roaming\\npm;C:\\Users\\Dell\\AppData\\Roaming\\Composer\\vendor\\bin;C:\\Users\\Dell\\AppData\\Roaming\\nvm;C:\\Program Files\\nodejs;C:\\xampp\\php;C:\\Program Files\\CodeBlocks\\MinGW\\bin;C:\\TDM-GCC-32\\bin;C:\\modeltech64_10.5\\win64;C:\\laragon\\bin\\php\\php-8.1.10-Win32-vs16-x64;C:\\Program Files\\Java\\jdk-22\\bin;C:\\Users\\Dell\\AppData\\Local\\GitHubDesktop\\bin;C:\\Users\\Dell\\AppData\\Local\\Programs\\Antigravity\\bin;C:\\Users\\Dell\\AppData\\Local\\Python\\bin',
  ORIGINAL_TEMP: 'C:/Users/Dell/AppData/Local/Temp',
  ORIGINAL_TMP: 'C:/Users/Dell/AppData/Local/Temp',
  OS: 'Windows_NT',
  PATH: 'D:\\PER\\Tuffani pizza\\tuffani-pizza-frontend\\node_modules\\.bin;D:\\PER\\Tuffani pizza\\node_modules\\.bin;D:\\PER\\node_modules\\.bin;D:\\node_modules\\.bin;C:\\Users\\Dell\\AppData\\Roaming\\nvm\\v24.13.0\\node_modules\\npm\\node_modules\\@npmcli\\run-script\\lib\\node-gyp-bin;C:\\Users\\Dell\\bin;C:\\Program Files\\Git\\mingw64\\bin;C:\\Program Files\\Git\\usr\\local\\bin;C:\\Program Files\\Git\\usr\\bin;C:\\Program Files\\Git\\usr\\bin;C:\\Program Files\\Git\\mingw64\\bin;C:\\Program Files\\Git\\usr\\bin;C:\\Users\\Dell\\bin;C:\\Users\\Dell\\AppData\\Roaming\\Code\\User\\globalStorage\\github.copilot-chat\\debugCommand;C:\\Users\\Dell\\AppData\\Roaming\\Code\\User\\globalStorage\\github.copilot-chat\\copilotCli;C:\\Users\\Dell\\AppData\\Local\\Programs\\Microsoft VS Code;E:\\softwares\\App\\dbhomeXE\\bin;D:\\App\\WINDOWS.X64_213000_db_home\\bin;C:\\App\\db_home\\bin;C:\\Windows\\system32;C:\\Windows;C:\\Windows\\System32\\Wbem;C:\\Windows\\System32\\WindowsPowerShell\\v1.0;C:\\Windows\\System32\\OpenSSH;C:\\Program Files (x86)\\NVIDIA Corporation\\PhysX\\Common;C:\\Program Files\\NVIDIA Corporation\\NVIDIA NvDLISR;C:\\Program Files\\Git\\cmd;C:\\Program Files\\Git\\mingw64\\bin;C:\\Program Files\\Git\\usr\\bin;C:\\WINDOWS\\system32;C:\\WINDOWS;C:\\WINDOWS\\System32\\Wbem;C:\\WINDOWS\\System32\\WindowsPowerShell\\v1.0;C:\\WINDOWS\\System32\\OpenSSH;C:\\xampp7.4\\php;C:\\composer;C:\\Users\\Dell\\AppData\\Roaming\\nvm;C:\\Program Files\\nodejs;C:\\Program Files\\Microsoft SQL Server\\150\\Tools\\Binn;C:\\GnuWin32\\bin;C:\\Program Files\\Docker\\Docker\\resources\\bin;C:\\Program Files\\WireGuard;C:\\Users\\Dell\\scoop\\shims;C:\\Users\\Dell\\AppData\\Local\\Programs\\Python\\Python312\\Scripts;C:\\Users\\Dell\\AppData\\Local\\Programs\\Python\\Python312;C:\\Users\\Dell\\AppData\\Local\\Microsoft\\WindowsApps;C:\\Users\\Dell\\AppData\\Local\\Programs\\Microsoft VS Code\\bin;C:\\Program Files (x86)\\mingw-w64\\i686-8.1.0-posix-dwarf-rt_v6-rev0\\mingw32\\bin;C:\\Program Files\\heroku\\bin;C:\\Program Files\\MongoDB\\Server\\4.4\\bin;C:\\Users\\Dell\\AppData\\Roaming\\npm;C:\\Users\\Dell\\AppData\\Roaming\\Composer\\vendor\\bin;C:\\Users\\Dell\\AppData\\Roaming\\nvm;C:\\Program Files\\nodejs;C:\\xampp\\php;C:\\Program Files\\CodeBlocks\\MinGW\\bin;C:\\TDM-GCC-32\\bin;C:\\modeltech64_10.5\\win64;C:\\laragon\\bin\\php\\php-8.1.10-Win32-vs16-x64;C:\\Program Files\\Java\\jdk-22\\bin;C:\\Users\\Dell\\AppData\\Local\\GitHubDesktop\\bin;C:\\Users\\Dell\\AppData\\Local\\Programs\\Antigravity\\bin;C:\\Users\\Dell\\AppData\\Local\\Python\\bin;C:\\Program Files\\Git\\usr\\bin\\vendor_perl;C:\\Program Files\\Git\\usr\\bin\\core_perl',
  PATHEXT: '.COM;.EXE;.BAT;.CMD;.VBS;.VBE;.JS;.JSE;.WSF;.WSH;.MSC',
  PKG_CONFIG_PATH: 'C:\\Program Files\\Git\\mingw64\\lib\\pkgconfig;C:\\Program Files\\Git\\mingw64\\share\\pkgconfig',
  PLINK_PROTOCOL: 'ssh',
  PROCESSOR_ARCHITECTURE: 'AMD64',
  PROCESSOR_IDENTIFIER: 'Intel64 Family 6 Model 142 Stepping 12, GenuineIntel',
  PROCESSOR_LEVEL: '6',
  PROCESSOR_REVISION: '8e0c',
  ProgramData: 'C:\\ProgramData',
  PROGRAMFILES: 'C:\\Program Files',
  'ProgramFiles(x86)': 'C:\\Program Files (x86)',
  ProgramW6432: 'C:\\Program Files',
  PROMPT: '$P$G',
  PSModulePath: 'C:\\Program Files\\WindowsPowerShell\\Modules;C:\\WINDOWS\\system32\\WindowsPowerShell\\v1.0\\Modules',
  PUBLIC: 'C:\\Users\\Public',
  PWD: 'D:/PER/Tuffani pizza/tuffani-pizza-frontend',
  PYTHONSTARTUP: 'c:\\Users\\Dell\\AppData\\Roaming\\Code\\User\\workspaceStorage\\c889e0ad64719f64916fd1406a77408d\\ms-python.python\\pythonrc.py',
  PYTHON_BASIC_REPL: '1',
  RUST_MIN_STACK: '8388608',
  SESSIONNAME: 'Console',
  SHELL: 'C:\\Program Files\\Git\\usr\\bin\\bash.exe',
  SHLVL: '2',
  SSH_ASKPASS: 'C:/Program Files/Git/mingw64/libexec/git-core/git-gui--askpass',
  SYSTEMDRIVE: 'C:',
  SYSTEMROOT: 'C:\\WINDOWS',
  TEMP: 'C:\\Users\\Dell\\AppData\\Local\\Temp',
  TERM: 'xterm-256color',
  TERM_PROGRAM: 'vscode',
  TERM_PROGRAM_VERSION: '1.112.0',
  TMP: 'C:\\Users\\Dell\\AppData\\Local\\Temp',
  TMPDIR: 'C:\\Users\\Dell\\AppData\\Local\\Temp',
  TURBOPACK: '1',
  USERDOMAIN: 'ABIDADHIKARI',
  USERDOMAIN_ROAMINGPROFILE: 'ABIDADHIKARI',
  USERNAME: 'Dell',
  USERPROFILE: 'C:\\Users\\Dell',
  VSCODE_GIT_ASKPASS_EXTRA_ARGS: '',
  VSCODE_GIT_ASKPASS_MAIN: 'c:\\Users\\Dell\\AppData\\Roaming\\Code\\User\\globalStorage\\vscode.git\\askpass\\493597c785d4c5cb\\askpass-main.js',
  VSCODE_GIT_ASKPASS_NODE: 'C:\\Users\\Dell\\AppData\\Local\\Programs\\Microsoft VS Code\\Code.exe',
  VSCODE_GIT_IPC_HANDLE: '\\\\.\\pipe\\vscode-git-842d2f3413-sock',
  VSCODE_PYTHON_AUTOACTIVATE_GUARD: '1',
  WINDIR: 'C:\\WINDOWS',
  ZES_ENABLE_SYSMAN: '1',
  _: 'C:/Program Files/nodejs/node.exe',
  __NEXT_PROCESSED_ENV: 'true'
}
Initializing API client with base URL: https://api.tufanipizza.com
{
  ACLOCAL_PATH: 'C:\\Program Files\\Git\\mingw64\\share\\aclocal;C:\\Program Files\\Git\\usr\\share\\aclocal',
  ALLUSERSPROFILE: 'C:\\ProgramData',
  APPDATA: 'C:\\Users\\Dell\\AppData\\Roaming',
  BACKEND_URL: 'https://api.tufanipizza.com',
  CHROME_CRASHPAD_PIPE_NAME: '\\\\.\\pipe\\crashpad_8088_DXXFZSWYYXOXSBHI',
  COLOR: '0',
  COLORTERM: 'truecolor',
  COMMONPROGRAMFILES: 'C:\\Program Files\\Common Files',
  'CommonProgramFiles(x86)': 'C:\\Program Files (x86)\\Common Files',
  CommonProgramW6432: 'C:\\Program Files\\Common Files',
  COMPUTERNAME: 'ABIDADHIKARI',
  COMSPEC: 'C:\\WINDOWS\\system32\\cmd.exe',
  CONFIG_SITE: 'C:/Program Files/Git/mingw64/etc/config.site',
  DISPLAY: 'needs-to-be-defined',
  DriverData: 'C:\\Windows\\System32\\Drivers\\DriverData',
  EDITOR: 'C:\\WINDOWS\\notepad.exe',
  EFC_9528_1262719628: '1',
  EFC_9528_1592913036: '1',
  EFC_9528_2283032206: '1',
  EFC_9528_2775293581: '1',
  EFC_9528_3789132940: '1',
  EXEPATH: 'C:\\Program Files\\Git\\bin',
  FPS_BROWSER_APP_PROFILE_STRING: 'Internet Explorer',
  FPS_BROWSER_USER_PROFILE_STRING: 'Default',
  GIT_ASKPASS: 'c:\\Users\\Dell\\AppData\\Roaming\\Code\\User\\globalStorage\\vscode.git\\askpass\\493597c785d4c5cb\\askpass.sh',
  GIT_EDITOR: ':',
  GIT_MERGE_AUTOEDIT: 'no',
  GIT_PAGER: 'cat',
  HISTCONTROL: 'ignorespace',
  HOME: 'C:\\Users\\Dell',
  HOMEDRIVE: 'C:',
  HOMEPATH: '\\Users\\Dell',
  HOSTNAME: 'AbidAdhikari',
  INFOPATH: 'C:\\Program Files\\Git\\usr\\local\\info;C:\\Program Files\\Git\\usr\\share\\info;C:\\Program Files\\Git\\usr\\info;C:\\Program Files\\Git\\share\\info',
  INIT_CWD: 'D:\\PER\\Tuffani pizza\\tuffani-pizza-frontend',
  IS_NEXT_WORKER: 'true',
  LANG: 'en_US.UTF-8',
  LM_LICENSE_FILE: 'C:\\flexlm\\lic_modelsim',
  LOCALAPPDATA: 'C:\\Users\\Dell\\AppData\\Local',
  LOGONSERVER: '\\\\ABIDADHIKARI',
  MANPATH: 'C:\\Program Files\\Git\\mingw64\\local\\man;C:\\Program Files\\Git\\mingw64\\share\\man;C:\\Program Files\\Git\\usr\\local\\man;C:\\Program Files\\Git\\usr\\share\\man;C:\\Program Files\\Git\\usr\\man;C:\\Program Files\\Git\\share\\man',
  MINGW_CHOST: 'x86_64-w64-mingw32',
  MINGW_PACKAGE_PREFIX: 'mingw-w64-x86_64',
  MINGW_PREFIX: 'C:/Program Files/Git/mingw64',
  MSYSTEM: 'MINGW64',
  MSYSTEM_CARCH: 'x86_64',
  MSYSTEM_CHOST: 'x86_64-w64-mingw32',
  MSYSTEM_PREFIX: 'C:/Program Files/Git/mingw64',
  NEXT_DEPLOYMENT_ID: '',
  NEXT_IS_EXPORT_WORKER: 'true',
  NEXT_PHASE: 'phase-production-build',
  NEXT_PUBLIC_BACKEND_URL: 'https://api.tufanipizza.com',
  NEXT_PUBLIC_SITE_URL: 'http://www.tufanipizza.com',
  NEXT_RUNTIME: 'nodejs',
  NODE: 'C:\\Program Files\\nodejs\\node.exe',
  NODE_ENV: 'production',
  NODE_OPTIONS: '',
  npm_command: 'run',
  npm_config_cache: 'C:\\Users\\Dell\\AppData\\Local\\npm-cache',
  npm_config_globalconfig: 'C:\\Program Files\\nodejs\\etc\\npmrc',
  npm_config_global_prefix: 'C:\\Program Files\\nodejs',
  npm_config_init_module: 'C:\\Users\\Dell\\.npm-init.js',
  npm_config_local_prefix: 'D:\\PER\\Tuffani pizza\\tuffani-pizza-frontend',
  npm_config_node_gyp: 'C:\\Users\\Dell\\AppData\\Roaming\\nvm\\v24.13.0\\node_modules\\npm\\node_modules\\node-gyp\\bin\\node-gyp.js',
  npm_config_noproxy: '',
  npm_config_npm_version: '11.6.2',
  npm_config_prefix: 'C:\\Program Files\\nodejs',
  npm_config_userconfig: 'C:\\Users\\Dell\\.npmrc',
  npm_config_user_agent: 'npm/11.6.2 node/v24.13.0 win32 x64 workspaces/false',
  npm_execpath: 'C:\\Users\\Dell\\AppData\\Roaming\\nvm\\v24.13.0\\node_modules\\npm\\bin\\npm-cli.js',
  npm_lifecycle_event: 'build',
  npm_lifecycle_script: 'next build',
  npm_node_execpath: 'C:\\Program Files\\nodejs\\node.exe',
  npm_package_json: 'D:\\PER\\Tuffani pizza\\tuffani-pizza-frontend\\package.json',
  npm_package_name: 'tufani-pizza-frontend',
  npm_package_version: '0.1.0',
  NUMBER_OF_PROCESSORS: '8',
  NVM_HOME: 'C:\\Users\\Dell\\AppData\\Roaming\\nvm',
  NVM_SYMLINK: 'C:\\Program Files\\nodejs',
  OneDrive: 'C:\\Users\\Dell\\OneDrive',
  ORIGINAL_PATH: 'C:\\Program Files\\Git\\mingw64\\bin;C:\\Program Files\\Git\\usr\\bin;C:\\Users\\Dell\\bin;C:\\Users\\Dell\\AppData\\Roaming\\Code\\User\\globalStorage\\github.copilot-chat\\debugCommand;C:\\Users\\Dell\\AppData\\Roaming\\Code\\User\\globalStorage\\github.copilot-chat\\copilotCli;C:\\Users\\Dell\\AppData\\Local\\Programs\\Microsoft VS Code;E:\\softwares\\App\\dbhomeXE\\bin;D:\\App\\WINDOWS.X64_213000_db_home\\bin;C:\\App\\db_home\\bin;C:\\Windows\\system32;C:\\Windows;C:\\Windows\\System32\\Wbem;C:\\Windows\\System32\\WindowsPowerShell\\v1.0;C:\\Windows\\System32\\OpenSSH;C:\\Program Files (x86)\\NVIDIA Corporation\\PhysX\\Common;C:\\Program Files\\NVIDIA Corporation\\NVIDIA NvDLISR;C:\\Program Files\\Git\\cmd;C:\\Program Files\\Git\\mingw64\\bin;C:\\Program Files\\Git\\usr\\bin;C:\\WINDOWS\\system32;C:\\WINDOWS;C:\\WINDOWS\\System32\\Wbem;C:\\WINDOWS\\System32\\WindowsPowerShell\\v1.0;C:\\WINDOWS\\System32\\OpenSSH;C:\\xampp7.4\\php;C:\\composer;C:\\Users\\Dell\\AppData\\Roaming\\nvm;C:\\Program Files\\nodejs;C:\\Program Files\\Microsoft SQL Server\\150\\Tools\\Binn;C:\\GnuWin32\\bin;C:\\Program Files\\Docker\\Docker\\resources\\bin;C:\\Program Files\\WireGuard;C:\\Users\\Dell\\scoop\\shims;C:\\Users\\Dell\\AppData\\Local\\Programs\\Python\\Python312\\Scripts;C:\\Users\\Dell\\AppData\\Local\\Programs\\Python\\Python312;C:\\Users\\Dell\\AppData\\Local\\Microsoft\\WindowsApps;C:\\Users\\Dell\\AppData\\Local\\Programs\\Microsoft VS Code\\bin;C:\\Program Files (x86)\\mingw-w64\\i686-8.1.0-posix-dwarf-rt_v6-rev0\\mingw32\\bin;C:\\Program Files\\heroku\\bin;C:\\Program Files\\MongoDB\\Server\\4.4\\bin;C:\\Users\\Dell\\AppData\\Roaming\\npm;C:\\Users\\Dell\\AppData\\Roaming\\Composer\\vendor\\bin;C:\\Users\\Dell\\AppData\\Roaming\\nvm;C:\\Program Files\\nodejs;C:\\xampp\\php;C:\\Program Files\\CodeBlocks\\MinGW\\bin;C:\\TDM-GCC-32\\bin;C:\\modeltech64_10.5\\win64;C:\\laragon\\bin\\php\\php-8.1.10-Win32-vs16-x64;C:\\Program Files\\Java\\jdk-22\\bin;C:\\Users\\Dell\\AppData\\Local\\GitHubDesktop\\bin;C:\\Users\\Dell\\AppData\\Local\\Programs\\Antigravity\\bin;C:\\Users\\Dell\\AppData\\Local\\Python\\bin',
  ORIGINAL_TEMP: 'C:/Users/Dell/AppData/Local/Temp',
  ORIGINAL_TMP: 'C:/Users/Dell/AppData/Local/Temp',
  OS: 'Windows_NT',
  PATH: 'D:\\PER\\Tuffani pizza\\tuffani-pizza-frontend\\node_modules\\.bin;D:\\PER\\Tuffani pizza\\node_modules\\.bin;D:\\PER\\node_modules\\.bin;D:\\node_modules\\.bin;C:\\Users\\Dell\\AppData\\Roaming\\nvm\\v24.13.0\\node_modules\\npm\\node_modules\\@npmcli\\run-script\\lib\\node-gyp-bin;C:\\Users\\Dell\\bin;C:\\Program Files\\Git\\mingw64\\bin;C:\\Program Files\\Git\\usr\\local\\bin;C:\\Program Files\\Git\\usr\\bin;C:\\Program Files\\Git\\usr\\bin;C:\\Program Files\\Git\\mingw64\\bin;C:\\Program Files\\Git\\usr\\bin;C:\\Users\\Dell\\bin;C:\\Users\\Dell\\AppData\\Roaming\\Code\\User\\globalStorage\\github.copilot-chat\\debugCommand;C:\\Users\\Dell\\AppData\\Roaming\\Code\\User\\globalStorage\\github.copilot-chat\\copilotCli;C:\\Users\\Dell\\AppData\\Local\\Programs\\Microsoft VS Code;E:\\softwares\\App\\dbhomeXE\\bin;D:\\App\\WINDOWS.X64_213000_db_home\\bin;C:\\App\\db_home\\bin;C:\\Windows\\system32;C:\\Windows;C:\\Windows\\System32\\Wbem;C:\\Windows\\System32\\WindowsPowerShell\\v1.0;C:\\Windows\\System32\\OpenSSH;C:\\Program Files (x86)\\NVIDIA Corporation\\PhysX\\Common;C:\\Program Files\\NVIDIA Corporation\\NVIDIA NvDLISR;C:\\Program Files\\Git\\cmd;C:\\Program Files\\Git\\mingw64\\bin;C:\\Program Files\\Git\\usr\\bin;C:\\WINDOWS\\system32;C:\\WINDOWS;C:\\WINDOWS\\System32\\Wbem;C:\\WINDOWS\\System32\\WindowsPowerShell\\v1.0;C:\\WINDOWS\\System32\\OpenSSH;C:\\xampp7.4\\php;C:\\composer;C:\\Users\\Dell\\AppData\\Roaming\\nvm;C:\\Program Files\\nodejs;C:\\Program Files\\Microsoft SQL Server\\150\\Tools\\Binn;C:\\GnuWin32\\bin;C:\\Program Files\\Docker\\Docker\\resources\\bin;C:\\Program Files\\WireGuard;C:\\Users\\Dell\\scoop\\shims;C:\\Users\\Dell\\AppData\\Local\\Programs\\Python\\Python312\\Scripts;C:\\Users\\Dell\\AppData\\Local\\Programs\\Python\\Python312;C:\\Users\\Dell\\AppData\\Local\\Microsoft\\WindowsApps;C:\\Users\\Dell\\AppData\\Local\\Programs\\Microsoft VS Code\\bin;C:\\Program Files (x86)\\mingw-w64\\i686-8.1.0-posix-dwarf-rt_v6-rev0\\mingw32\\bin;C:\\Program Files\\heroku\\bin;C:\\Program Files\\MongoDB\\Server\\4.4\\bin;C:\\Users\\Dell\\AppData\\Roaming\\npm;C:\\Users\\Dell\\AppData\\Roaming\\Composer\\vendor\\bin;C:\\Users\\Dell\\AppData\\Roaming\\nvm;C:\\Program Files\\nodejs;C:\\xampp\\php;C:\\Program Files\\CodeBlocks\\MinGW\\bin;C:\\TDM-GCC-32\\bin;C:\\modeltech64_10.5\\win64;C:\\laragon\\bin\\php\\php-8.1.10-Win32-vs16-x64;C:\\Program Files\\Java\\jdk-22\\bin;C:\\Users\\Dell\\AppData\\Local\\GitHubDesktop\\bin;C:\\Users\\Dell\\AppData\\Local\\Programs\\Antigravity\\bin;C:\\Users\\Dell\\AppData\\Local\\Python\\bin;C:\\Program Files\\Git\\usr\\bin\\vendor_perl;C:\\Program Files\\Git\\usr\\bin\\core_perl',
  PATHEXT: '.COM;.EXE;.BAT;.CMD;.VBS;.VBE;.JS;.JSE;.WSF;.WSH;.MSC',
  PKG_CONFIG_PATH: 'C:\\Program Files\\Git\\mingw64\\lib\\pkgconfig;C:\\Program Files\\Git\\mingw64\\share\\pkgconfig',
  PLINK_PROTOCOL: 'ssh',
  PROCESSOR_ARCHITECTURE: 'AMD64',
  PROCESSOR_IDENTIFIER: 'Intel64 Family 6 Model 142 Stepping 12, GenuineIntel',
  PROCESSOR_LEVEL: '6',
  PROCESSOR_REVISION: '8e0c',
  ProgramData: 'C:\\ProgramData',
  PROGRAMFILES: 'C:\\Program Files',
  'ProgramFiles(x86)': 'C:\\Program Files (x86)',
  ProgramW6432: 'C:\\Program Files',
  PROMPT: '$P$G',
  PSModulePath: 'C:\\Program Files\\WindowsPowerShell\\Modules;C:\\WINDOWS\\system32\\WindowsPowerShell\\v1.0\\Modules',
  PUBLIC: 'C:\\Users\\Public',
  PWD: 'D:/PER/Tuffani pizza/tuffani-pizza-frontend',
  PYTHONSTARTUP: 'c:\\Users\\Dell\\AppData\\Roaming\\Code\\User\\workspaceStorage\\c889e0ad64719f64916fd1406a77408d\\ms-python.python\\pythonrc.py',
  PYTHON_BASIC_REPL: '1',
  RUST_MIN_STACK: '8388608',
  SESSIONNAME: 'Console',
  SHELL: 'C:\\Program Files\\Git\\usr\\bin\\bash.exe',
  SHLVL: '2',
  SSH_ASKPASS: 'C:/Program Files/Git/mingw64/libexec/git-core/git-gui--askpass',
  SYSTEMDRIVE: 'C:',
  SYSTEMROOT: 'C:\\WINDOWS',
  TEMP: 'C:\\Users\\Dell\\AppData\\Local\\Temp',
  TERM: 'xterm-256color',
  TERM_PROGRAM: 'vscode',
  TERM_PROGRAM_VERSION: '1.112.0',
  TMP: 'C:\\Users\\Dell\\AppData\\Local\\Temp',
  TMPDIR: 'C:\\Users\\Dell\\AppData\\Local\\Temp',
  TURBOPACK: '1',
  USERDOMAIN: 'ABIDADHIKARI',
  USERDOMAIN_ROAMINGPROFILE: 'ABIDADHIKARI',
  USERNAME: 'Dell',
  USERPROFILE: 'C:\\Users\\Dell',
  VSCODE_GIT_ASKPASS_EXTRA_ARGS: '',
  VSCODE_GIT_ASKPASS_MAIN: 'c:\\Users\\Dell\\AppData\\Roaming\\Code\\User\\globalStorage\\vscode.git\\askpass\\493597c785d4c5cb\\askpass-main.js',
  VSCODE_GIT_ASKPASS_NODE: 'C:\\Users\\Dell\\AppData\\Local\\Programs\\Microsoft VS Code\\Code.exe',
  VSCODE_GIT_IPC_HANDLE: '\\\\.\\pipe\\vscode-git-842d2f3413-sock',
  VSCODE_PYTHON_AUTOACTIVATE_GUARD: '1',
  WINDIR: 'C:\\WINDOWS',
  ZES_ENABLE_SYSMAN: '1',
  _: 'C:/Program Files/nodejs/node.exe',
  __NEXT_PROCESSED_ENV: 'true'
}
{
  ACLOCAL_PATH: 'C:\\Program Files\\Git\\mingw64\\share\\aclocal;C:\\Program Files\\Git\\usr\\share\\aclocal',
  ALLUSERSPROFILE: 'C:\\ProgramData',
  APPDATA: 'C:\\Users\\Dell\\AppData\\Roaming',
  BACKEND_URL: 'https://api.tufanipizza.com',
  CHROME_CRASHPAD_PIPE_NAME: '\\\\.\\pipe\\crashpad_8088_DXXFZSWYYXOXSBHI',
  COLOR: '0',
  COLORTERM: 'truecolor',
  COMMONPROGRAMFILES: 'C:\\Program Files\\Common Files',
  'CommonProgramFiles(x86)': 'C:\\Program Files (x86)\\Common Files',
  CommonProgramW6432: 'C:\\Program Files\\Common Files',
  COMPUTERNAME: 'ABIDADHIKARI',
  COMSPEC: 'C:\\WINDOWS\\system32\\cmd.exe',
  CONFIG_SITE: 'C:/Program Files/Git/mingw64/etc/config.site',
  DISPLAY: 'needs-to-be-defined',
  DriverData: 'C:\\Windows\\System32\\Drivers\\DriverData',
  EDITOR: 'C:\\WINDOWS\\notepad.exe',
  EFC_9528_1262719628: '1',
  EFC_9528_1592913036: '1',
  EFC_9528_2283032206: '1',
  EFC_9528_2775293581: '1',
  EFC_9528_3789132940: '1',
  EXEPATH: 'C:\\Program Files\\Git\\bin',
  FPS_BROWSER_APP_PROFILE_STRING: 'Internet Explorer',
  FPS_BROWSER_USER_PROFILE_STRING: 'Default',
  GIT_ASKPASS: 'c:\\Users\\Dell\\AppData\\Roaming\\Code\\User\\globalStorage\\vscode.git\\askpass\\493597c785d4c5cb\\askpass.sh',
  GIT_EDITOR: ':',
  GIT_MERGE_AUTOEDIT: 'no',
  GIT_PAGER: 'cat',
  HISTCONTROL: 'ignorespace',
  HOME: 'C:\\Users\\Dell',
  HOMEDRIVE: 'C:',
  HOMEPATH: '\\Users\\Dell',
  HOSTNAME: 'AbidAdhikari',
  INFOPATH: 'C:\\Program Files\\Git\\usr\\local\\info;C:\\Program Files\\Git\\usr\\share\\info;C:\\Program Files\\Git\\usr\\info;C:\\Program Files\\Git\\share\\info',
  INIT_CWD: 'D:\\PER\\Tuffani pizza\\tuffani-pizza-frontend',
  IS_NEXT_WORKER: 'true',
  LANG: 'en_US.UTF-8',
  LM_LICENSE_FILE: 'C:\\flexlm\\lic_modelsim',
  LOCALAPPDATA: 'C:\\Users\\Dell\\AppData\\Local',
  LOGONSERVER: '\\\\ABIDADHIKARI',
  MANPATH: 'C:\\Program Files\\Git\\mingw64\\local\\man;C:\\Program Files\\Git\\mingw64\\share\\man;C:\\Program Files\\Git\\usr\\local\\man;C:\\Program Files\\Git\\usr\\share\\man;C:\\Program Files\\Git\\usr\\man;C:\\Program Files\\Git\\share\\man',
  MINGW_CHOST: 'x86_64-w64-mingw32',
  MINGW_PACKAGE_PREFIX: 'mingw-w64-x86_64',
  MINGW_PREFIX: 'C:/Program Files/Git/mingw64',
  MSYSTEM: 'MINGW64',
  MSYSTEM_CARCH: 'x86_64',
  MSYSTEM_CHOST: 'x86_64-w64-mingw32',
  MSYSTEM_PREFIX: 'C:/Program Files/Git/mingw64',
  NEXT_DEPLOYMENT_ID: '',
  NEXT_IS_EXPORT_WORKER: 'true',
  NEXT_PHASE: 'phase-production-build',
  NEXT_PUBLIC_BACKEND_URL: 'https://api.tufanipizza.com',
  NEXT_PUBLIC_SITE_URL: 'http://www.tufanipizza.com',
  NEXT_RUNTIME: 'nodejs',
  NODE: 'C:\\Program Files\\nodejs\\node.exe',
  NODE_ENV: 'production',
  NODE_OPTIONS: '',
  npm_command: 'run',
  npm_config_cache: 'C:\\Users\\Dell\\AppData\\Local\\npm-cache',
  npm_config_globalconfig: 'C:\\Program Files\\nodejs\\etc\\npmrc',
  npm_config_global_prefix: 'C:\\Program Files\\nodejs',
  npm_config_init_module: 'C:\\Users\\Dell\\.npm-init.js',
  npm_config_local_prefix: 'D:\\PER\\Tuffani pizza\\tuffani-pizza-frontend',
  npm_config_node_gyp: 'C:\\Users\\Dell\\AppData\\Roaming\\nvm\\v24.13.0\\node_modules\\npm\\node_modules\\node-gyp\\bin\\node-gyp.js',
  npm_config_noproxy: '',
  npm_config_npm_version: '11.6.2',
  npm_config_prefix: 'C:\\Program Files\\nodejs',
  npm_config_userconfig: 'C:\\Users\\Dell\\.npmrc',
  npm_config_user_agent: 'npm/11.6.2 node/v24.13.0 win32 x64 workspaces/false',
  npm_execpath: 'C:\\Users\\Dell\\AppData\\Roaming\\nvm\\v24.13.0\\node_modules\\npm\\bin\\npm-cli.js',
  npm_lifecycle_event: 'build',
  npm_lifecycle_script: 'next build',
  npm_node_execpath: 'C:\\Program Files\\nodejs\\node.exe',
  npm_package_json: 'D:\\PER\\Tuffani pizza\\tuffani-pizza-frontend\\package.json',
  npm_package_name: 'tufani-pizza-frontend',
  npm_package_version: '0.1.0',
  NUMBER_OF_PROCESSORS: '8',
  NVM_HOME: 'C:\\Users\\Dell\\AppData\\Roaming\\nvm',
  NVM_SYMLINK: 'C:\\Program Files\\nodejs',
  OneDrive: 'C:\\Users\\Dell\\OneDrive',
  ORIGINAL_PATH: 'C:\\Program Files\\Git\\mingw64\\bin;C:\\Program Files\\Git\\usr\\bin;C:\\Users\\Dell\\bin;C:\\Users\\Dell\\AppData\\Roaming\\Code\\User\\globalStorage\\github.copilot-chat\\debugCommand;C:\\Users\\Dell\\AppData\\Roaming\\Code\\User\\globalStorage\\github.copilot-chat\\copilotCli;C:\\Users\\Dell\\AppData\\Local\\Programs\\Microsoft VS Code;E:\\softwares\\App\\dbhomeXE\\bin;D:\\App\\WINDOWS.X64_213000_db_home\\bin;C:\\App\\db_home\\bin;C:\\Windows\\system32;C:\\Windows;C:\\Windows\\System32\\Wbem;C:\\Windows\\System32\\WindowsPowerShell\\v1.0;C:\\Windows\\System32\\OpenSSH;C:\\Program Files (x86)\\NVIDIA Corporation\\PhysX\\Common;C:\\Program Files\\NVIDIA Corporation\\NVIDIA NvDLISR;C:\\Program Files\\Git\\cmd;C:\\Program Files\\Git\\mingw64\\bin;C:\\Program Files\\Git\\usr\\bin;C:\\WINDOWS\\system32;C:\\WINDOWS;C:\\WINDOWS\\System32\\Wbem;C:\\WINDOWS\\System32\\WindowsPowerShell\\v1.0;C:\\WINDOWS\\System32\\OpenSSH;C:\\xampp7.4\\php;C:\\composer;C:\\Users\\Dell\\AppData\\Roaming\\nvm;C:\\Program Files\\nodejs;C:\\Program Files\\Microsoft SQL Server\\150\\Tools\\Binn;C:\\GnuWin32\\bin;C:\\Program Files\\Docker\\Docker\\resources\\bin;C:\\Program Files\\WireGuard;C:\\Users\\Dell\\scoop\\shims;C:\\Users\\Dell\\AppData\\Local\\Programs\\Python\\Python312\\Scripts;C:\\Users\\Dell\\AppData\\Local\\Programs\\Python\\Python312;C:\\Users\\Dell\\AppData\\Local\\Microsoft\\WindowsApps;C:\\Users\\Dell\\AppData\\Local\\Programs\\Microsoft VS Code\\bin;C:\\Program Files (x86)\\mingw-w64\\i686-8.1.0-posix-dwarf-rt_v6-rev0\\mingw32\\bin;C:\\Program Files\\heroku\\bin;C:\\Program Files\\MongoDB\\Server\\4.4\\bin;C:\\Users\\Dell\\AppData\\Roaming\\npm;C:\\Users\\Dell\\AppData\\Roaming\\Composer\\vendor\\bin;C:\\Users\\Dell\\AppData\\Roaming\\nvm;C:\\Program Files\\nodejs;C:\\xampp\\php;C:\\Program Files\\CodeBlocks\\MinGW\\bin;C:\\TDM-GCC-32\\bin;C:\\modeltech64_10.5\\win64;C:\\laragon\\bin\\php\\php-8.1.10-Win32-vs16-x64;C:\\Program Files\\Java\\jdk-22\\bin;C:\\Users\\Dell\\AppData\\Local\\GitHubDesktop\\bin;C:\\Users\\Dell\\AppData\\Local\\Programs\\Antigravity\\bin;C:\\Users\\Dell\\AppData\\Local\\Python\\bin',
  ORIGINAL_TEMP: 'C:/Users/Dell/AppData/Local/Temp',
  ORIGINAL_TMP: 'C:/Users/Dell/AppData/Local/Temp',
  OS: 'Windows_NT',
  PATH: 'D:\\PER\\Tuffani pizza\\tuffani-pizza-frontend\\node_modules\\.bin;D:\\PER\\Tuffani pizza\\node_modules\\.bin;D:\\PER\\node_modules\\.bin;D:\\node_modules\\.bin;C:\\Users\\Dell\\AppData\\Roaming\\nvm\\v24.13.0\\node_modules\\npm\\node_modules\\@npmcli\\run-script\\lib\\node-gyp-bin;C:\\Users\\Dell\\bin;C:\\Program Files\\Git\\mingw64\\bin;C:\\Program Files\\Git\\usr\\local\\bin;C:\\Program Files\\Git\\usr\\bin;C:\\Program Files\\Git\\usr\\bin;C:\\Program Files\\Git\\mingw64\\bin;C:\\Program Files\\Git\\usr\\bin;C:\\Users\\Dell\\bin;C:\\Users\\Dell\\AppData\\Roaming\\Code\\User\\globalStorage\\github.copilot-chat\\debugCommand;C:\\Users\\Dell\\AppData\\Roaming\\Code\\User\\globalStorage\\github.copilot-chat\\copilotCli;C:\\Users\\Dell\\AppData\\Local\\Programs\\Microsoft VS Code;E:\\softwares\\App\\dbhomeXE\\bin;D:\\App\\WINDOWS.X64_213000_db_home\\bin;C:\\App\\db_home\\bin;C:\\Windows\\system32;C:\\Windows;C:\\Windows\\System32\\Wbem;C:\\Windows\\System32\\WindowsPowerShell\\v1.0;C:\\Windows\\System32\\OpenSSH;C:\\Program Files (x86)\\NVIDIA Corporation\\PhysX\\Common;C:\\Program Files\\NVIDIA Corporation\\NVIDIA NvDLISR;C:\\Program Files\\Git\\cmd;C:\\Program Files\\Git\\mingw64\\bin;C:\\Program Files\\Git\\usr\\bin;C:\\WINDOWS\\system32;C:\\WINDOWS;C:\\WINDOWS\\System32\\Wbem;C:\\WINDOWS\\System32\\WindowsPowerShell\\v1.0;C:\\WINDOWS\\System32\\OpenSSH;C:\\xampp7.4\\php;C:\\composer;C:\\Users\\Dell\\AppData\\Roaming\\nvm;C:\\Program Files\\nodejs;C:\\Program Files\\Microsoft SQL Server\\150\\Tools\\Binn;C:\\GnuWin32\\bin;C:\\Program Files\\Docker\\Docker\\resources\\bin;C:\\Program Files\\WireGuard;C:\\Users\\Dell\\scoop\\shims;C:\\Users\\Dell\\AppData\\Local\\Programs\\Python\\Python312\\Scripts;C:\\Users\\Dell\\AppData\\Local\\Programs\\Python\\Python312;C:\\Users\\Dell\\AppData\\Local\\Microsoft\\WindowsApps;C:\\Users\\Dell\\AppData\\Local\\Programs\\Microsoft VS Code\\bin;C:\\Program Files (x86)\\mingw-w64\\i686-8.1.0-posix-dwarf-rt_v6-rev0\\mingw32\\bin;C:\\Program Files\\heroku\\bin;C:\\Program Files\\MongoDB\\Server\\4.4\\bin;C:\\Users\\Dell\\AppData\\Roaming\\npm;C:\\Users\\Dell\\AppData\\Roaming\\Composer\\vendor\\bin;C:\\Users\\Dell\\AppData\\Roaming\\nvm;C:\\Program Files\\nodejs;C:\\xampp\\php;C:\\Program Files\\CodeBlocks\\MinGW\\bin;C:\\TDM-GCC-32\\bin;C:\\modeltech64_10.5\\win64;C:\\laragon\\bin\\php\\php-8.1.10-Win32-vs16-x64;C:\\Program Files\\Java\\jdk-22\\bin;C:\\Users\\Dell\\AppData\\Local\\GitHubDesktop\\bin;C:\\Users\\Dell\\AppData\\Local\\Programs\\Antigravity\\bin;C:\\Users\\Dell\\AppData\\Local\\Python\\bin;C:\\Program Files\\Git\\usr\\bin\\vendor_perl;C:\\Program Files\\Git\\usr\\bin\\core_perl',
  PATHEXT: '.COM;.EXE;.BAT;.CMD;.VBS;.VBE;.JS;.JSE;.WSF;.WSH;.MSC',
  PKG_CONFIG_PATH: 'C:\\Program Files\\Git\\mingw64\\lib\\pkgconfig;C:\\Program Files\\Git\\mingw64\\share\\pkgconfig',
  PLINK_PROTOCOL: 'ssh',
  PROCESSOR_ARCHITECTURE: 'AMD64',
  PROCESSOR_IDENTIFIER: 'Intel64 Family 6 Model 142 Stepping 12, GenuineIntel',
  PROCESSOR_LEVEL: '6',
  PROCESSOR_REVISION: '8e0c',
  ProgramData: 'C:\\ProgramData',
  PROGRAMFILES: 'C:\\Program Files',
  'ProgramFiles(x86)': 'C:\\Program Files (x86)',
  ProgramW6432: 'C:\\Program Files',
  PROMPT: '$P$G',
  PSModulePath: 'C:\\Program Files\\WindowsPowerShell\\Modules;C:\\WINDOWS\\system32\\WindowsPowerShell\\v1.0\\Modules',
  PUBLIC: 'C:\\Users\\Public',
  PWD: 'D:/PER/Tuffani pizza/tuffani-pizza-frontend',
  PYTHONSTARTUP: 'c:\\Users\\Dell\\AppData\\Roaming\\Code\\User\\workspaceStorage\\c889e0ad64719f64916fd1406a77408d\\ms-python.python\\pythonrc.py',
  PYTHON_BASIC_REPL: '1',
  RUST_MIN_STACK: '8388608',
  SESSIONNAME: 'Console',
  SHELL: 'C:\\Program Files\\Git\\usr\\bin\\bash.exe',
  SHLVL: '2',
  SSH_ASKPASS: 'C:/Program Files/Git/mingw64/libexec/git-core/git-gui--askpass',
  SYSTEMDRIVE: 'C:',
  SYSTEMROOT: 'C:\\WINDOWS',
  TEMP: 'C:\\Users\\Dell\\AppData\\Local\\Temp',
  TERM: 'xterm-256color',
  TERM_PROGRAM: 'vscode',
  TERM_PROGRAM_VERSION: '1.112.0',
  TMP: 'C:\\Users\\Dell\\AppData\\Local\\Temp',
  TMPDIR: 'C:\\Users\\Dell\\AppData\\Local\\Temp',
  TURBOPACK: '1',
  USERDOMAIN: 'ABIDADHIKARI',
  USERDOMAIN_ROAMINGPROFILE: 'ABIDADHIKARI',
  USERNAME: 'Dell',
  USERPROFILE: 'C:\\Users\\Dell',
  VSCODE_GIT_ASKPASS_EXTRA_ARGS: '',
  VSCODE_GIT_ASKPASS_MAIN: 'c:\\Users\\Dell\\AppData\\Roaming\\Code\\User\\globalStorage\\vscode.git\\askpass\\493597c785d4c5cb\\askpass-main.js',
  VSCODE_GIT_ASKPASS_NODE: 'C:\\Users\\Dell\\AppData\\Local\\Programs\\Microsoft VS Code\\Code.exe',
  VSCODE_GIT_IPC_HANDLE: '\\\\.\\pipe\\vscode-git-842d2f3413-sock',
  VSCODE_PYTHON_AUTOACTIVATE_GUARD: '1',
  WINDIR: 'C:\\WINDOWS',
  ZES_ENABLE_SYSMAN: '1',
  _: 'C:/Program Files/nodejs/node.exe',
  __NEXT_PROCESSED_ENV: 'true'
}
{
  ACLOCAL_PATH: 'C:\\Program Files\\Git\\mingw64\\share\\aclocal;C:\\Program Files\\Git\\usr\\share\\aclocal',
  ALLUSERSPROFILE: 'C:\\ProgramData',
  APPDATA: 'C:\\Users\\Dell\\AppData\\Roaming',
  BACKEND_URL: 'https://api.tufanipizza.com',
  CHROME_CRASHPAD_PIPE_NAME: '\\\\.\\pipe\\crashpad_8088_DXXFZSWYYXOXSBHI',
  COLOR: '0',
  COLORTERM: 'truecolor',
  COMMONPROGRAMFILES: 'C:\\Program Files\\Common Files',
  'CommonProgramFiles(x86)': 'C:\\Program Files (x86)\\Common Files',
  CommonProgramW6432: 'C:\\Program Files\\Common Files',
  COMPUTERNAME: 'ABIDADHIKARI',
  COMSPEC: 'C:\\WINDOWS\\system32\\cmd.exe',
  CONFIG_SITE: 'C:/Program Files/Git/mingw64/etc/config.site',
  DISPLAY: 'needs-to-be-defined',
  DriverData: 'C:\\Windows\\System32\\Drivers\\DriverData',
  EDITOR: 'C:\\WINDOWS\\notepad.exe',
  EFC_9528_1262719628: '1',
  EFC_9528_1592913036: '1',
  EFC_9528_2283032206: '1',
  EFC_9528_2775293581: '1',
  EFC_9528_3789132940: '1',
  EXEPATH: 'C:\\Program Files\\Git\\bin',
  FPS_BROWSER_APP_PROFILE_STRING: 'Internet Explorer',
  FPS_BROWSER_USER_PROFILE_STRING: 'Default',
  GIT_ASKPASS: 'c:\\Users\\Dell\\AppData\\Roaming\\Code\\User\\globalStorage\\vscode.git\\askpass\\493597c785d4c5cb\\askpass.sh',
  GIT_EDITOR: ':',
  GIT_MERGE_AUTOEDIT: 'no',
  GIT_PAGER: 'cat',
  HISTCONTROL: 'ignorespace',
  HOME: 'C:\\Users\\Dell',
  HOMEDRIVE: 'C:',
  HOMEPATH: '\\Users\\Dell',
  HOSTNAME: 'AbidAdhikari',
  INFOPATH: 'C:\\Program Files\\Git\\usr\\local\\info;C:\\Program Files\\Git\\usr\\share\\info;C:\\Program Files\\Git\\usr\\info;C:\\Program Files\\Git\\share\\info',
  INIT_CWD: 'D:\\PER\\Tuffani pizza\\tuffani-pizza-frontend',
  IS_NEXT_WORKER: 'true',
  LANG: 'en_US.UTF-8',
  LM_LICENSE_FILE: 'C:\\flexlm\\lic_modelsim',
  LOCALAPPDATA: 'C:\\Users\\Dell\\AppData\\Local',
  LOGONSERVER: '\\\\ABIDADHIKARI',
  MANPATH: 'C:\\Program Files\\Git\\mingw64\\local\\man;C:\\Program Files\\Git\\mingw64\\share\\man;C:\\Program Files\\Git\\usr\\local\\man;C:\\Program Files\\Git\\usr\\share\\man;C:\\Program Files\\Git\\usr\\man;C:\\Program Files\\Git\\share\\man',
  MINGW_CHOST: 'x86_64-w64-mingw32',
  MINGW_PACKAGE_PREFIX: 'mingw-w64-x86_64',
  MINGW_PREFIX: 'C:/Program Files/Git/mingw64',
  MSYSTEM: 'MINGW64',
  MSYSTEM_CARCH: 'x86_64',
  MSYSTEM_CHOST: 'x86_64-w64-mingw32',
  MSYSTEM_PREFIX: 'C:/Program Files/Git/mingw64',
  NEXT_DEPLOYMENT_ID: '',
  NEXT_IS_EXPORT_WORKER: 'true',
  NEXT_PHASE: 'phase-production-build',
  NEXT_PUBLIC_BACKEND_URL: 'https://api.tufanipizza.com',
  NEXT_PUBLIC_SITE_URL: 'http://www.tufanipizza.com',
  NEXT_RUNTIME: 'nodejs',
  NODE: 'C:\\Program Files\\nodejs\\node.exe',
  NODE_ENV: 'production',
  NODE_OPTIONS: '',
  npm_command: 'run',
  npm_config_cache: 'C:\\Users\\Dell\\AppData\\Local\\npm-cache',
  npm_config_globalconfig: 'C:\\Program Files\\nodejs\\etc\\npmrc',
  npm_config_global_prefix: 'C:\\Program Files\\nodejs',
  npm_config_init_module: 'C:\\Users\\Dell\\.npm-init.js',
  npm_config_local_prefix: 'D:\\PER\\Tuffani pizza\\tuffani-pizza-frontend',
  npm_config_node_gyp: 'C:\\Users\\Dell\\AppData\\Roaming\\nvm\\v24.13.0\\node_modules\\npm\\node_modules\\node-gyp\\bin\\node-gyp.js',
  npm_config_noproxy: '',
  npm_config_npm_version: '11.6.2',
  npm_config_prefix: 'C:\\Program Files\\nodejs',
  npm_config_userconfig: 'C:\\Users\\Dell\\.npmrc',
  npm_config_user_agent: 'npm/11.6.2 node/v24.13.0 win32 x64 workspaces/false',
  npm_execpath: 'C:\\Users\\Dell\\AppData\\Roaming\\nvm\\v24.13.0\\node_modules\\npm\\bin\\npm-cli.js',
  npm_lifecycle_event: 'build',
  npm_lifecycle_script: 'next build',
  npm_node_execpath: 'C:\\Program Files\\nodejs\\node.exe',
  npm_package_json: 'D:\\PER\\Tuffani pizza\\tuffani-pizza-frontend\\package.json',
  npm_package_name: 'tufani-pizza-frontend',
  npm_package_version: '0.1.0',
  NUMBER_OF_PROCESSORS: '8',
  NVM_HOME: 'C:\\Users\\Dell\\AppData\\Roaming\\nvm',
  NVM_SYMLINK: 'C:\\Program Files\\nodejs',
  OneDrive: 'C:\\Users\\Dell\\OneDrive',
  ORIGINAL_PATH: 'C:\\Program Files\\Git\\mingw64\\bin;C:\\Program Files\\Git\\usr\\bin;C:\\Users\\Dell\\bin;C:\\Users\\Dell\\AppData\\Roaming\\Code\\User\\globalStorage\\github.copilot-chat\\debugCommand;C:\\Users\\Dell\\AppData\\Roaming\\Code\\User\\globalStorage\\github.copilot-chat\\copilotCli;C:\\Users\\Dell\\AppData\\Local\\Programs\\Microsoft VS Code;E:\\softwares\\App\\dbhomeXE\\bin;D:\\App\\WINDOWS.X64_213000_db_home\\bin;C:\\App\\db_home\\bin;C:\\Windows\\system32;C:\\Windows;C:\\Windows\\System32\\Wbem;C:\\Windows\\System32\\WindowsPowerShell\\v1.0;C:\\Windows\\System32\\OpenSSH;C:\\Program Files (x86)\\NVIDIA Corporation\\PhysX\\Common;C:\\Program Files\\NVIDIA Corporation\\NVIDIA NvDLISR;C:\\Program Files\\Git\\cmd;C:\\Program Files\\Git\\mingw64\\bin;C:\\Program Files\\Git\\usr\\bin;C:\\WINDOWS\\system32;C:\\WINDOWS;C:\\WINDOWS\\System32\\Wbem;C:\\WINDOWS\\System32\\WindowsPowerShell\\v1.0;C:\\WINDOWS\\System32\\OpenSSH;C:\\xampp7.4\\php;C:\\composer;C:\\Users\\Dell\\AppData\\Roaming\\nvm;C:\\Program Files\\nodejs;C:\\Program Files\\Microsoft SQL Server\\150\\Tools\\Binn;C:\\GnuWin32\\bin;C:\\Program Files\\Docker\\Docker\\resources\\bin;C:\\Program Files\\WireGuard;C:\\Users\\Dell\\scoop\\shims;C:\\Users\\Dell\\AppData\\Local\\Programs\\Python\\Python312\\Scripts;C:\\Users\\Dell\\AppData\\Local\\Programs\\Python\\Python312;C:\\Users\\Dell\\AppData\\Local\\Microsoft\\WindowsApps;C:\\Users\\Dell\\AppData\\Local\\Programs\\Microsoft VS Code\\bin;C:\\Program Files (x86)\\mingw-w64\\i686-8.1.0-posix-dwarf-rt_v6-rev0\\mingw32\\bin;C:\\Program Files\\heroku\\bin;C:\\Program Files\\MongoDB\\Server\\4.4\\bin;C:\\Users\\Dell\\AppData\\Roaming\\npm;C:\\Users\\Dell\\AppData\\Roaming\\Composer\\vendor\\bin;C:\\Users\\Dell\\AppData\\Roaming\\nvm;C:\\Program Files\\nodejs;C:\\xampp\\php;C:\\Program Files\\CodeBlocks\\MinGW\\bin;C:\\TDM-GCC-32\\bin;C:\\modeltech64_10.5\\win64;C:\\laragon\\bin\\php\\php-8.1.10-Win32-vs16-x64;C:\\Program Files\\Java\\jdk-22\\bin;C:\\Users\\Dell\\AppData\\Local\\GitHubDesktop\\bin;C:\\Users\\Dell\\AppData\\Local\\Programs\\Antigravity\\bin;C:\\Users\\Dell\\AppData\\Local\\Python\\bin',
  ORIGINAL_TEMP: 'C:/Users/Dell/AppData/Local/Temp',
  ORIGINAL_TMP: 'C:/Users/Dell/AppData/Local/Temp',
  OS: 'Windows_NT',
  PATH: 'D:\\PER\\Tuffani pizza\\tuffani-pizza-frontend\\node_modules\\.bin;D:\\PER\\Tuffani pizza\\node_modules\\.bin;D:\\PER\\node_modules\\.bin;D:\\node_modules\\.bin;C:\\Users\\Dell\\AppData\\Roaming\\nvm\\v24.13.0\\node_modules\\npm\\node_modules\\@npmcli\\run-script\\lib\\node-gyp-bin;C:\\Users\\Dell\\bin;C:\\Program Files\\Git\\mingw64\\bin;C:\\Program Files\\Git\\usr\\local\\bin;C:\\Program Files\\Git\\usr\\bin;C:\\Program Files\\Git\\usr\\bin;C:\\Program Files\\Git\\mingw64\\bin;C:\\Program Files\\Git\\usr\\bin;C:\\Users\\Dell\\bin;C:\\Users\\Dell\\AppData\\Roaming\\Code\\User\\globalStorage\\github.copilot-chat\\debugCommand;C:\\Users\\Dell\\AppData\\Roaming\\Code\\User\\globalStorage\\github.copilot-chat\\copilotCli;C:\\Users\\Dell\\AppData\\Local\\Programs\\Microsoft VS Code;E:\\softwares\\App\\dbhomeXE\\bin;D:\\App\\WINDOWS.X64_213000_db_home\\bin;C:\\App\\db_home\\bin;C:\\Windows\\system32;C:\\Windows;C:\\Windows\\System32\\Wbem;C:\\Windows\\System32\\WindowsPowerShell\\v1.0;C:\\Windows\\System32\\OpenSSH;C:\\Program Files (x86)\\NVIDIA Corporation\\PhysX\\Common;C:\\Program Files\\NVIDIA Corporation\\NVIDIA NvDLISR;C:\\Program Files\\Git\\cmd;C:\\Program Files\\Git\\mingw64\\bin;C:\\Program Files\\Git\\usr\\bin;C:\\WINDOWS\\system32;C:\\WINDOWS;C:\\WINDOWS\\System32\\Wbem;C:\\WINDOWS\\System32\\WindowsPowerShell\\v1.0;C:\\WINDOWS\\System32\\OpenSSH;C:\\xampp7.4\\php;C:\\composer;C:\\Users\\Dell\\AppData\\Roaming\\nvm;C:\\Program Files\\nodejs;C:\\Program Files\\Microsoft SQL Server\\150\\Tools\\Binn;C:\\GnuWin32\\bin;C:\\Program Files\\Docker\\Docker\\resources\\bin;C:\\Program Files\\WireGuard;C:\\Users\\Dell\\scoop\\shims;C:\\Users\\Dell\\AppData\\Local\\Programs\\Python\\Python312\\Scripts;C:\\Users\\Dell\\AppData\\Local\\Programs\\Python\\Python312;C:\\Users\\Dell\\AppData\\Local\\Microsoft\\WindowsApps;C:\\Users\\Dell\\AppData\\Local\\Programs\\Microsoft VS Code\\bin;C:\\Program Files (x86)\\mingw-w64\\i686-8.1.0-posix-dwarf-rt_v6-rev0\\mingw32\\bin;C:\\Program Files\\heroku\\bin;C:\\Program Files\\MongoDB\\Server\\4.4\\bin;C:\\Users\\Dell\\AppData\\Roaming\\npm;C:\\Users\\Dell\\AppData\\Roaming\\Composer\\vendor\\bin;C:\\Users\\Dell\\AppData\\Roaming\\nvm;C:\\Program Files\\nodejs;C:\\xampp\\php;C:\\Program Files\\CodeBlocks\\MinGW\\bin;C:\\TDM-GCC-32\\bin;C:\\modeltech64_10.5\\win64;C:\\laragon\\bin\\php\\php-8.1.10-Win32-vs16-x64;C:\\Program Files\\Java\\jdk-22\\bin;C:\\Users\\Dell\\AppData\\Local\\GitHubDesktop\\bin;C:\\Users\\Dell\\AppData\\Local\\Programs\\Antigravity\\bin;C:\\Users\\Dell\\AppData\\Local\\Python\\bin;C:\\Program Files\\Git\\usr\\bin\\vendor_perl;C:\\Program Files\\Git\\usr\\bin\\core_perl',
  PATHEXT: '.COM;.EXE;.BAT;.CMD;.VBS;.VBE;.JS;.JSE;.WSF;.WSH;.MSC',
  PKG_CONFIG_PATH: 'C:\\Program Files\\Git\\mingw64\\lib\\pkgconfig;C:\\Program Files\\Git\\mingw64\\share\\pkgconfig',
  PLINK_PROTOCOL: 'ssh',
  PROCESSOR_ARCHITECTURE: 'AMD64',
  PROCESSOR_IDENTIFIER: 'Intel64 Family 6 Model 142 Stepping 12, GenuineIntel',
  PROCESSOR_LEVEL: '6',
  PROCESSOR_REVISION: '8e0c',
  ProgramData: 'C:\\ProgramData',
  PROGRAMFILES: 'C:\\Program Files',
  'ProgramFiles(x86)': 'C:\\Program Files (x86)',
  ProgramW6432: 'C:\\Program Files',
  PROMPT: '$P$G',
  PSModulePath: 'C:\\Program Files\\WindowsPowerShell\\Modules;C:\\WINDOWS\\system32\\WindowsPowerShell\\v1.0\\Modules',
  PUBLIC: 'C:\\Users\\Public',
  PWD: 'D:/PER/Tuffani pizza/tuffani-pizza-frontend',
  PYTHONSTARTUP: 'c:\\Users\\Dell\\AppData\\Roaming\\Code\\User\\workspaceStorage\\c889e0ad64719f64916fd1406a77408d\\ms-python.python\\pythonrc.py',
  PYTHON_BASIC_REPL: '1',
  RUST_MIN_STACK: '8388608',
  SESSIONNAME: 'Console',
  SHELL: 'C:\\Program Files\\Git\\usr\\bin\\bash.exe',
  SHLVL: '2',
  SSH_ASKPASS: 'C:/Program Files/Git/mingw64/libexec/git-core/git-gui--askpass',
  SYSTEMDRIVE: 'C:',
  SYSTEMROOT: 'C:\\WINDOWS',
  TEMP: 'C:\\Users\\Dell\\AppData\\Local\\Temp',
  TERM: 'xterm-256color',
  TERM_PROGRAM: 'vscode',
  TERM_PROGRAM_VERSION: '1.112.0',
  TMP: 'C:\\Users\\Dell\\AppData\\Local\\Temp',
  TMPDIR: 'C:\\Users\\Dell\\AppData\\Local\\Temp',
  TURBOPACK: '1',
  USERDOMAIN: 'ABIDADHIKARI',
  USERDOMAIN_ROAMINGPROFILE: 'ABIDADHIKARI',
  USERNAME: 'Dell',
  USERPROFILE: 'C:\\Users\\Dell',
  VSCODE_GIT_ASKPASS_EXTRA_ARGS: '',
  VSCODE_GIT_ASKPASS_MAIN: 'c:\\Users\\Dell\\AppData\\Roaming\\Code\\User\\globalStorage\\vscode.git\\askpass\\493597c785d4c5cb\\askpass-main.js',
  VSCODE_GIT_ASKPASS_NODE: 'C:\\Users\\Dell\\AppData\\Local\\Programs\\Microsoft VS Code\\Code.exe',
  VSCODE_GIT_IPC_HANDLE: '\\\\.\\pipe\\vscode-git-842d2f3413-sock',
  VSCODE_PYTHON_AUTOACTIVATE_GUARD: '1',
  WINDIR: 'C:\\WINDOWS',
  ZES_ENABLE_SYSMAN: '1',
  _: 'C:/Program Files/nodejs/node.exe',
  __NEXT_PROCESSED_ENV: 'true'
}
{
  ACLOCAL_PATH: 'C:\\Program Files\\Git\\mingw64\\share\\aclocal;C:\\Program Files\\Git\\usr\\share\\aclocal',
  ALLUSERSPROFILE: 'C:\\ProgramData',
  APPDATA: 'C:\\Users\\Dell\\AppData\\Roaming',
  BACKEND_URL: 'https://api.tufanipizza.com',
  CHROME_CRASHPAD_PIPE_NAME: '\\\\.\\pipe\\crashpad_8088_DXXFZSWYYXOXSBHI',
  COLOR: '0',
  COLORTERM: 'truecolor',
  COMMONPROGRAMFILES: 'C:\\Program Files\\Common Files',
  'CommonProgramFiles(x86)': 'C:\\Program Files (x86)\\Common Files',
  CommonProgramW6432: 'C:\\Program Files\\Common Files',
  COMPUTERNAME: 'ABIDADHIKARI',
  COMSPEC: 'C:\\WINDOWS\\system32\\cmd.exe',
  CONFIG_SITE: 'C:/Program Files/Git/mingw64/etc/config.site',
  DISPLAY: 'needs-to-be-defined',
  DriverData: 'C:\\Windows\\System32\\Drivers\\DriverData',
  EDITOR: 'C:\\WINDOWS\\notepad.exe',
  EFC_9528_1262719628: '1',
  EFC_9528_1592913036: '1',
  EFC_9528_2283032206: '1',
  EFC_9528_2775293581: '1',
  EFC_9528_3789132940: '1',
  EXEPATH: 'C:\\Program Files\\Git\\bin',
  FPS_BROWSER_APP_PROFILE_STRING: 'Internet Explorer',
  FPS_BROWSER_USER_PROFILE_STRING: 'Default',
  GIT_ASKPASS: 'c:\\Users\\Dell\\AppData\\Roaming\\Code\\User\\globalStorage\\vscode.git\\askpass\\493597c785d4c5cb\\askpass.sh',
  GIT_EDITOR: ':',
  GIT_MERGE_AUTOEDIT: 'no',
  GIT_PAGER: 'cat',
  HISTCONTROL: 'ignorespace',
  HOME: 'C:\\Users\\Dell',
  HOMEDRIVE: 'C:',
  HOMEPATH: '\\Users\\Dell',
  HOSTNAME: 'AbidAdhikari',
  INFOPATH: 'C:\\Program Files\\Git\\usr\\local\\info;C:\\Program Files\\Git\\usr\\share\\info;C:\\Program Files\\Git\\usr\\info;C:\\Program Files\\Git\\share\\info',
  INIT_CWD: 'D:\\PER\\Tuffani pizza\\tuffani-pizza-frontend',
  IS_NEXT_WORKER: 'true',
  LANG: 'en_US.UTF-8',
  LM_LICENSE_FILE: 'C:\\flexlm\\lic_modelsim',
  LOCALAPPDATA: 'C:\\Users\\Dell\\AppData\\Local',
  LOGONSERVER: '\\\\ABIDADHIKARI',
  MANPATH: 'C:\\Program Files\\Git\\mingw64\\local\\man;C:\\Program Files\\Git\\mingw64\\share\\man;C:\\Program Files\\Git\\usr\\local\\man;C:\\Program Files\\Git\\usr\\share\\man;C:\\Program Files\\Git\\usr\\man;C:\\Program Files\\Git\\share\\man',
  MINGW_CHOST: 'x86_64-w64-mingw32',
  MINGW_PACKAGE_PREFIX: 'mingw-w64-x86_64',
  MINGW_PREFIX: 'C:/Program Files/Git/mingw64',
  MSYSTEM: 'MINGW64',
  MSYSTEM_CARCH: 'x86_64',
  MSYSTEM_CHOST: 'x86_64-w64-mingw32',
  MSYSTEM_PREFIX: 'C:/Program Files/Git/mingw64',
  NEXT_DEPLOYMENT_ID: '',
  NEXT_IS_EXPORT_WORKER: 'true',
  NEXT_PHASE: 'phase-production-build',
  NEXT_PUBLIC_BACKEND_URL: 'https://api.tufanipizza.com',
  NEXT_PUBLIC_SITE_URL: 'http://www.tufanipizza.com',
  NEXT_RUNTIME: 'nodejs',
  NODE: 'C:\\Program Files\\nodejs\\node.exe',
  NODE_ENV: 'production',
  NODE_OPTIONS: '',
  npm_command: 'run',
  npm_config_cache: 'C:\\Users\\Dell\\AppData\\Local\\npm-cache',
  npm_config_globalconfig: 'C:\\Program Files\\nodejs\\etc\\npmrc',
  npm_config_global_prefix: 'C:\\Program Files\\nodejs',
  npm_config_init_module: 'C:\\Users\\Dell\\.npm-init.js',
  npm_config_local_prefix: 'D:\\PER\\Tuffani pizza\\tuffani-pizza-frontend',
  npm_config_node_gyp: 'C:\\Users\\Dell\\AppData\\Roaming\\nvm\\v24.13.0\\node_modules\\npm\\node_modules\\node-gyp\\bin\\node-gyp.js',
  npm_config_noproxy: '',
  npm_config_npm_version: '11.6.2',
  npm_config_prefix: 'C:\\Program Files\\nodejs',
  npm_config_userconfig: 'C:\\Users\\Dell\\.npmrc',
  npm_config_user_agent: 'npm/11.6.2 node/v24.13.0 win32 x64 workspaces/false',
  npm_execpath: 'C:\\Users\\Dell\\AppData\\Roaming\\nvm\\v24.13.0\\node_modules\\npm\\bin\\npm-cli.js',
  npm_lifecycle_event: 'build',
  npm_lifecycle_script: 'next build',
  npm_node_execpath: 'C:\\Program Files\\nodejs\\node.exe',
  npm_package_json: 'D:\\PER\\Tuffani pizza\\tuffani-pizza-frontend\\package.json',
  npm_package_name: 'tufani-pizza-frontend',
  npm_package_version: '0.1.0',
  NUMBER_OF_PROCESSORS: '8',
  NVM_HOME: 'C:\\Users\\Dell\\AppData\\Roaming\\nvm',
  NVM_SYMLINK: 'C:\\Program Files\\nodejs',
  OneDrive: 'C:\\Users\\Dell\\OneDrive',
  ORIGINAL_PATH: 'C:\\Program Files\\Git\\mingw64\\bin;C:\\Program Files\\Git\\usr\\bin;C:\\Users\\Dell\\bin;C:\\Users\\Dell\\AppData\\Roaming\\Code\\User\\globalStorage\\github.copilot-chat\\debugCommand;C:\\Users\\Dell\\AppData\\Roaming\\Code\\User\\globalStorage\\github.copilot-chat\\copilotCli;C:\\Users\\Dell\\AppData\\Local\\Programs\\Microsoft VS Code;E:\\softwares\\App\\dbhomeXE\\bin;D:\\App\\WINDOWS.X64_213000_db_home\\bin;C:\\App\\db_home\\bin;C:\\Windows\\system32;C:\\Windows;C:\\Windows\\System32\\Wbem;C:\\Windows\\System32\\WindowsPowerShell\\v1.0;C:\\Windows\\System32\\OpenSSH;C:\\Program Files (x86)\\NVIDIA Corporation\\PhysX\\Common;C:\\Program Files\\NVIDIA Corporation\\NVIDIA NvDLISR;C:\\Program Files\\Git\\cmd;C:\\Program Files\\Git\\mingw64\\bin;C:\\Program Files\\Git\\usr\\bin;C:\\WINDOWS\\system32;C:\\WINDOWS;C:\\WINDOWS\\System32\\Wbem;C:\\WINDOWS\\System32\\WindowsPowerShell\\v1.0;C:\\WINDOWS\\System32\\OpenSSH;C:\\xampp7.4\\php;C:\\composer;C:\\Users\\Dell\\AppData\\Roaming\\nvm;C:\\Program Files\\nodejs;C:\\Program Files\\Microsoft SQL Server\\150\\Tools\\Binn;C:\\GnuWin32\\bin;C:\\Program Files\\Docker\\Docker\\resources\\bin;C:\\Program Files\\WireGuard;C:\\Users\\Dell\\scoop\\shims;C:\\Users\\Dell\\AppData\\Local\\Programs\\Python\\Python312\\Scripts;C:\\Users\\Dell\\AppData\\Local\\Programs\\Python\\Python312;C:\\Users\\Dell\\AppData\\Local\\Microsoft\\WindowsApps;C:\\Users\\Dell\\AppData\\Local\\Programs\\Microsoft VS Code\\bin;C:\\Program Files (x86)\\mingw-w64\\i686-8.1.0-posix-dwarf-rt_v6-rev0\\mingw32\\bin;C:\\Program Files\\heroku\\bin;C:\\Program Files\\MongoDB\\Server\\4.4\\bin;C:\\Users\\Dell\\AppData\\Roaming\\npm;C:\\Users\\Dell\\AppData\\Roaming\\Composer\\vendor\\bin;C:\\Users\\Dell\\AppData\\Roaming\\nvm;C:\\Program Files\\nodejs;C:\\xampp\\php;C:\\Program Files\\CodeBlocks\\MinGW\\bin;C:\\TDM-GCC-32\\bin;C:\\modeltech64_10.5\\win64;C:\\laragon\\bin\\php\\php-8.1.10-Win32-vs16-x64;C:\\Program Files\\Java\\jdk-22\\bin;C:\\Users\\Dell\\AppData\\Local\\GitHubDesktop\\bin;C:\\Users\\Dell\\AppData\\Local\\Programs\\Antigravity\\bin;C:\\Users\\Dell\\AppData\\Local\\Python\\bin',
  ORIGINAL_TEMP: 'C:/Users/Dell/AppData/Local/Temp',
  ORIGINAL_TMP: 'C:/Users/Dell/AppData/Local/Temp',
  OS: 'Windows_NT',
  PATH: 'D:\\PER\\Tuffani pizza\\tuffani-pizza-frontend\\node_modules\\.bin;D:\\PER\\Tuffani pizza\\node_modules\\.bin;D:\\PER\\node_modules\\.bin;D:\\node_modules\\.bin;C:\\Users\\Dell\\AppData\\Roaming\\nvm\\v24.13.0\\node_modules\\npm\\node_modules\\@npmcli\\run-script\\lib\\node-gyp-bin;C:\\Users\\Dell\\bin;C:\\Program Files\\Git\\mingw64\\bin;C:\\Program Files\\Git\\usr\\local\\bin;C:\\Program Files\\Git\\usr\\bin;C:\\Program Files\\Git\\usr\\bin;C:\\Program Files\\Git\\mingw64\\bin;C:\\Program Files\\Git\\usr\\bin;C:\\Users\\Dell\\bin;C:\\Users\\Dell\\AppData\\Roaming\\Code\\User\\globalStorage\\github.copilot-chat\\debugCommand;C:\\Users\\Dell\\AppData\\Roaming\\Code\\User\\globalStorage\\github.copilot-chat\\copilotCli;C:\\Users\\Dell\\AppData\\Local\\Programs\\Microsoft VS Code;E:\\softwares\\App\\dbhomeXE\\bin;D:\\App\\WINDOWS.X64_213000_db_home\\bin;C:\\App\\db_home\\bin;C:\\Windows\\system32;C:\\Windows;C:\\Windows\\System32\\Wbem;C:\\Windows\\System32\\WindowsPowerShell\\v1.0;C:\\Windows\\System32\\OpenSSH;C:\\Program Files (x86)\\NVIDIA Corporation\\PhysX\\Common;C:\\Program Files\\NVIDIA Corporation\\NVIDIA NvDLISR;C:\\Program Files\\Git\\cmd;C:\\Program Files\\Git\\mingw64\\bin;C:\\Program Files\\Git\\usr\\bin;C:\\WINDOWS\\system32;C:\\WINDOWS;C:\\WINDOWS\\System32\\Wbem;C:\\WINDOWS\\System32\\WindowsPowerShell\\v1.0;C:\\WINDOWS\\System32\\OpenSSH;C:\\xampp7.4\\php;C:\\composer;C:\\Users\\Dell\\AppData\\Roaming\\nvm;C:\\Program Files\\nodejs;C:\\Program Files\\Microsoft SQL Server\\150\\Tools\\Binn;C:\\GnuWin32\\bin;C:\\Program Files\\Docker\\Docker\\resources\\bin;C:\\Program Files\\WireGuard;C:\\Users\\Dell\\scoop\\shims;C:\\Users\\Dell\\AppData\\Local\\Programs\\Python\\Python312\\Scripts;C:\\Users\\Dell\\AppData\\Local\\Programs\\Python\\Python312;C:\\Users\\Dell\\AppData\\Local\\Microsoft\\WindowsApps;C:\\Users\\Dell\\AppData\\Local\\Programs\\Microsoft VS Code\\bin;C:\\Program Files (x86)\\mingw-w64\\i686-8.1.0-posix-dwarf-rt_v6-rev0\\mingw32\\bin;C:\\Program Files\\heroku\\bin;C:\\Program Files\\MongoDB\\Server\\4.4\\bin;C:\\Users\\Dell\\AppData\\Roaming\\npm;C:\\Users\\Dell\\AppData\\Roaming\\Composer\\vendor\\bin;C:\\Users\\Dell\\AppData\\Roaming\\nvm;C:\\Program Files\\nodejs;C:\\xampp\\php;C:\\Program Files\\CodeBlocks\\MinGW\\bin;C:\\TDM-GCC-32\\bin;C:\\modeltech64_10.5\\win64;C:\\laragon\\bin\\php\\php-8.1.10-Win32-vs16-x64;C:\\Program Files\\Java\\jdk-22\\bin;C:\\Users\\Dell\\AppData\\Local\\GitHubDesktop\\bin;C:\\Users\\Dell\\AppData\\Local\\Programs\\Antigravity\\bin;C:\\Users\\Dell\\AppData\\Local\\Python\\bin;C:\\Program Files\\Git\\usr\\bin\\vendor_perl;C:\\Program Files\\Git\\usr\\bin\\core_perl',
  PATHEXT: '.COM;.EXE;.BAT;.CMD;.VBS;.VBE;.JS;.JSE;.WSF;.WSH;.MSC',
  PKG_CONFIG_PATH: 'C:\\Program Files\\Git\\mingw64\\lib\\pkgconfig;C:\\Program Files\\Git\\mingw64\\share\\pkgconfig',
  PLINK_PROTOCOL: 'ssh',
  PROCESSOR_ARCHITECTURE: 'AMD64',
  PROCESSOR_IDENTIFIER: 'Intel64 Family 6 Model 142 Stepping 12, GenuineIntel',
  PROCESSOR_LEVEL: '6',
  PROCESSOR_REVISION: '8e0c',
  ProgramData: 'C:\\ProgramData',
  PROGRAMFILES: 'C:\\Program Files',
  'ProgramFiles(x86)': 'C:\\Program Files (x86)',
  ProgramW6432: 'C:\\Program Files',
  PROMPT: '$P$G',
  PSModulePath: 'C:\\Program Files\\WindowsPowerShell\\Modules;C:\\WINDOWS\\system32\\WindowsPowerShell\\v1.0\\Modules',
  PUBLIC: 'C:\\Users\\Public',
  PWD: 'D:/PER/Tuffani pizza/tuffani-pizza-frontend',
  PYTHONSTARTUP: 'c:\\Users\\Dell\\AppData\\Roaming\\Code\\User\\workspaceStorage\\c889e0ad64719f64916fd1406a77408d\\ms-python.python\\pythonrc.py',
  PYTHON_BASIC_REPL: '1',
  RUST_MIN_STACK: '8388608',
  SESSIONNAME: 'Console',
  SHELL: 'C:\\Program Files\\Git\\usr\\bin\\bash.exe',
  SHLVL: '2',
  SSH_ASKPASS: 'C:/Program Files/Git/mingw64/libexec/git-core/git-gui--askpass',
  SYSTEMDRIVE: 'C:',
  SYSTEMROOT: 'C:\\WINDOWS',
  TEMP: 'C:\\Users\\Dell\\AppData\\Local\\Temp',
  TERM: 'xterm-256color',
  TERM_PROGRAM: 'vscode',
  TERM_PROGRAM_VERSION: '1.112.0',
  TMP: 'C:\\Users\\Dell\\AppData\\Local\\Temp',
  TMPDIR: 'C:\\Users\\Dell\\AppData\\Local\\Temp',
  TURBOPACK: '1',
  USERDOMAIN: 'ABIDADHIKARI',
  USERDOMAIN_ROAMINGPROFILE: 'ABIDADHIKARI',
  USERNAME: 'Dell',
  USERPROFILE: 'C:\\Users\\Dell',
  VSCODE_GIT_ASKPASS_EXTRA_ARGS: '',
  VSCODE_GIT_ASKPASS_MAIN: 'c:\\Users\\Dell\\AppData\\Roaming\\Code\\User\\globalStorage\\vscode.git\\askpass\\493597c785d4c5cb\\askpass-main.js',
  VSCODE_GIT_ASKPASS_NODE: 'C:\\Users\\Dell\\AppData\\Local\\Programs\\Microsoft VS Code\\Code.exe',
  VSCODE_GIT_IPC_HANDLE: '\\\\.\\pipe\\vscode-git-842d2f3413-sock',
  VSCODE_PYTHON_AUTOACTIVATE_GUARD: '1',
  WINDIR: 'C:\\WINDOWS',
  ZES_ENABLE_SYSMAN: '1',
  _: 'C:/Program Files/nodejs/node.exe',
  __NEXT_PROCESSED_ENV: 'true'
}
{
  ACLOCAL_PATH: 'C:\\Program Files\\Git\\mingw64\\share\\aclocal;C:\\Program Files\\Git\\usr\\share\\aclocal',
  ALLUSERSPROFILE: 'C:\\ProgramData',
  APPDATA: 'C:\\Users\\Dell\\AppData\\Roaming',
  BACKEND_URL: 'https://api.tufanipizza.com',
  CHROME_CRASHPAD_PIPE_NAME: '\\\\.\\pipe\\crashpad_8088_DXXFZSWYYXOXSBHI',
  COLOR: '0',
  COLORTERM: 'truecolor',
  COMMONPROGRAMFILES: 'C:\\Program Files\\Common Files',
  'CommonProgramFiles(x86)': 'C:\\Program Files (x86)\\Common Files',
  CommonProgramW6432: 'C:\\Program Files\\Common Files',
  COMPUTERNAME: 'ABIDADHIKARI',
  COMSPEC: 'C:\\WINDOWS\\system32\\cmd.exe',
  CONFIG_SITE: 'C:/Program Files/Git/mingw64/etc/config.site',
  DISPLAY: 'needs-to-be-defined',
  DriverData: 'C:\\Windows\\System32\\Drivers\\DriverData',
  EDITOR: 'C:\\WINDOWS\\notepad.exe',
  EFC_9528_1262719628: '1',
  EFC_9528_1592913036: '1',
  EFC_9528_2283032206: '1',
  EFC_9528_2775293581: '1',
  EFC_9528_3789132940: '1',
  EXEPATH: 'C:\\Program Files\\Git\\bin',
  FPS_BROWSER_APP_PROFILE_STRING: 'Internet Explorer',
  FPS_BROWSER_USER_PROFILE_STRING: 'Default',
  GIT_ASKPASS: 'c:\\Users\\Dell\\AppData\\Roaming\\Code\\User\\globalStorage\\vscode.git\\askpass\\493597c785d4c5cb\\askpass.sh',
  GIT_EDITOR: ':',
  GIT_MERGE_AUTOEDIT: 'no',
  GIT_PAGER: 'cat',
  HISTCONTROL: 'ignorespace',
  HOME: 'C:\\Users\\Dell',
  HOMEDRIVE: 'C:',
  HOMEPATH: '\\Users\\Dell',
  HOSTNAME: 'AbidAdhikari',
  INFOPATH: 'C:\\Program Files\\Git\\usr\\local\\info;C:\\Program Files\\Git\\usr\\share\\info;C:\\Program Files\\Git\\usr\\info;C:\\Program Files\\Git\\share\\info',
  INIT_CWD: 'D:\\PER\\Tuffani pizza\\tuffani-pizza-frontend',
  IS_NEXT_WORKER: 'true',
  LANG: 'en_US.UTF-8',
  LM_LICENSE_FILE: 'C:\\flexlm\\lic_modelsim',
  LOCALAPPDATA: 'C:\\Users\\Dell\\AppData\\Local',
  LOGONSERVER: '\\\\ABIDADHIKARI',
  MANPATH: 'C:\\Program Files\\Git\\mingw64\\local\\man;C:\\Program Files\\Git\\mingw64\\share\\man;C:\\Program Files\\Git\\usr\\local\\man;C:\\Program Files\\Git\\usr\\share\\man;C:\\Program Files\\Git\\usr\\man;C:\\Program Files\\Git\\share\\man',
  MINGW_CHOST: 'x86_64-w64-mingw32',
  MINGW_PACKAGE_PREFIX: 'mingw-w64-x86_64',
  MINGW_PREFIX: 'C:/Program Files/Git/mingw64',
  MSYSTEM: 'MINGW64',
  MSYSTEM_CARCH: 'x86_64',
  MSYSTEM_CHOST: 'x86_64-w64-mingw32',
  MSYSTEM_PREFIX: 'C:/Program Files/Git/mingw64',
  NEXT_DEPLOYMENT_ID: '',
  NEXT_IS_EXPORT_WORKER: 'true',
  NEXT_PHASE: 'phase-production-build',
  NEXT_PUBLIC_BACKEND_URL: 'https://api.tufanipizza.com',
  NEXT_PUBLIC_SITE_URL: 'http://www.tufanipizza.com',
  NEXT_RUNTIME: 'nodejs',
  NODE: 'C:\\Program Files\\nodejs\\node.exe',
  NODE_ENV: 'production',
  NODE_OPTIONS: '',
  npm_command: 'run',
  npm_config_cache: 'C:\\Users\\Dell\\AppData\\Local\\npm-cache',
  npm_config_globalconfig: 'C:\\Program Files\\nodejs\\etc\\npmrc',
  npm_config_global_prefix: 'C:\\Program Files\\nodejs',
  npm_config_init_module: 'C:\\Users\\Dell\\.npm-init.js',
  npm_config_local_prefix: 'D:\\PER\\Tuffani pizza\\tuffani-pizza-frontend',
  npm_config_node_gyp: 'C:\\Users\\Dell\\AppData\\Roaming\\nvm\\v24.13.0\\node_modules\\npm\\node_modules\\node-gyp\\bin\\node-gyp.js',
  npm_config_noproxy: '',
  npm_config_npm_version: '11.6.2',
  npm_config_prefix: 'C:\\Program Files\\nodejs',
  npm_config_userconfig: 'C:\\Users\\Dell\\.npmrc',
  npm_config_user_agent: 'npm/11.6.2 node/v24.13.0 win32 x64 workspaces/false',
  npm_execpath: 'C:\\Users\\Dell\\AppData\\Roaming\\nvm\\v24.13.0\\node_modules\\npm\\bin\\npm-cli.js',
  npm_lifecycle_event: 'build',
  npm_lifecycle_script: 'next build',
  npm_node_execpath: 'C:\\Program Files\\nodejs\\node.exe',
  npm_package_json: 'D:\\PER\\Tuffani pizza\\tuffani-pizza-frontend\\package.json',
  npm_package_name: 'tufani-pizza-frontend',
  npm_package_version: '0.1.0',
  NUMBER_OF_PROCESSORS: '8',
  NVM_HOME: 'C:\\Users\\Dell\\AppData\\Roaming\\nvm',
  NVM_SYMLINK: 'C:\\Program Files\\nodejs',
  OneDrive: 'C:\\Users\\Dell\\OneDrive',
  ORIGINAL_PATH: 'C:\\Program Files\\Git\\mingw64\\bin;C:\\Program Files\\Git\\usr\\bin;C:\\Users\\Dell\\bin;C:\\Users\\Dell\\AppData\\Roaming\\Code\\User\\globalStorage\\github.copilot-chat\\debugCommand;C:\\Users\\Dell\\AppData\\Roaming\\Code\\User\\globalStorage\\github.copilot-chat\\copilotCli;C:\\Users\\Dell\\AppData\\Local\\Programs\\Microsoft VS Code;E:\\softwares\\App\\dbhomeXE\\bin;D:\\App\\WINDOWS.X64_213000_db_home\\bin;C:\\App\\db_home\\bin;C:\\Windows\\system32;C:\\Windows;C:\\Windows\\System32\\Wbem;C:\\Windows\\System32\\WindowsPowerShell\\v1.0;C:\\Windows\\System32\\OpenSSH;C:\\Program Files (x86)\\NVIDIA Corporation\\PhysX\\Common;C:\\Program Files\\NVIDIA Corporation\\NVIDIA NvDLISR;C:\\Program Files\\Git\\cmd;C:\\Program Files\\Git\\mingw64\\bin;C:\\Program Files\\Git\\usr\\bin;C:\\WINDOWS\\system32;C:\\WINDOWS;C:\\WINDOWS\\System32\\Wbem;C:\\WINDOWS\\System32\\WindowsPowerShell\\v1.0;C:\\WINDOWS\\System32\\OpenSSH;C:\\xampp7.4\\php;C:\\composer;C:\\Users\\Dell\\AppData\\Roaming\\nvm;C:\\Program Files\\nodejs;C:\\Program Files\\Microsoft SQL Server\\150\\Tools\\Binn;C:\\GnuWin32\\bin;C:\\Program Files\\Docker\\Docker\\resources\\bin;C:\\Program Files\\WireGuard;C:\\Users\\Dell\\scoop\\shims;C:\\Users\\Dell\\AppData\\Local\\Programs\\Python\\Python312\\Scripts;C:\\Users\\Dell\\AppData\\Local\\Programs\\Python\\Python312;C:\\Users\\Dell\\AppData\\Local\\Microsoft\\WindowsApps;C:\\Users\\Dell\\AppData\\Local\\Programs\\Microsoft VS Code\\bin;C:\\Program Files (x86)\\mingw-w64\\i686-8.1.0-posix-dwarf-rt_v6-rev0\\mingw32\\bin;C:\\Program Files\\heroku\\bin;C:\\Program Files\\MongoDB\\Server\\4.4\\bin;C:\\Users\\Dell\\AppData\\Roaming\\npm;C:\\Users\\Dell\\AppData\\Roaming\\Composer\\vendor\\bin;C:\\Users\\Dell\\AppData\\Roaming\\nvm;C:\\Program Files\\nodejs;C:\\xampp\\php;C:\\Program Files\\CodeBlocks\\MinGW\\bin;C:\\TDM-GCC-32\\bin;C:\\modeltech64_10.5\\win64;C:\\laragon\\bin\\php\\php-8.1.10-Win32-vs16-x64;C:\\Program Files\\Java\\jdk-22\\bin;C:\\Users\\Dell\\AppData\\Local\\GitHubDesktop\\bin;C:\\Users\\Dell\\AppData\\Local\\Programs\\Antigravity\\bin;C:\\Users\\Dell\\AppData\\Local\\Python\\bin',
  ORIGINAL_TEMP: 'C:/Users/Dell/AppData/Local/Temp',
  ORIGINAL_TMP: 'C:/Users/Dell/AppData/Local/Temp',
  OS: 'Windows_NT',
  PATH: 'D:\\PER\\Tuffani pizza\\tuffani-pizza-frontend\\node_modules\\.bin;D:\\PER\\Tuffani pizza\\node_modules\\.bin;D:\\PER\\node_modules\\.bin;D:\\node_modules\\.bin;C:\\Users\\Dell\\AppData\\Roaming\\nvm\\v24.13.0\\node_modules\\npm\\node_modules\\@npmcli\\run-script\\lib\\node-gyp-bin;C:\\Users\\Dell\\bin;C:\\Program Files\\Git\\mingw64\\bin;C:\\Program Files\\Git\\usr\\local\\bin;C:\\Program Files\\Git\\usr\\bin;C:\\Program Files\\Git\\usr\\bin;C:\\Program Files\\Git\\mingw64\\bin;C:\\Program Files\\Git\\usr\\bin;C:\\Users\\Dell\\bin;C:\\Users\\Dell\\AppData\\Roaming\\Code\\User\\globalStorage\\github.copilot-chat\\debugCommand;C:\\Users\\Dell\\AppData\\Roaming\\Code\\User\\globalStorage\\github.copilot-chat\\copilotCli;C:\\Users\\Dell\\AppData\\Local\\Programs\\Microsoft VS Code;E:\\softwares\\App\\dbhomeXE\\bin;D:\\App\\WINDOWS.X64_213000_db_home\\bin;C:\\App\\db_home\\bin;C:\\Windows\\system32;C:\\Windows;C:\\Windows\\System32\\Wbem;C:\\Windows\\System32\\WindowsPowerShell\\v1.0;C:\\Windows\\System32\\OpenSSH;C:\\Program Files (x86)\\NVIDIA Corporation\\PhysX\\Common;C:\\Program Files\\NVIDIA Corporation\\NVIDIA NvDLISR;C:\\Program Files\\Git\\cmd;C:\\Program Files\\Git\\mingw64\\bin;C:\\Program Files\\Git\\usr\\bin;C:\\WINDOWS\\system32;C:\\WINDOWS;C:\\WINDOWS\\System32\\Wbem;C:\\WINDOWS\\System32\\WindowsPowerShell\\v1.0;C:\\WINDOWS\\System32\\OpenSSH;C:\\xampp7.4\\php;C:\\composer;C:\\Users\\Dell\\AppData\\Roaming\\nvm;C:\\Program Files\\nodejs;C:\\Program Files\\Microsoft SQL Server\\150\\Tools\\Binn;C:\\GnuWin32\\bin;C:\\Program Files\\Docker\\Docker\\resources\\bin;C:\\Program Files\\WireGuard;C:\\Users\\Dell\\scoop\\shims;C:\\Users\\Dell\\AppData\\Local\\Programs\\Python\\Python312\\Scripts;C:\\Users\\Dell\\AppData\\Local\\Programs\\Python\\Python312;C:\\Users\\Dell\\AppData\\Local\\Microsoft\\WindowsApps;C:\\Users\\Dell\\AppData\\Local\\Programs\\Microsoft VS Code\\bin;C:\\Program Files (x86)\\mingw-w64\\i686-8.1.0-posix-dwarf-rt_v6-rev0\\mingw32\\bin;C:\\Program Files\\heroku\\bin;C:\\Program Files\\MongoDB\\Server\\4.4\\bin;C:\\Users\\Dell\\AppData\\Roaming\\npm;C:\\Users\\Dell\\AppData\\Roaming\\Composer\\vendor\\bin;C:\\Users\\Dell\\AppData\\Roaming\\nvm;C:\\Program Files\\nodejs;C:\\xampp\\php;C:\\Program Files\\CodeBlocks\\MinGW\\bin;C:\\TDM-GCC-32\\bin;C:\\modeltech64_10.5\\win64;C:\\laragon\\bin\\php\\php-8.1.10-Win32-vs16-x64;C:\\Program Files\\Java\\jdk-22\\bin;C:\\Users\\Dell\\AppData\\Local\\GitHubDesktop\\bin;C:\\Users\\Dell\\AppData\\Local\\Programs\\Antigravity\\bin;C:\\Users\\Dell\\AppData\\Local\\Python\\bin;C:\\Program Files\\Git\\usr\\bin\\vendor_perl;C:\\Program Files\\Git\\usr\\bin\\core_perl',
  PATHEXT: '.COM;.EXE;.BAT;.CMD;.VBS;.VBE;.JS;.JSE;.WSF;.WSH;.MSC',
  PKG_CONFIG_PATH: 'C:\\Program Files\\Git\\mingw64\\lib\\pkgconfig;C:\\Program Files\\Git\\mingw64\\share\\pkgconfig',
  PLINK_PROTOCOL: 'ssh',
  PROCESSOR_ARCHITECTURE: 'AMD64',
  PROCESSOR_IDENTIFIER: 'Intel64 Family 6 Model 142 Stepping 12, GenuineIntel',
  PROCESSOR_LEVEL: '6',
  PROCESSOR_REVISION: '8e0c',
  ProgramData: 'C:\\ProgramData',
  PROGRAMFILES: 'C:\\Program Files',
  'ProgramFiles(x86)': 'C:\\Program Files (x86)',
  ProgramW6432: 'C:\\Program Files',
  PROMPT: '$P$G',
  PSModulePath: 'C:\\Program Files\\WindowsPowerShell\\Modules;C:\\WINDOWS\\system32\\WindowsPowerShell\\v1.0\\Modules',
  PUBLIC: 'C:\\Users\\Public',
  PWD: 'D:/PER/Tuffani pizza/tuffani-pizza-frontend',
  PYTHONSTARTUP: 'c:\\Users\\Dell\\AppData\\Roaming\\Code\\User\\workspaceStorage\\c889e0ad64719f64916fd1406a77408d\\ms-python.python\\pythonrc.py',
  PYTHON_BASIC_REPL: '1',
  RUST_MIN_STACK: '8388608',
  SESSIONNAME: 'Console',
  SHELL: 'C:\\Program Files\\Git\\usr\\bin\\bash.exe',
  SHLVL: '2',
  SSH_ASKPASS: 'C:/Program Files/Git/mingw64/libexec/git-core/git-gui--askpass',
  SYSTEMDRIVE: 'C:',
  SYSTEMROOT: 'C:\\WINDOWS',
  TEMP: 'C:\\Users\\Dell\\AppData\\Local\\Temp',
  TERM: 'xterm-256color',
  TERM_PROGRAM: 'vscode',
  TERM_PROGRAM_VERSION: '1.112.0',
  TMP: 'C:\\Users\\Dell\\AppData\\Local\\Temp',
  TMPDIR: 'C:\\Users\\Dell\\AppData\\Local\\Temp',
  TURBOPACK: '1',
  USERDOMAIN: 'ABIDADHIKARI',
  USERDOMAIN_ROAMINGPROFILE: 'ABIDADHIKARI',
  USERNAME: 'Dell',
  USERPROFILE: 'C:\\Users\\Dell',
  VSCODE_GIT_ASKPASS_EXTRA_ARGS: '',
  VSCODE_GIT_ASKPASS_MAIN: 'c:\\Users\\Dell\\AppData\\Roaming\\Code\\User\\globalStorage\\vscode.git\\askpass\\493597c785d4c5cb\\askpass-main.js',
  VSCODE_GIT_ASKPASS_NODE: 'C:\\Users\\Dell\\AppData\\Local\\Programs\\Microsoft VS Code\\Code.exe',
  VSCODE_GIT_IPC_HANDLE: '\\\\.\\pipe\\vscode-git-842d2f3413-sock',
  VSCODE_PYTHON_AUTOACTIVATE_GUARD: '1',
  WINDIR: 'C:\\WINDOWS',
  ZES_ENABLE_SYSMAN: '1',
  _: 'C:/Program Files/nodejs/node.exe',
  __NEXT_PROCESSED_ENV: 'true'
}
{
  ACLOCAL_PATH: 'C:\\Program Files\\Git\\mingw64\\share\\aclocal;C:\\Program Files\\Git\\usr\\share\\aclocal',
  ALLUSERSPROFILE: 'C:\\ProgramData',
  APPDATA: 'C:\\Users\\Dell\\AppData\\Roaming',
  BACKEND_URL: 'https://api.tufanipizza.com',
  CHROME_CRASHPAD_PIPE_NAME: '\\\\.\\pipe\\crashpad_8088_DXXFZSWYYXOXSBHI',
  COLOR: '0',
  COLORTERM: 'truecolor',
  COMMONPROGRAMFILES: 'C:\\Program Files\\Common Files',
  'CommonProgramFiles(x86)': 'C:\\Program Files (x86)\\Common Files',
  CommonProgramW6432: 'C:\\Program Files\\Common Files',
  COMPUTERNAME: 'ABIDADHIKARI',
  COMSPEC: 'C:\\WINDOWS\\system32\\cmd.exe',
  CONFIG_SITE: 'C:/Program Files/Git/mingw64/etc/config.site',
  DISPLAY: 'needs-to-be-defined',
  DriverData: 'C:\\Windows\\System32\\Drivers\\DriverData',
  EDITOR: 'C:\\WINDOWS\\notepad.exe',
  EFC_9528_1262719628: '1',
  EFC_9528_1592913036: '1',
  EFC_9528_2283032206: '1',
  EFC_9528_2775293581: '1',
  EFC_9528_3789132940: '1',
  EXEPATH: 'C:\\Program Files\\Git\\bin',
  FPS_BROWSER_APP_PROFILE_STRING: 'Internet Explorer',
  FPS_BROWSER_USER_PROFILE_STRING: 'Default',
  GIT_ASKPASS: 'c:\\Users\\Dell\\AppData\\Roaming\\Code\\User\\globalStorage\\vscode.git\\askpass\\493597c785d4c5cb\\askpass.sh',
  GIT_EDITOR: ':',
  GIT_MERGE_AUTOEDIT: 'no',
  GIT_PAGER: 'cat',
  HISTCONTROL: 'ignorespace',
  HOME: 'C:\\Users\\Dell',
  HOMEDRIVE: 'C:',
  HOMEPATH: '\\Users\\Dell',
  HOSTNAME: 'AbidAdhikari',
  INFOPATH: 'C:\\Program Files\\Git\\usr\\local\\info;C:\\Program Files\\Git\\usr\\share\\info;C:\\Program Files\\Git\\usr\\info;C:\\Program Files\\Git\\share\\info',
  INIT_CWD: 'D:\\PER\\Tuffani pizza\\tuffani-pizza-frontend',
  IS_NEXT_WORKER: 'true',
  LANG: 'en_US.UTF-8',
  LM_LICENSE_FILE: 'C:\\flexlm\\lic_modelsim',
  LOCALAPPDATA: 'C:\\Users\\Dell\\AppData\\Local',
  LOGONSERVER: '\\\\ABIDADHIKARI',
  MANPATH: 'C:\\Program Files\\Git\\mingw64\\local\\man;C:\\Program Files\\Git\\mingw64\\share\\man;C:\\Program Files\\Git\\usr\\local\\man;C:\\Program Files\\Git\\usr\\share\\man;C:\\Program Files\\Git\\usr\\man;C:\\Program Files\\Git\\share\\man',
  MINGW_CHOST: 'x86_64-w64-mingw32',
  MINGW_PACKAGE_PREFIX: 'mingw-w64-x86_64',
  MINGW_PREFIX: 'C:/Program Files/Git/mingw64',
  MSYSTEM: 'MINGW64',
  MSYSTEM_CARCH: 'x86_64',
  MSYSTEM_CHOST: 'x86_64-w64-mingw32',
  MSYSTEM_PREFIX: 'C:/Program Files/Git/mingw64',
  NEXT_DEPLOYMENT_ID: '',
  NEXT_IS_EXPORT_WORKER: 'true',
  NEXT_PHASE: 'phase-production-build',
  NEXT_PUBLIC_BACKEND_URL: 'https://api.tufanipizza.com',
  NEXT_PUBLIC_SITE_URL: 'http://www.tufanipizza.com',
  NEXT_RUNTIME: 'nodejs',
  NODE: 'C:\\Program Files\\nodejs\\node.exe',
  NODE_ENV: 'production',
  NODE_OPTIONS: '',
  npm_command: 'run',
  npm_config_cache: 'C:\\Users\\Dell\\AppData\\Local\\npm-cache',
  npm_config_globalconfig: 'C:\\Program Files\\nodejs\\etc\\npmrc',
  npm_config_global_prefix: 'C:\\Program Files\\nodejs',
  npm_config_init_module: 'C:\\Users\\Dell\\.npm-init.js',
  npm_config_local_prefix: 'D:\\PER\\Tuffani pizza\\tuffani-pizza-frontend',
  npm_config_node_gyp: 'C:\\Users\\Dell\\AppData\\Roaming\\nvm\\v24.13.0\\node_modules\\npm\\node_modules\\node-gyp\\bin\\node-gyp.js',
  npm_config_noproxy: '',
  npm_config_npm_version: '11.6.2',
  npm_config_prefix: 'C:\\Program Files\\nodejs',
  npm_config_userconfig: 'C:\\Users\\Dell\\.npmrc',
  npm_config_user_agent: 'npm/11.6.2 node/v24.13.0 win32 x64 workspaces/false',
  npm_execpath: 'C:\\Users\\Dell\\AppData\\Roaming\\nvm\\v24.13.0\\node_modules\\npm\\bin\\npm-cli.js',
  npm_lifecycle_event: 'build',
  npm_lifecycle_script: 'next build',
  npm_node_execpath: 'C:\\Program Files\\nodejs\\node.exe',
  npm_package_json: 'D:\\PER\\Tuffani pizza\\tuffani-pizza-frontend\\package.json',
  npm_package_name: 'tufani-pizza-frontend',
  npm_package_version: '0.1.0',
  NUMBER_OF_PROCESSORS: '8',
  NVM_HOME: 'C:\\Users\\Dell\\AppData\\Roaming\\nvm',
  NVM_SYMLINK: 'C:\\Program Files\\nodejs',
  OneDrive: 'C:\\Users\\Dell\\OneDrive',
  ORIGINAL_PATH: 'C:\\Program Files\\Git\\mingw64\\bin;C:\\Program Files\\Git\\usr\\bin;C:\\Users\\Dell\\bin;C:\\Users\\Dell\\AppData\\Roaming\\Code\\User\\globalStorage\\github.copilot-chat\\debugCommand;C:\\Users\\Dell\\AppData\\Roaming\\Code\\User\\globalStorage\\github.copilot-chat\\copilotCli;C:\\Users\\Dell\\AppData\\Local\\Programs\\Microsoft VS Code;E:\\softwares\\App\\dbhomeXE\\bin;D:\\App\\WINDOWS.X64_213000_db_home\\bin;C:\\App\\db_home\\bin;C:\\Windows\\system32;C:\\Windows;C:\\Windows\\System32\\Wbem;C:\\Windows\\System32\\WindowsPowerShell\\v1.0;C:\\Windows\\System32\\OpenSSH;C:\\Program Files (x86)\\NVIDIA Corporation\\PhysX\\Common;C:\\Program Files\\NVIDIA Corporation\\NVIDIA NvDLISR;C:\\Program Files\\Git\\cmd;C:\\Program Files\\Git\\mingw64\\bin;C:\\Program Files\\Git\\usr\\bin;C:\\WINDOWS\\system32;C:\\WINDOWS;C:\\WINDOWS\\System32\\Wbem;C:\\WINDOWS\\System32\\WindowsPowerShell\\v1.0;C:\\WINDOWS\\System32\\OpenSSH;C:\\xampp7.4\\php;C:\\composer;C:\\Users\\Dell\\AppData\\Roaming\\nvm;C:\\Program Files\\nodejs;C:\\Program Files\\Microsoft SQL Server\\150\\Tools\\Binn;C:\\GnuWin32\\bin;C:\\Program Files\\Docker\\Docker\\resources\\bin;C:\\Program Files\\WireGuard;C:\\Users\\Dell\\scoop\\shims;C:\\Users\\Dell\\AppData\\Local\\Programs\\Python\\Python312\\Scripts;C:\\Users\\Dell\\AppData\\Local\\Programs\\Python\\Python312;C:\\Users\\Dell\\AppData\\Local\\Microsoft\\WindowsApps;C:\\Users\\Dell\\AppData\\Local\\Programs\\Microsoft VS Code\\bin;C:\\Program Files (x86)\\mingw-w64\\i686-8.1.0-posix-dwarf-rt_v6-rev0\\mingw32\\bin;C:\\Program Files\\heroku\\bin;C:\\Program Files\\MongoDB\\Server\\4.4\\bin;C:\\Users\\Dell\\AppData\\Roaming\\npm;C:\\Users\\Dell\\AppData\\Roaming\\Composer\\vendor\\bin;C:\\Users\\Dell\\AppData\\Roaming\\nvm;C:\\Program Files\\nodejs;C:\\xampp\\php;C:\\Program Files\\CodeBlocks\\MinGW\\bin;C:\\TDM-GCC-32\\bin;C:\\modeltech64_10.5\\win64;C:\\laragon\\bin\\php\\php-8.1.10-Win32-vs16-x64;C:\\Program Files\\Java\\jdk-22\\bin;C:\\Users\\Dell\\AppData\\Local\\GitHubDesktop\\bin;C:\\Users\\Dell\\AppData\\Local\\Programs\\Antigravity\\bin;C:\\Users\\Dell\\AppData\\Local\\Python\\bin',
  ORIGINAL_TEMP: 'C:/Users/Dell/AppData/Local/Temp',
  ORIGINAL_TMP: 'C:/Users/Dell/AppData/Local/Temp',
  OS: 'Windows_NT',
  PATH: 'D:\\PER\\Tuffani pizza\\tuffani-pizza-frontend\\node_modules\\.bin;D:\\PER\\Tuffani pizza\\node_modules\\.bin;D:\\PER\\node_modules\\.bin;D:\\node_modules\\.bin;C:\\Users\\Dell\\AppData\\Roaming\\nvm\\v24.13.0\\node_modules\\npm\\node_modules\\@npmcli\\run-script\\lib\\node-gyp-bin;C:\\Users\\Dell\\bin;C:\\Program Files\\Git\\mingw64\\bin;C:\\Program Files\\Git\\usr\\local\\bin;C:\\Program Files\\Git\\usr\\bin;C:\\Program Files\\Git\\usr\\bin;C:\\Program Files\\Git\\mingw64\\bin;C:\\Program Files\\Git\\usr\\bin;C:\\Users\\Dell\\bin;C:\\Users\\Dell\\AppData\\Roaming\\Code\\User\\globalStorage\\github.copilot-chat\\debugCommand;C:\\Users\\Dell\\AppData\\Roaming\\Code\\User\\globalStorage\\github.copilot-chat\\copilotCli;C:\\Users\\Dell\\AppData\\Local\\Programs\\Microsoft VS Code;E:\\softwares\\App\\dbhomeXE\\bin;D:\\App\\WINDOWS.X64_213000_db_home\\bin;C:\\App\\db_home\\bin;C:\\Windows\\system32;C:\\Windows;C:\\Windows\\System32\\Wbem;C:\\Windows\\System32\\WindowsPowerShell\\v1.0;C:\\Windows\\System32\\OpenSSH;C:\\Program Files (x86)\\NVIDIA Corporation\\PhysX\\Common;C:\\Program Files\\NVIDIA Corporation\\NVIDIA NvDLISR;C:\\Program Files\\Git\\cmd;C:\\Program Files\\Git\\mingw64\\bin;C:\\Program Files\\Git\\usr\\bin;C:\\WINDOWS\\system32;C:\\WINDOWS;C:\\WINDOWS\\System32\\Wbem;C:\\WINDOWS\\System32\\WindowsPowerShell\\v1.0;C:\\WINDOWS\\System32\\OpenSSH;C:\\xampp7.4\\php;C:\\composer;C:\\Users\\Dell\\AppData\\Roaming\\nvm;C:\\Program Files\\nodejs;C:\\Program Files\\Microsoft SQL Server\\150\\Tools\\Binn;C:\\GnuWin32\\bin;C:\\Program Files\\Docker\\Docker\\resources\\bin;C:\\Program Files\\WireGuard;C:\\Users\\Dell\\scoop\\shims;C:\\Users\\Dell\\AppData\\Local\\Programs\\Python\\Python312\\Scripts;C:\\Users\\Dell\\AppData\\Local\\Programs\\Python\\Python312;C:\\Users\\Dell\\AppData\\Local\\Microsoft\\WindowsApps;C:\\Users\\Dell\\AppData\\Local\\Programs\\Microsoft VS Code\\bin;C:\\Program Files (x86)\\mingw-w64\\i686-8.1.0-posix-dwarf-rt_v6-rev0\\mingw32\\bin;C:\\Program Files\\heroku\\bin;C:\\Program Files\\MongoDB\\Server\\4.4\\bin;C:\\Users\\Dell\\AppData\\Roaming\\npm;C:\\Users\\Dell\\AppData\\Roaming\\Composer\\vendor\\bin;C:\\Users\\Dell\\AppData\\Roaming\\nvm;C:\\Program Files\\nodejs;C:\\xampp\\php;C:\\Program Files\\CodeBlocks\\MinGW\\bin;C:\\TDM-GCC-32\\bin;C:\\modeltech64_10.5\\win64;C:\\laragon\\bin\\php\\php-8.1.10-Win32-vs16-x64;C:\\Program Files\\Java\\jdk-22\\bin;C:\\Users\\Dell\\AppData\\Local\\GitHubDesktop\\bin;C:\\Users\\Dell\\AppData\\Local\\Programs\\Antigravity\\bin;C:\\Users\\Dell\\AppData\\Local\\Python\\bin;C:\\Program Files\\Git\\usr\\bin\\vendor_perl;C:\\Program Files\\Git\\usr\\bin\\core_perl',
  PATHEXT: '.COM;.EXE;.BAT;.CMD;.VBS;.VBE;.JS;.JSE;.WSF;.WSH;.MSC',
  PKG_CONFIG_PATH: 'C:\\Program Files\\Git\\mingw64\\lib\\pkgconfig;C:\\Program Files\\Git\\mingw64\\share\\pkgconfig',
  PLINK_PROTOCOL: 'ssh',
  PROCESSOR_ARCHITECTURE: 'AMD64',
  PROCESSOR_IDENTIFIER: 'Intel64 Family 6 Model 142 Stepping 12, GenuineIntel',
  PROCESSOR_LEVEL: '6',
  PROCESSOR_REVISION: '8e0c',
  ProgramData: 'C:\\ProgramData',
  PROGRAMFILES: 'C:\\Program Files',
  'ProgramFiles(x86)': 'C:\\Program Files (x86)',
  ProgramW6432: 'C:\\Program Files',
  PROMPT: '$P$G',
  PSModulePath: 'C:\\Program Files\\WindowsPowerShell\\Modules;C:\\WINDOWS\\system32\\WindowsPowerShell\\v1.0\\Modules',
  PUBLIC: 'C:\\Users\\Public',
  PWD: 'D:/PER/Tuffani pizza/tuffani-pizza-frontend',
  PYTHONSTARTUP: 'c:\\Users\\Dell\\AppData\\Roaming\\Code\\User\\workspaceStorage\\c889e0ad64719f64916fd1406a77408d\\ms-python.python\\pythonrc.py',
  PYTHON_BASIC_REPL: '1',
  RUST_MIN_STACK: '8388608',
  SESSIONNAME: 'Console',
  SHELL: 'C:\\Program Files\\Git\\usr\\bin\\bash.exe',
  SHLVL: '2',
  SSH_ASKPASS: 'C:/Program Files/Git/mingw64/libexec/git-core/git-gui--askpass',
  SYSTEMDRIVE: 'C:',
  SYSTEMROOT: 'C:\\WINDOWS',
  TEMP: 'C:\\Users\\Dell\\AppData\\Local\\Temp',
  TERM: 'xterm-256color',
  TERM_PROGRAM: 'vscode',
  TERM_PROGRAM_VERSION: '1.112.0',
  TMP: 'C:\\Users\\Dell\\AppData\\Local\\Temp',
  TMPDIR: 'C:\\Users\\Dell\\AppData\\Local\\Temp',
  TURBOPACK: '1',
  USERDOMAIN: 'ABIDADHIKARI',
  USERDOMAIN_ROAMINGPROFILE: 'ABIDADHIKARI',
  USERNAME: 'Dell',
  USERPROFILE: 'C:\\Users\\Dell',
  VSCODE_GIT_ASKPASS_EXTRA_ARGS: '',
  VSCODE_GIT_ASKPASS_MAIN: 'c:\\Users\\Dell\\AppData\\Roaming\\Code\\User\\globalStorage\\vscode.git\\askpass\\493597c785d4c5cb\\askpass-main.js',
  VSCODE_GIT_ASKPASS_NODE: 'C:\\Users\\Dell\\AppData\\Local\\Programs\\Microsoft VS Code\\Code.exe',
  VSCODE_GIT_IPC_HANDLE: '\\\\.\\pipe\\vscode-git-842d2f3413-sock',
  VSCODE_PYTHON_AUTOACTIVATE_GUARD: '1',
  WINDIR: 'C:\\WINDOWS',
  ZES_ENABLE_SYSMAN: '1',
  _: 'C:/Program Files/nodejs/node.exe',
  __NEXT_PROCESSED_ENV: 'true'
}
{
  ACLOCAL_PATH: 'C:\\Program Files\\Git\\mingw64\\share\\aclocal;C:\\Program Files\\Git\\usr\\share\\aclocal',
  ALLUSERSPROFILE: 'C:\\ProgramData',
  APPDATA: 'C:\\Users\\Dell\\AppData\\Roaming',
  BACKEND_URL: 'https://api.tufanipizza.com',
  CHROME_CRASHPAD_PIPE_NAME: '\\\\.\\pipe\\crashpad_8088_DXXFZSWYYXOXSBHI',
  COLOR: '0',
  COLORTERM: 'truecolor',
  COMMONPROGRAMFILES: 'C:\\Program Files\\Common Files',
  'CommonProgramFiles(x86)': 'C:\\Program Files (x86)\\Common Files',
  CommonProgramW6432: 'C:\\Program Files\\Common Files',
  COMPUTERNAME: 'ABIDADHIKARI',
  COMSPEC: 'C:\\WINDOWS\\system32\\cmd.exe',
  CONFIG_SITE: 'C:/Program Files/Git/mingw64/etc/config.site',
  DISPLAY: 'needs-to-be-defined',
  DriverData: 'C:\\Windows\\System32\\Drivers\\DriverData',
  EDITOR: 'C:\\WINDOWS\\notepad.exe',
  EFC_9528_1262719628: '1',
  EFC_9528_1592913036: '1',
  EFC_9528_2283032206: '1',
  EFC_9528_2775293581: '1',
  EFC_9528_3789132940: '1',
  EXEPATH: 'C:\\Program Files\\Git\\bin',
  FPS_BROWSER_APP_PROFILE_STRING: 'Internet Explorer',
  FPS_BROWSER_USER_PROFILE_STRING: 'Default',
  GIT_ASKPASS: 'c:\\Users\\Dell\\AppData\\Roaming\\Code\\User\\globalStorage\\vscode.git\\askpass\\493597c785d4c5cb\\askpass.sh',
  GIT_EDITOR: ':',
  GIT_MERGE_AUTOEDIT: 'no',
  GIT_PAGER: 'cat',
  HISTCONTROL: 'ignorespace',
  HOME: 'C:\\Users\\Dell',
  HOMEDRIVE: 'C:',
  HOMEPATH: '\\Users\\Dell',
  HOSTNAME: 'AbidAdhikari',
  INFOPATH: 'C:\\Program Files\\Git\\usr\\local\\info;C:\\Program Files\\Git\\usr\\share\\info;C:\\Program Files\\Git\\usr\\info;C:\\Program Files\\Git\\share\\info',
  INIT_CWD: 'D:\\PER\\Tuffani pizza\\tuffani-pizza-frontend',
  IS_NEXT_WORKER: 'true',
  LANG: 'en_US.UTF-8',
  LM_LICENSE_FILE: 'C:\\flexlm\\lic_modelsim',
  LOCALAPPDATA: 'C:\\Users\\Dell\\AppData\\Local',
  LOGONSERVER: '\\\\ABIDADHIKARI',
  MANPATH: 'C:\\Program Files\\Git\\mingw64\\local\\man;C:\\Program Files\\Git\\mingw64\\share\\man;C:\\Program Files\\Git\\usr\\local\\man;C:\\Program Files\\Git\\usr\\share\\man;C:\\Program Files\\Git\\usr\\man;C:\\Program Files\\Git\\share\\man',
  MINGW_CHOST: 'x86_64-w64-mingw32',
  MINGW_PACKAGE_PREFIX: 'mingw-w64-x86_64',
  MINGW_PREFIX: 'C:/Program Files/Git/mingw64',
  MSYSTEM: 'MINGW64',
  MSYSTEM_CARCH: 'x86_64',
  MSYSTEM_CHOST: 'x86_64-w64-mingw32',
  MSYSTEM_PREFIX: 'C:/Program Files/Git/mingw64',
  NEXT_DEPLOYMENT_ID: '',
  NEXT_IS_EXPORT_WORKER: 'true',
  NEXT_PHASE: 'phase-production-build',
  NEXT_PUBLIC_BACKEND_URL: 'https://api.tufanipizza.com',
  NEXT_PUBLIC_SITE_URL: 'http://www.tufanipizza.com',
  NEXT_RUNTIME: 'nodejs',
  NODE: 'C:\\Program Files\\nodejs\\node.exe',
  NODE_ENV: 'production',
  NODE_OPTIONS: '',
  npm_command: 'run',
  npm_config_cache: 'C:\\Users\\Dell\\AppData\\Local\\npm-cache',
  npm_config_globalconfig: 'C:\\Program Files\\nodejs\\etc\\npmrc',
  npm_config_global_prefix: 'C:\\Program Files\\nodejs',
  npm_config_init_module: 'C:\\Users\\Dell\\.npm-init.js',
  npm_config_local_prefix: 'D:\\PER\\Tuffani pizza\\tuffani-pizza-frontend',
  npm_config_node_gyp: 'C:\\Users\\Dell\\AppData\\Roaming\\nvm\\v24.13.0\\node_modules\\npm\\node_modules\\node-gyp\\bin\\node-gyp.js',
  npm_config_noproxy: '',
  npm_config_npm_version: '11.6.2',
  npm_config_prefix: 'C:\\Program Files\\nodejs',
  npm_config_userconfig: 'C:\\Users\\Dell\\.npmrc',
  npm_config_user_agent: 'npm/11.6.2 node/v24.13.0 win32 x64 workspaces/false',
  npm_execpath: 'C:\\Users\\Dell\\AppData\\Roaming\\nvm\\v24.13.0\\node_modules\\npm\\bin\\npm-cli.js',
  npm_lifecycle_event: 'build',
  npm_lifecycle_script: 'next build',
  npm_node_execpath: 'C:\\Program Files\\nodejs\\node.exe',
  npm_package_json: 'D:\\PER\\Tuffani pizza\\tuffani-pizza-frontend\\package.json',
  npm_package_name: 'tufani-pizza-frontend',
  npm_package_version: '0.1.0',
  NUMBER_OF_PROCESSORS: '8',
  NVM_HOME: 'C:\\Users\\Dell\\AppData\\Roaming\\nvm',
  NVM_SYMLINK: 'C:\\Program Files\\nodejs',
  OneDrive: 'C:\\Users\\Dell\\OneDrive',
  ORIGINAL_PATH: 'C:\\Program Files\\Git\\mingw64\\bin;C:\\Program Files\\Git\\usr\\bin;C:\\Users\\Dell\\bin;C:\\Users\\Dell\\AppData\\Roaming\\Code\\User\\globalStorage\\github.copilot-chat\\debugCommand;C:\\Users\\Dell\\AppData\\Roaming\\Code\\User\\globalStorage\\github.copilot-chat\\copilotCli;C:\\Users\\Dell\\AppData\\Local\\Programs\\Microsoft VS Code;E:\\softwares\\App\\dbhomeXE\\bin;D:\\App\\WINDOWS.X64_213000_db_home\\bin;C:\\App\\db_home\\bin;C:\\Windows\\system32;C:\\Windows;C:\\Windows\\System32\\Wbem;C:\\Windows\\System32\\WindowsPowerShell\\v1.0;C:\\Windows\\System32\\OpenSSH;C:\\Program Files (x86)\\NVIDIA Corporation\\PhysX\\Common;C:\\Program Files\\NVIDIA Corporation\\NVIDIA NvDLISR;C:\\Program Files\\Git\\cmd;C:\\Program Files\\Git\\mingw64\\bin;C:\\Program Files\\Git\\usr\\bin;C:\\WINDOWS\\system32;C:\\WINDOWS;C:\\WINDOWS\\System32\\Wbem;C:\\WINDOWS\\System32\\WindowsPowerShell\\v1.0;C:\\WINDOWS\\System32\\OpenSSH;C:\\xampp7.4\\php;C:\\composer;C:\\Users\\Dell\\AppData\\Roaming\\nvm;C:\\Program Files\\nodejs;C:\\Program Files\\Microsoft SQL Server\\150\\Tools\\Binn;C:\\GnuWin32\\bin;C:\\Program Files\\Docker\\Docker\\resources\\bin;C:\\Program Files\\WireGuard;C:\\Users\\Dell\\scoop\\shims;C:\\Users\\Dell\\AppData\\Local\\Programs\\Python\\Python312\\Scripts;C:\\Users\\Dell\\AppData\\Local\\Programs\\Python\\Python312;C:\\Users\\Dell\\AppData\\Local\\Microsoft\\WindowsApps;C:\\Users\\Dell\\AppData\\Local\\Programs\\Microsoft VS Code\\bin;C:\\Program Files (x86)\\mingw-w64\\i686-8.1.0-posix-dwarf-rt_v6-rev0\\mingw32\\bin;C:\\Program Files\\heroku\\bin;C:\\Program Files\\MongoDB\\Server\\4.4\\bin;C:\\Users\\Dell\\AppData\\Roaming\\npm;C:\\Users\\Dell\\AppData\\Roaming\\Composer\\vendor\\bin;C:\\Users\\Dell\\AppData\\Roaming\\nvm;C:\\Program Files\\nodejs;C:\\xampp\\php;C:\\Program Files\\CodeBlocks\\MinGW\\bin;C:\\TDM-GCC-32\\bin;C:\\modeltech64_10.5\\win64;C:\\laragon\\bin\\php\\php-8.1.10-Win32-vs16-x64;C:\\Program Files\\Java\\jdk-22\\bin;C:\\Users\\Dell\\AppData\\Local\\GitHubDesktop\\bin;C:\\Users\\Dell\\AppData\\Local\\Programs\\Antigravity\\bin;C:\\Users\\Dell\\AppData\\Local\\Python\\bin',
  ORIGINAL_TEMP: 'C:/Users/Dell/AppData/Local/Temp',
  ORIGINAL_TMP: 'C:/Users/Dell/AppData/Local/Temp',
  OS: 'Windows_NT',
  PATH: 'D:\\PER\\Tuffani pizza\\tuffani-pizza-frontend\\node_modules\\.bin;D:\\PER\\Tuffani pizza\\node_modules\\.bin;D:\\PER\\node_modules\\.bin;D:\\node_modules\\.bin;C:\\Users\\Dell\\AppData\\Roaming\\nvm\\v24.13.0\\node_modules\\npm\\node_modules\\@npmcli\\run-script\\lib\\node-gyp-bin;C:\\Users\\Dell\\bin;C:\\Program Files\\Git\\mingw64\\bin;C:\\Program Files\\Git\\usr\\local\\bin;C:\\Program Files\\Git\\usr\\bin;C:\\Program Files\\Git\\usr\\bin;C:\\Program Files\\Git\\mingw64\\bin;C:\\Program Files\\Git\\usr\\bin;C:\\Users\\Dell\\bin;C:\\Users\\Dell\\AppData\\Roaming\\Code\\User\\globalStorage\\github.copilot-chat\\debugCommand;C:\\Users\\Dell\\AppData\\Roaming\\Code\\User\\globalStorage\\github.copilot-chat\\copilotCli;C:\\Users\\Dell\\AppData\\Local\\Programs\\Microsoft VS Code;E:\\softwares\\App\\dbhomeXE\\bin;D:\\App\\WINDOWS.X64_213000_db_home\\bin;C:\\App\\db_home\\bin;C:\\Windows\\system32;C:\\Windows;C:\\Windows\\System32\\Wbem;C:\\Windows\\System32\\WindowsPowerShell\\v1.0;C:\\Windows\\System32\\OpenSSH;C:\\Program Files (x86)\\NVIDIA Corporation\\PhysX\\Common;C:\\Program Files\\NVIDIA Corporation\\NVIDIA NvDLISR;C:\\Program Files\\Git\\cmd;C:\\Program Files\\Git\\mingw64\\bin;C:\\Program Files\\Git\\usr\\bin;C:\\WINDOWS\\system32;C:\\WINDOWS;C:\\WINDOWS\\System32\\Wbem;C:\\WINDOWS\\System32\\WindowsPowerShell\\v1.0;C:\\WINDOWS\\System32\\OpenSSH;C:\\xampp7.4\\php;C:\\composer;C:\\Users\\Dell\\AppData\\Roaming\\nvm;C:\\Program Files\\nodejs;C:\\Program Files\\Microsoft SQL Server\\150\\Tools\\Binn;C:\\GnuWin32\\bin;C:\\Program Files\\Docker\\Docker\\resources\\bin;C:\\Program Files\\WireGuard;C:\\Users\\Dell\\scoop\\shims;C:\\Users\\Dell\\AppData\\Local\\Programs\\Python\\Python312\\Scripts;C:\\Users\\Dell\\AppData\\Local\\Programs\\Python\\Python312;C:\\Users\\Dell\\AppData\\Local\\Microsoft\\WindowsApps;C:\\Users\\Dell\\AppData\\Local\\Programs\\Microsoft VS Code\\bin;C:\\Program Files (x86)\\mingw-w64\\i686-8.1.0-posix-dwarf-rt_v6-rev0\\mingw32\\bin;C:\\Program Files\\heroku\\bin;C:\\Program Files\\MongoDB\\Server\\4.4\\bin;C:\\Users\\Dell\\AppData\\Roaming\\npm;C:\\Users\\Dell\\AppData\\Roaming\\Composer\\vendor\\bin;C:\\Users\\Dell\\AppData\\Roaming\\nvm;C:\\Program Files\\nodejs;C:\\xampp\\php;C:\\Program Files\\CodeBlocks\\MinGW\\bin;C:\\TDM-GCC-32\\bin;C:\\modeltech64_10.5\\win64;C:\\laragon\\bin\\php\\php-8.1.10-Win32-vs16-x64;C:\\Program Files\\Java\\jdk-22\\bin;C:\\Users\\Dell\\AppData\\Local\\GitHubDesktop\\bin;C:\\Users\\Dell\\AppData\\Local\\Programs\\Antigravity\\bin;C:\\Users\\Dell\\AppData\\Local\\Python\\bin;C:\\Program Files\\Git\\usr\\bin\\vendor_perl;C:\\Program Files\\Git\\usr\\bin\\core_perl',
  PATHEXT: '.COM;.EXE;.BAT;.CMD;.VBS;.VBE;.JS;.JSE;.WSF;.WSH;.MSC',
  PKG_CONFIG_PATH: 'C:\\Program Files\\Git\\mingw64\\lib\\pkgconfig;C:\\Program Files\\Git\\mingw64\\share\\pkgconfig',
  PLINK_PROTOCOL: 'ssh',
  PROCESSOR_ARCHITECTURE: 'AMD64',
  PROCESSOR_IDENTIFIER: 'Intel64 Family 6 Model 142 Stepping 12, GenuineIntel',
  PROCESSOR_LEVEL: '6',
  PROCESSOR_REVISION: '8e0c',
  ProgramData: 'C:\\ProgramData',
  PROGRAMFILES: 'C:\\Program Files',
  'ProgramFiles(x86)': 'C:\\Program Files (x86)',
  ProgramW6432: 'C:\\Program Files',
  PROMPT: '$P$G',
  PSModulePath: 'C:\\Program Files\\WindowsPowerShell\\Modules;C:\\WINDOWS\\system32\\WindowsPowerShell\\v1.0\\Modules',
  PUBLIC: 'C:\\Users\\Public',
  PWD: 'D:/PER/Tuffani pizza/tuffani-pizza-frontend',
  PYTHONSTARTUP: 'c:\\Users\\Dell\\AppData\\Roaming\\Code\\User\\workspaceStorage\\c889e0ad64719f64916fd1406a77408d\\ms-python.python\\pythonrc.py',
  PYTHON_BASIC_REPL: '1',
  RUST_MIN_STACK: '8388608',
  SESSIONNAME: 'Console',
  SHELL: 'C:\\Program Files\\Git\\usr\\bin\\bash.exe',
  SHLVL: '2',
  SSH_ASKPASS: 'C:/Program Files/Git/mingw64/libexec/git-core/git-gui--askpass',
  SYSTEMDRIVE: 'C:',
  SYSTEMROOT: 'C:\\WINDOWS',
  TEMP: 'C:\\Users\\Dell\\AppData\\Local\\Temp',
  TERM: 'xterm-256color',
  TERM_PROGRAM: 'vscode',
  TERM_PROGRAM_VERSION: '1.112.0',
  TMP: 'C:\\Users\\Dell\\AppData\\Local\\Temp',
  TMPDIR: 'C:\\Users\\Dell\\AppData\\Local\\Temp',
  TURBOPACK: '1',
  USERDOMAIN: 'ABIDADHIKARI',
  USERDOMAIN_ROAMINGPROFILE: 'ABIDADHIKARI',
  USERNAME: 'Dell',
  USERPROFILE: 'C:\\Users\\Dell',
  VSCODE_GIT_ASKPASS_EXTRA_ARGS: '',
  VSCODE_GIT_ASKPASS_MAIN: 'c:\\Users\\Dell\\AppData\\Roaming\\Code\\User\\globalStorage\\vscode.git\\askpass\\493597c785d4c5cb\\askpass-main.js',
  VSCODE_GIT_ASKPASS_NODE: 'C:\\Users\\Dell\\AppData\\Local\\Programs\\Microsoft VS Code\\Code.exe',
  VSCODE_GIT_IPC_HANDLE: '\\\\.\\pipe\\vscode-git-842d2f3413-sock',
  VSCODE_PYTHON_AUTOACTIVATE_GUARD: '1',
  WINDIR: 'C:\\WINDOWS',
  ZES_ENABLE_SYSMAN: '1',
  _: 'C:/Program Files/nodejs/node.exe',
  __NEXT_PROCESSED_ENV: 'true'
}
{
  ACLOCAL_PATH: 'C:\\Program Files\\Git\\mingw64\\share\\aclocal;C:\\Program Files\\Git\\usr\\share\\aclocal',
  ALLUSERSPROFILE: 'C:\\ProgramData',
  APPDATA: 'C:\\Users\\Dell\\AppData\\Roaming',
  BACKEND_URL: 'https://api.tufanipizza.com',
  CHROME_CRASHPAD_PIPE_NAME: '\\\\.\\pipe\\crashpad_8088_DXXFZSWYYXOXSBHI',
  COLOR: '0',
  COLORTERM: 'truecolor',
  COMMONPROGRAMFILES: 'C:\\Program Files\\Common Files',
  'CommonProgramFiles(x86)': 'C:\\Program Files (x86)\\Common Files',
  CommonProgramW6432: 'C:\\Program Files\\Common Files',
  COMPUTERNAME: 'ABIDADHIKARI',
  COMSPEC: 'C:\\WINDOWS\\system32\\cmd.exe',
  CONFIG_SITE: 'C:/Program Files/Git/mingw64/etc/config.site',
  DISPLAY: 'needs-to-be-defined',
  DriverData: 'C:\\Windows\\System32\\Drivers\\DriverData',
  EDITOR: 'C:\\WINDOWS\\notepad.exe',
  EFC_9528_1262719628: '1',
  EFC_9528_1592913036: '1',
  EFC_9528_2283032206: '1',
  EFC_9528_2775293581: '1',
  EFC_9528_3789132940: '1',
  EXEPATH: 'C:\\Program Files\\Git\\bin',
  FPS_BROWSER_APP_PROFILE_STRING: 'Internet Explorer',
  FPS_BROWSER_USER_PROFILE_STRING: 'Default',
  GIT_ASKPASS: 'c:\\Users\\Dell\\AppData\\Roaming\\Code\\User\\globalStorage\\vscode.git\\askpass\\493597c785d4c5cb\\askpass.sh',
  GIT_EDITOR: ':',
  GIT_MERGE_AUTOEDIT: 'no',
  GIT_PAGER: 'cat',
  HISTCONTROL: 'ignorespace',
  HOME: 'C:\\Users\\Dell',
  HOMEDRIVE: 'C:',
  HOMEPATH: '\\Users\\Dell',
  HOSTNAME: 'AbidAdhikari',
  INFOPATH: 'C:\\Program Files\\Git\\usr\\local\\info;C:\\Program Files\\Git\\usr\\share\\info;C:\\Program Files\\Git\\usr\\info;C:\\Program Files\\Git\\share\\info',
  INIT_CWD: 'D:\\PER\\Tuffani pizza\\tuffani-pizza-frontend',
  IS_NEXT_WORKER: 'true',
  LANG: 'en_US.UTF-8',
  LM_LICENSE_FILE: 'C:\\flexlm\\lic_modelsim',
  LOCALAPPDATA: 'C:\\Users\\Dell\\AppData\\Local',
  LOGONSERVER: '\\\\ABIDADHIKARI',
  MANPATH: 'C:\\Program Files\\Git\\mingw64\\local\\man;C:\\Program Files\\Git\\mingw64\\share\\man;C:\\Program Files\\Git\\usr\\local\\man;C:\\Program Files\\Git\\usr\\share\\man;C:\\Program Files\\Git\\usr\\man;C:\\Program Files\\Git\\share\\man',
  MINGW_CHOST: 'x86_64-w64-mingw32',
  MINGW_PACKAGE_PREFIX: 'mingw-w64-x86_64',
  MINGW_PREFIX: 'C:/Program Files/Git/mingw64',
  MSYSTEM: 'MINGW64',
  MSYSTEM_CARCH: 'x86_64',
  MSYSTEM_CHOST: 'x86_64-w64-mingw32',
  MSYSTEM_PREFIX: 'C:/Program Files/Git/mingw64',
  NEXT_DEPLOYMENT_ID: '',
  NEXT_IS_EXPORT_WORKER: 'true',
  NEXT_PHASE: 'phase-production-build',
  NEXT_PUBLIC_BACKEND_URL: 'https://api.tufanipizza.com',
  NEXT_PUBLIC_SITE_URL: 'http://www.tufanipizza.com',
  NEXT_RUNTIME: 'nodejs',
  NODE: 'C:\\Program Files\\nodejs\\node.exe',
  NODE_ENV: 'production',
  NODE_OPTIONS: '',
  npm_command: 'run',
  npm_config_cache: 'C:\\Users\\Dell\\AppData\\Local\\npm-cache',
  npm_config_globalconfig: 'C:\\Program Files\\nodejs\\etc\\npmrc',
  npm_config_global_prefix: 'C:\\Program Files\\nodejs',
  npm_config_init_module: 'C:\\Users\\Dell\\.npm-init.js',
  npm_config_local_prefix: 'D:\\PER\\Tuffani pizza\\tuffani-pizza-frontend',
  npm_config_node_gyp: 'C:\\Users\\Dell\\AppData\\Roaming\\nvm\\v24.13.0\\node_modules\\npm\\node_modules\\node-gyp\\bin\\node-gyp.js',
  npm_config_noproxy: '',
  npm_config_npm_version: '11.6.2',
  npm_config_prefix: 'C:\\Program Files\\nodejs',
  npm_config_userconfig: 'C:\\Users\\Dell\\.npmrc',
  npm_config_user_agent: 'npm/11.6.2 node/v24.13.0 win32 x64 workspaces/false',
  npm_execpath: 'C:\\Users\\Dell\\AppData\\Roaming\\nvm\\v24.13.0\\node_modules\\npm\\bin\\npm-cli.js',
  npm_lifecycle_event: 'build',
  npm_lifecycle_script: 'next build',
  npm_node_execpath: 'C:\\Program Files\\nodejs\\node.exe',
  npm_package_json: 'D:\\PER\\Tuffani pizza\\tuffani-pizza-frontend\\package.json',
  npm_package_name: 'tufani-pizza-frontend',
  npm_package_version: '0.1.0',
  NUMBER_OF_PROCESSORS: '8',
  NVM_HOME: 'C:\\Users\\Dell\\AppData\\Roaming\\nvm',
  NVM_SYMLINK: 'C:\\Program Files\\nodejs',
  OneDrive: 'C:\\Users\\Dell\\OneDrive',
  ORIGINAL_PATH: 'C:\\Program Files\\Git\\mingw64\\bin;C:\\Program Files\\Git\\usr\\bin;C:\\Users\\Dell\\bin;C:\\Users\\Dell\\AppData\\Roaming\\Code\\User\\globalStorage\\github.copilot-chat\\debugCommand;C:\\Users\\Dell\\AppData\\Roaming\\Code\\User\\globalStorage\\github.copilot-chat\\copilotCli;C:\\Users\\Dell\\AppData\\Local\\Programs\\Microsoft VS Code;E:\\softwares\\App\\dbhomeXE\\bin;D:\\App\\WINDOWS.X64_213000_db_home\\bin;C:\\App\\db_home\\bin;C:\\Windows\\system32;C:\\Windows;C:\\Windows\\System32\\Wbem;C:\\Windows\\System32\\WindowsPowerShell\\v1.0;C:\\Windows\\System32\\OpenSSH;C:\\Program Files (x86)\\NVIDIA Corporation\\PhysX\\Common;C:\\Program Files\\NVIDIA Corporation\\NVIDIA NvDLISR;C:\\Program Files\\Git\\cmd;C:\\Program Files\\Git\\mingw64\\bin;C:\\Program Files\\Git\\usr\\bin;C:\\WINDOWS\\system32;C:\\WINDOWS;C:\\WINDOWS\\System32\\Wbem;C:\\WINDOWS\\System32\\WindowsPowerShell\\v1.0;C:\\WINDOWS\\System32\\OpenSSH;C:\\xampp7.4\\php;C:\\composer;C:\\Users\\Dell\\AppData\\Roaming\\nvm;C:\\Program Files\\nodejs;C:\\Program Files\\Microsoft SQL Server\\150\\Tools\\Binn;C:\\GnuWin32\\bin;C:\\Program Files\\Docker\\Docker\\resources\\bin;C:\\Program Files\\WireGuard;C:\\Users\\Dell\\scoop\\shims;C:\\Users\\Dell\\AppData\\Local\\Programs\\Python\\Python312\\Scripts;C:\\Users\\Dell\\AppData\\Local\\Programs\\Python\\Python312;C:\\Users\\Dell\\AppData\\Local\\Microsoft\\WindowsApps;C:\\Users\\Dell\\AppData\\Local\\Programs\\Microsoft VS Code\\bin;C:\\Program Files (x86)\\mingw-w64\\i686-8.1.0-posix-dwarf-rt_v6-rev0\\mingw32\\bin;C:\\Program Files\\heroku\\bin;C:\\Program Files\\MongoDB\\Server\\4.4\\bin;C:\\Users\\Dell\\AppData\\Roaming\\npm;C:\\Users\\Dell\\AppData\\Roaming\\Composer\\vendor\\bin;C:\\Users\\Dell\\AppData\\Roaming\\nvm;C:\\Program Files\\nodejs;C:\\xampp\\php;C:\\Program Files\\CodeBlocks\\MinGW\\bin;C:\\TDM-GCC-32\\bin;C:\\modeltech64_10.5\\win64;C:\\laragon\\bin\\php\\php-8.1.10-Win32-vs16-x64;C:\\Program Files\\Java\\jdk-22\\bin;C:\\Users\\Dell\\AppData\\Local\\GitHubDesktop\\bin;C:\\Users\\Dell\\AppData\\Local\\Programs\\Antigravity\\bin;C:\\Users\\Dell\\AppData\\Local\\Python\\bin',
  ORIGINAL_TEMP: 'C:/Users/Dell/AppData/Local/Temp',
  ORIGINAL_TMP: 'C:/Users/Dell/AppData/Local/Temp',
  OS: 'Windows_NT',
  PATH: 'D:\\PER\\Tuffani pizza\\tuffani-pizza-frontend\\node_modules\\.bin;D:\\PER\\Tuffani pizza\\node_modules\\.bin;D:\\PER\\node_modules\\.bin;D:\\node_modules\\.bin;C:\\Users\\Dell\\AppData\\Roaming\\nvm\\v24.13.0\\node_modules\\npm\\node_modules\\@npmcli\\run-script\\lib\\node-gyp-bin;C:\\Users\\Dell\\bin;C:\\Program Files\\Git\\mingw64\\bin;C:\\Program Files\\Git\\usr\\local\\bin;C:\\Program Files\\Git\\usr\\bin;C:\\Program Files\\Git\\usr\\bin;C:\\Program Files\\Git\\mingw64\\bin;C:\\Program Files\\Git\\usr\\bin;C:\\Users\\Dell\\bin;C:\\Users\\Dell\\AppData\\Roaming\\Code\\User\\globalStorage\\github.copilot-chat\\debugCommand;C:\\Users\\Dell\\AppData\\Roaming\\Code\\User\\globalStorage\\github.copilot-chat\\copilotCli;C:\\Users\\Dell\\AppData\\Local\\Programs\\Microsoft VS Code;E:\\softwares\\App\\dbhomeXE\\bin;D:\\App\\WINDOWS.X64_213000_db_home\\bin;C:\\App\\db_home\\bin;C:\\Windows\\system32;C:\\Windows;C:\\Windows\\System32\\Wbem;C:\\Windows\\System32\\WindowsPowerShell\\v1.0;C:\\Windows\\System32\\OpenSSH;C:\\Program Files (x86)\\NVIDIA Corporation\\PhysX\\Common;C:\\Program Files\\NVIDIA Corporation\\NVIDIA NvDLISR;C:\\Program Files\\Git\\cmd;C:\\Program Files\\Git\\mingw64\\bin;C:\\Program Files\\Git\\usr\\bin;C:\\WINDOWS\\system32;C:\\WINDOWS;C:\\WINDOWS\\System32\\Wbem;C:\\WINDOWS\\System32\\WindowsPowerShell\\v1.0;C:\\WINDOWS\\System32\\OpenSSH;C:\\xampp7.4\\php;C:\\composer;C:\\Users\\Dell\\AppData\\Roaming\\nvm;C:\\Program Files\\nodejs;C:\\Program Files\\Microsoft SQL Server\\150\\Tools\\Binn;C:\\GnuWin32\\bin;C:\\Program Files\\Docker\\Docker\\resources\\bin;C:\\Program Files\\WireGuard;C:\\Users\\Dell\\scoop\\shims;C:\\Users\\Dell\\AppData\\Local\\Programs\\Python\\Python312\\Scripts;C:\\Users\\Dell\\AppData\\Local\\Programs\\Python\\Python312;C:\\Users\\Dell\\AppData\\Local\\Microsoft\\WindowsApps;C:\\Users\\Dell\\AppData\\Local\\Programs\\Microsoft VS Code\\bin;C:\\Program Files (x86)\\mingw-w64\\i686-8.1.0-posix-dwarf-rt_v6-rev0\\mingw32\\bin;C:\\Program Files\\heroku\\bin;C:\\Program Files\\MongoDB\\Server\\4.4\\bin;C:\\Users\\Dell\\AppData\\Roaming\\npm;C:\\Users\\Dell\\AppData\\Roaming\\Composer\\vendor\\bin;C:\\Users\\Dell\\AppData\\Roaming\\nvm;C:\\Program Files\\nodejs;C:\\xampp\\php;C:\\Program Files\\CodeBlocks\\MinGW\\bin;C:\\TDM-GCC-32\\bin;C:\\modeltech64_10.5\\win64;C:\\laragon\\bin\\php\\php-8.1.10-Win32-vs16-x64;C:\\Program Files\\Java\\jdk-22\\bin;C:\\Users\\Dell\\AppData\\Local\\GitHubDesktop\\bin;C:\\Users\\Dell\\AppData\\Local\\Programs\\Antigravity\\bin;C:\\Users\\Dell\\AppData\\Local\\Python\\bin;C:\\Program Files\\Git\\usr\\bin\\vendor_perl;C:\\Program Files\\Git\\usr\\bin\\core_perl',
  PATHEXT: '.COM;.EXE;.BAT;.CMD;.VBS;.VBE;.JS;.JSE;.WSF;.WSH;.MSC',
  PKG_CONFIG_PATH: 'C:\\Program Files\\Git\\mingw64\\lib\\pkgconfig;C:\\Program Files\\Git\\mingw64\\share\\pkgconfig',
  PLINK_PROTOCOL: 'ssh',
  PROCESSOR_ARCHITECTURE: 'AMD64',
  PROCESSOR_IDENTIFIER: 'Intel64 Family 6 Model 142 Stepping 12, GenuineIntel',
  PROCESSOR_LEVEL: '6',
  PROCESSOR_REVISION: '8e0c',
  ProgramData: 'C:\\ProgramData',
  PROGRAMFILES: 'C:\\Program Files',
  'ProgramFiles(x86)': 'C:\\Program Files (x86)',
  ProgramW6432: 'C:\\Program Files',
  PROMPT: '$P$G',
  PSModulePath: 'C:\\Program Files\\WindowsPowerShell\\Modules;C:\\WINDOWS\\system32\\WindowsPowerShell\\v1.0\\Modules',
  PUBLIC: 'C:\\Users\\Public',
  PWD: 'D:/PER/Tuffani pizza/tuffani-pizza-frontend',
  PYTHONSTARTUP: 'c:\\Users\\Dell\\AppData\\Roaming\\Code\\User\\workspaceStorage\\c889e0ad64719f64916fd1406a77408d\\ms-python.python\\pythonrc.py',
  PYTHON_BASIC_REPL: '1',
  RUST_MIN_STACK: '8388608',
  SESSIONNAME: 'Console',
  SHELL: 'C:\\Program Files\\Git\\usr\\bin\\bash.exe',
  SHLVL: '2',
  SSH_ASKPASS: 'C:/Program Files/Git/mingw64/libexec/git-core/git-gui--askpass',
  SYSTEMDRIVE: 'C:',
  SYSTEMROOT: 'C:\\WINDOWS',
  TEMP: 'C:\\Users\\Dell\\AppData\\Local\\Temp',
  TERM: 'xterm-256color',
  TERM_PROGRAM: 'vscode',
  TERM_PROGRAM_VERSION: '1.112.0',
  TMP: 'C:\\Users\\Dell\\AppData\\Local\\Temp',
  TMPDIR: 'C:\\Users\\Dell\\AppData\\Local\\Temp',
  TURBOPACK: '1',
  USERDOMAIN: 'ABIDADHIKARI',
  USERDOMAIN_ROAMINGPROFILE: 'ABIDADHIKARI',
  USERNAME: 'Dell',
  USERPROFILE: 'C:\\Users\\Dell',
  VSCODE_GIT_ASKPASS_EXTRA_ARGS: '',
  VSCODE_GIT_ASKPASS_MAIN: 'c:\\Users\\Dell\\AppData\\Roaming\\Code\\User\\globalStorage\\vscode.git\\askpass\\493597c785d4c5cb\\askpass-main.js',
  VSCODE_GIT_ASKPASS_NODE: 'C:\\Users\\Dell\\AppData\\Local\\Programs\\Microsoft VS Code\\Code.exe',
  VSCODE_GIT_IPC_HANDLE: '\\\\.\\pipe\\vscode-git-842d2f3413-sock',
  VSCODE_PYTHON_AUTOACTIVATE_GUARD: '1',
  WINDIR: 'C:\\WINDOWS',
  ZES_ENABLE_SYSMAN: '1',
  _: 'C:/Program Files/nodejs/node.exe',
  __NEXT_PROCESSED_ENV: 'true'
}
{
  ACLOCAL_PATH: 'C:\\Program Files\\Git\\mingw64\\share\\aclocal;C:\\Program Files\\Git\\usr\\share\\aclocal',
  ALLUSERSPROFILE: 'C:\\ProgramData',
  APPDATA: 'C:\\Users\\Dell\\AppData\\Roaming',
  BACKEND_URL: 'https://api.tufanipizza.com',
  CHROME_CRASHPAD_PIPE_NAME: '\\\\.\\pipe\\crashpad_8088_DXXFZSWYYXOXSBHI',
  COLOR: '0',
  COLORTERM: 'truecolor',
  COMMONPROGRAMFILES: 'C:\\Program Files\\Common Files',
  'CommonProgramFiles(x86)': 'C:\\Program Files (x86)\\Common Files',
  CommonProgramW6432: 'C:\\Program Files\\Common Files',
  COMPUTERNAME: 'ABIDADHIKARI',
  COMSPEC: 'C:\\WINDOWS\\system32\\cmd.exe',
  CONFIG_SITE: 'C:/Program Files/Git/mingw64/etc/config.site',
  DISPLAY: 'needs-to-be-defined',
  DriverData: 'C:\\Windows\\System32\\Drivers\\DriverData',
  EDITOR: 'C:\\WINDOWS\\notepad.exe',
  EFC_9528_1262719628: '1',
  EFC_9528_1592913036: '1',
  EFC_9528_2283032206: '1',
  EFC_9528_2775293581: '1',
  EFC_9528_3789132940: '1',
  EXEPATH: 'C:\\Program Files\\Git\\bin',
  FPS_BROWSER_APP_PROFILE_STRING: 'Internet Explorer',
  FPS_BROWSER_USER_PROFILE_STRING: 'Default',
  GIT_ASKPASS: 'c:\\Users\\Dell\\AppData\\Roaming\\Code\\User\\globalStorage\\vscode.git\\askpass\\493597c785d4c5cb\\askpass.sh',
  GIT_EDITOR: ':',
  GIT_MERGE_AUTOEDIT: 'no',
  GIT_PAGER: 'cat',
  HISTCONTROL: 'ignorespace',
  HOME: 'C:\\Users\\Dell',
  HOMEDRIVE: 'C:',
  HOMEPATH: '\\Users\\Dell',
  HOSTNAME: 'AbidAdhikari',
  INFOPATH: 'C:\\Program Files\\Git\\usr\\local\\info;C:\\Program Files\\Git\\usr\\share\\info;C:\\Program Files\\Git\\usr\\info;C:\\Program Files\\Git\\share\\info',
  INIT_CWD: 'D:\\PER\\Tuffani pizza\\tuffani-pizza-frontend',
  IS_NEXT_WORKER: 'true',
  LANG: 'en_US.UTF-8',
  LM_LICENSE_FILE: 'C:\\flexlm\\lic_modelsim',
  LOCALAPPDATA: 'C:\\Users\\Dell\\AppData\\Local',
  LOGONSERVER: '\\\\ABIDADHIKARI',
  MANPATH: 'C:\\Program Files\\Git\\mingw64\\local\\man;C:\\Program Files\\Git\\mingw64\\share\\man;C:\\Program Files\\Git\\usr\\local\\man;C:\\Program Files\\Git\\usr\\share\\man;C:\\Program Files\\Git\\usr\\man;C:\\Program Files\\Git\\share\\man',
  MINGW_CHOST: 'x86_64-w64-mingw32',
  MINGW_PACKAGE_PREFIX: 'mingw-w64-x86_64',
  MINGW_PREFIX: 'C:/Program Files/Git/mingw64',
  MSYSTEM: 'MINGW64',
  MSYSTEM_CARCH: 'x86_64',
  MSYSTEM_CHOST: 'x86_64-w64-mingw32',
  MSYSTEM_PREFIX: 'C:/Program Files/Git/mingw64',
  NEXT_DEPLOYMENT_ID: '',
  NEXT_IS_EXPORT_WORKER: 'true',
  NEXT_PHASE: 'phase-production-build',
  NEXT_PUBLIC_BACKEND_URL: 'https://api.tufanipizza.com',
  NEXT_PUBLIC_SITE_URL: 'http://www.tufanipizza.com',
  NEXT_RUNTIME: 'nodejs',
  NODE: 'C:\\Program Files\\nodejs\\node.exe',
  NODE_ENV: 'production',
  NODE_OPTIONS: '',
  npm_command: 'run',
  npm_config_cache: 'C:\\Users\\Dell\\AppData\\Local\\npm-cache',
  npm_config_globalconfig: 'C:\\Program Files\\nodejs\\etc\\npmrc',
  npm_config_global_prefix: 'C:\\Program Files\\nodejs',
  npm_config_init_module: 'C:\\Users\\Dell\\.npm-init.js',
  npm_config_local_prefix: 'D:\\PER\\Tuffani pizza\\tuffani-pizza-frontend',
  npm_config_node_gyp: 'C:\\Users\\Dell\\AppData\\Roaming\\nvm\\v24.13.0\\node_modules\\npm\\node_modules\\node-gyp\\bin\\node-gyp.js',
  npm_config_noproxy: '',
  npm_config_npm_version: '11.6.2',
  npm_config_prefix: 'C:\\Program Files\\nodejs',
  npm_config_userconfig: 'C:\\Users\\Dell\\.npmrc',
  npm_config_user_agent: 'npm/11.6.2 node/v24.13.0 win32 x64 workspaces/false',
  npm_execpath: 'C:\\Users\\Dell\\AppData\\Roaming\\nvm\\v24.13.0\\node_modules\\npm\\bin\\npm-cli.js',
  npm_lifecycle_event: 'build',
  npm_lifecycle_script: 'next build',
  npm_node_execpath: 'C:\\Program Files\\nodejs\\node.exe',
  npm_package_json: 'D:\\PER\\Tuffani pizza\\tuffani-pizza-frontend\\package.json',
  npm_package_name: 'tufani-pizza-frontend',
  npm_package_version: '0.1.0',
  NUMBER_OF_PROCESSORS: '8',
  NVM_HOME: 'C:\\Users\\Dell\\AppData\\Roaming\\nvm',
  NVM_SYMLINK: 'C:\\Program Files\\nodejs',
  OneDrive: 'C:\\Users\\Dell\\OneDrive',
  ORIGINAL_PATH: 'C:\\Program Files\\Git\\mingw64\\bin;C:\\Program Files\\Git\\usr\\bin;C:\\Users\\Dell\\bin;C:\\Users\\Dell\\AppData\\Roaming\\Code\\User\\globalStorage\\github.copilot-chat\\debugCommand;C:\\Users\\Dell\\AppData\\Roaming\\Code\\User\\globalStorage\\github.copilot-chat\\copilotCli;C:\\Users\\Dell\\AppData\\Local\\Programs\\Microsoft VS Code;E:\\softwares\\App\\dbhomeXE\\bin;D:\\App\\WINDOWS.X64_213000_db_home\\bin;C:\\App\\db_home\\bin;C:\\Windows\\system32;C:\\Windows;C:\\Windows\\System32\\Wbem;C:\\Windows\\System32\\WindowsPowerShell\\v1.0;C:\\Windows\\System32\\OpenSSH;C:\\Program Files (x86)\\NVIDIA Corporation\\PhysX\\Common;C:\\Program Files\\NVIDIA Corporation\\NVIDIA NvDLISR;C:\\Program Files\\Git\\cmd;C:\\Program Files\\Git\\mingw64\\bin;C:\\Program Files\\Git\\usr\\bin;C:\\WINDOWS\\system32;C:\\WINDOWS;C:\\WINDOWS\\System32\\Wbem;C:\\WINDOWS\\System32\\WindowsPowerShell\\v1.0;C:\\WINDOWS\\System32\\OpenSSH;C:\\xampp7.4\\php;C:\\composer;C:\\Users\\Dell\\AppData\\Roaming\\nvm;C:\\Program Files\\nodejs;C:\\Program Files\\Microsoft SQL Server\\150\\Tools\\Binn;C:\\GnuWin32\\bin;C:\\Program Files\\Docker\\Docker\\resources\\bin;C:\\Program Files\\WireGuard;C:\\Users\\Dell\\scoop\\shims;C:\\Users\\Dell\\AppData\\Local\\Programs\\Python\\Python312\\Scripts;C:\\Users\\Dell\\AppData\\Local\\Programs\\Python\\Python312;C:\\Users\\Dell\\AppData\\Local\\Microsoft\\WindowsApps;C:\\Users\\Dell\\AppData\\Local\\Programs\\Microsoft VS Code\\bin;C:\\Program Files (x86)\\mingw-w64\\i686-8.1.0-posix-dwarf-rt_v6-rev0\\mingw32\\bin;C:\\Program Files\\heroku\\bin;C:\\Program Files\\MongoDB\\Server\\4.4\\bin;C:\\Users\\Dell\\AppData\\Roaming\\npm;C:\\Users\\Dell\\AppData\\Roaming\\Composer\\vendor\\bin;C:\\Users\\Dell\\AppData\\Roaming\\nvm;C:\\Program Files\\nodejs;C:\\xampp\\php;C:\\Program Files\\CodeBlocks\\MinGW\\bin;C:\\TDM-GCC-32\\bin;C:\\modeltech64_10.5\\win64;C:\\laragon\\bin\\php\\php-8.1.10-Win32-vs16-x64;C:\\Program Files\\Java\\jdk-22\\bin;C:\\Users\\Dell\\AppData\\Local\\GitHubDesktop\\bin;C:\\Users\\Dell\\AppData\\Local\\Programs\\Antigravity\\bin;C:\\Users\\Dell\\AppData\\Local\\Python\\bin',
  ORIGINAL_TEMP: 'C:/Users/Dell/AppData/Local/Temp',
  ORIGINAL_TMP: 'C:/Users/Dell/AppData/Local/Temp',
  OS: 'Windows_NT',
  PATH: 'D:\\PER\\Tuffani pizza\\tuffani-pizza-frontend\\node_modules\\.bin;D:\\PER\\Tuffani pizza\\node_modules\\.bin;D:\\PER\\node_modules\\.bin;D:\\node_modules\\.bin;C:\\Users\\Dell\\AppData\\Roaming\\nvm\\v24.13.0\\node_modules\\npm\\node_modules\\@npmcli\\run-script\\lib\\node-gyp-bin;C:\\Users\\Dell\\bin;C:\\Program Files\\Git\\mingw64\\bin;C:\\Program Files\\Git\\usr\\local\\bin;C:\\Program Files\\Git\\usr\\bin;C:\\Program Files\\Git\\usr\\bin;C:\\Program Files\\Git\\mingw64\\bin;C:\\Program Files\\Git\\usr\\bin;C:\\Users\\Dell\\bin;C:\\Users\\Dell\\AppData\\Roaming\\Code\\User\\globalStorage\\github.copilot-chat\\debugCommand;C:\\Users\\Dell\\AppData\\Roaming\\Code\\User\\globalStorage\\github.copilot-chat\\copilotCli;C:\\Users\\Dell\\AppData\\Local\\Programs\\Microsoft VS Code;E:\\softwares\\App\\dbhomeXE\\bin;D:\\App\\WINDOWS.X64_213000_db_home\\bin;C:\\App\\db_home\\bin;C:\\Windows\\system32;C:\\Windows;C:\\Windows\\System32\\Wbem;C:\\Windows\\System32\\WindowsPowerShell\\v1.0;C:\\Windows\\System32\\OpenSSH;C:\\Program Files (x86)\\NVIDIA Corporation\\PhysX\\Common;C:\\Program Files\\NVIDIA Corporation\\NVIDIA NvDLISR;C:\\Program Files\\Git\\cmd;C:\\Program Files\\Git\\mingw64\\bin;C:\\Program Files\\Git\\usr\\bin;C:\\WINDOWS\\system32;C:\\WINDOWS;C:\\WINDOWS\\System32\\Wbem;C:\\WINDOWS\\System32\\WindowsPowerShell\\v1.0;C:\\WINDOWS\\System32\\OpenSSH;C:\\xampp7.4\\php;C:\\composer;C:\\Users\\Dell\\AppData\\Roaming\\nvm;C:\\Program Files\\nodejs;C:\\Program Files\\Microsoft SQL Server\\150\\Tools\\Binn;C:\\GnuWin32\\bin;C:\\Program Files\\Docker\\Docker\\resources\\bin;C:\\Program Files\\WireGuard;C:\\Users\\Dell\\scoop\\shims;C:\\Users\\Dell\\AppData\\Local\\Programs\\Python\\Python312\\Scripts;C:\\Users\\Dell\\AppData\\Local\\Programs\\Python\\Python312;C:\\Users\\Dell\\AppData\\Local\\Microsoft\\WindowsApps;C:\\Users\\Dell\\AppData\\Local\\Programs\\Microsoft VS Code\\bin;C:\\Program Files (x86)\\mingw-w64\\i686-8.1.0-posix-dwarf-rt_v6-rev0\\mingw32\\bin;C:\\Program Files\\heroku\\bin;C:\\Program Files\\MongoDB\\Server\\4.4\\bin;C:\\Users\\Dell\\AppData\\Roaming\\npm;C:\\Users\\Dell\\AppData\\Roaming\\Composer\\vendor\\bin;C:\\Users\\Dell\\AppData\\Roaming\\nvm;C:\\Program Files\\nodejs;C:\\xampp\\php;C:\\Program Files\\CodeBlocks\\MinGW\\bin;C:\\TDM-GCC-32\\bin;C:\\modeltech64_10.5\\win64;C:\\laragon\\bin\\php\\php-8.1.10-Win32-vs16-x64;C:\\Program Files\\Java\\jdk-22\\bin;C:\\Users\\Dell\\AppData\\Local\\GitHubDesktop\\bin;C:\\Users\\Dell\\AppData\\Local\\Programs\\Antigravity\\bin;C:\\Users\\Dell\\AppData\\Local\\Python\\bin;C:\\Program Files\\Git\\usr\\bin\\vendor_perl;C:\\Program Files\\Git\\usr\\bin\\core_perl',
  PATHEXT: '.COM;.EXE;.BAT;.CMD;.VBS;.VBE;.JS;.JSE;.WSF;.WSH;.MSC',
  PKG_CONFIG_PATH: 'C:\\Program Files\\Git\\mingw64\\lib\\pkgconfig;C:\\Program Files\\Git\\mingw64\\share\\pkgconfig',
  PLINK_PROTOCOL: 'ssh',
  PROCESSOR_ARCHITECTURE: 'AMD64',
  PROCESSOR_IDENTIFIER: 'Intel64 Family 6 Model 142 Stepping 12, GenuineIntel',
  PROCESSOR_LEVEL: '6',
  PROCESSOR_REVISION: '8e0c',
  ProgramData: 'C:\\ProgramData',
  PROGRAMFILES: 'C:\\Program Files',
  'ProgramFiles(x86)': 'C:\\Program Files (x86)',
  ProgramW6432: 'C:\\Program Files',
  PROMPT: '$P$G',
  PSModulePath: 'C:\\Program Files\\WindowsPowerShell\\Modules;C:\\WINDOWS\\system32\\WindowsPowerShell\\v1.0\\Modules',
  PUBLIC: 'C:\\Users\\Public',
  PWD: 'D:/PER/Tuffani pizza/tuffani-pizza-frontend',
  PYTHONSTARTUP: 'c:\\Users\\Dell\\AppData\\Roaming\\Code\\User\\workspaceStorage\\c889e0ad64719f64916fd1406a77408d\\ms-python.python\\pythonrc.py',
  PYTHON_BASIC_REPL: '1',
  RUST_MIN_STACK: '8388608',
  SESSIONNAME: 'Console',
  SHELL: 'C:\\Program Files\\Git\\usr\\bin\\bash.exe',
  SHLVL: '2',
  SSH_ASKPASS: 'C:/Program Files/Git/mingw64/libexec/git-core/git-gui--askpass',
  SYSTEMDRIVE: 'C:',
  SYSTEMROOT: 'C:\\WINDOWS',
  TEMP: 'C:\\Users\\Dell\\AppData\\Local\\Temp',
  TERM: 'xterm-256color',
  TERM_PROGRAM: 'vscode',
  TERM_PROGRAM_VERSION: '1.112.0',
  TMP: 'C:\\Users\\Dell\\AppData\\Local\\Temp',
  TMPDIR: 'C:\\Users\\Dell\\AppData\\Local\\Temp',
  TURBOPACK: '1',
  USERDOMAIN: 'ABIDADHIKARI',
  USERDOMAIN_ROAMINGPROFILE: 'ABIDADHIKARI',
  USERNAME: 'Dell',
  USERPROFILE: 'C:\\Users\\Dell',
  VSCODE_GIT_ASKPASS_EXTRA_ARGS: '',
  VSCODE_GIT_ASKPASS_MAIN: 'c:\\Users\\Dell\\AppData\\Roaming\\Code\\User\\globalStorage\\vscode.git\\askpass\\493597c785d4c5cb\\askpass-main.js',
  VSCODE_GIT_ASKPASS_NODE: 'C:\\Users\\Dell\\AppData\\Local\\Programs\\Microsoft VS Code\\Code.exe',
  VSCODE_GIT_IPC_HANDLE: '\\\\.\\pipe\\vscode-git-842d2f3413-sock',
  VSCODE_PYTHON_AUTOACTIVATE_GUARD: '1',
  WINDIR: 'C:\\WINDOWS',
  ZES_ENABLE_SYSMAN: '1',
  _: 'C:/Program Files/nodejs/node.exe',
  __NEXT_PROCESSED_ENV: 'true'
}
{
  ACLOCAL_PATH: 'C:\\Program Files\\Git\\mingw64\\share\\aclocal;C:\\Program Files\\Git\\usr\\share\\aclocal',
  ALLUSERSPROFILE: 'C:\\ProgramData',
  APPDATA: 'C:\\Users\\Dell\\AppData\\Roaming',
  BACKEND_URL: 'https://api.tufanipizza.com',
  CHROME_CRASHPAD_PIPE_NAME: '\\\\.\\pipe\\crashpad_8088_DXXFZSWYYXOXSBHI',
  COLOR: '0',
  COLORTERM: 'truecolor',
  COMMONPROGRAMFILES: 'C:\\Program Files\\Common Files',
  'CommonProgramFiles(x86)': 'C:\\Program Files (x86)\\Common Files',
  CommonProgramW6432: 'C:\\Program Files\\Common Files',
  COMPUTERNAME: 'ABIDADHIKARI',
  COMSPEC: 'C:\\WINDOWS\\system32\\cmd.exe',
  CONFIG_SITE: 'C:/Program Files/Git/mingw64/etc/config.site',
  DISPLAY: 'needs-to-be-defined',
  DriverData: 'C:\\Windows\\System32\\Drivers\\DriverData',
  EDITOR: 'C:\\WINDOWS\\notepad.exe',
  EFC_9528_1262719628: '1',
  EFC_9528_1592913036: '1',
  EFC_9528_2283032206: '1',
  EFC_9528_2775293581: '1',
  EFC_9528_3789132940: '1',
  EXEPATH: 'C:\\Program Files\\Git\\bin',
  FPS_BROWSER_APP_PROFILE_STRING: 'Internet Explorer',
  FPS_BROWSER_USER_PROFILE_STRING: 'Default',
  GIT_ASKPASS: 'c:\\Users\\Dell\\AppData\\Roaming\\Code\\User\\globalStorage\\vscode.git\\askpass\\493597c785d4c5cb\\askpass.sh',
  GIT_EDITOR: ':',
  GIT_MERGE_AUTOEDIT: 'no',
  GIT_PAGER: 'cat',
  HISTCONTROL: 'ignorespace',
  HOME: 'C:\\Users\\Dell',
  HOMEDRIVE: 'C:',
  HOMEPATH: '\\Users\\Dell',
  HOSTNAME: 'AbidAdhikari',
  INFOPATH: 'C:\\Program Files\\Git\\usr\\local\\info;C:\\Program Files\\Git\\usr\\share\\info;C:\\Program Files\\Git\\usr\\info;C:\\Program Files\\Git\\share\\info',
  INIT_CWD: 'D:\\PER\\Tuffani pizza\\tuffani-pizza-frontend',
  IS_NEXT_WORKER: 'true',
  LANG: 'en_US.UTF-8',
  LM_LICENSE_FILE: 'C:\\flexlm\\lic_modelsim',
  LOCALAPPDATA: 'C:\\Users\\Dell\\AppData\\Local',
  LOGONSERVER: '\\\\ABIDADHIKARI',
  MANPATH: 'C:\\Program Files\\Git\\mingw64\\local\\man;C:\\Program Files\\Git\\mingw64\\share\\man;C:\\Program Files\\Git\\usr\\local\\man;C:\\Program Files\\Git\\usr\\share\\man;C:\\Program Files\\Git\\usr\\man;C:\\Program Files\\Git\\share\\man',
  MINGW_CHOST: 'x86_64-w64-mingw32',
  MINGW_PACKAGE_PREFIX: 'mingw-w64-x86_64',
  MINGW_PREFIX: 'C:/Program Files/Git/mingw64',
  MSYSTEM: 'MINGW64',
  MSYSTEM_CARCH: 'x86_64',
  MSYSTEM_CHOST: 'x86_64-w64-mingw32',
  MSYSTEM_PREFIX: 'C:/Program Files/Git/mingw64',
  NEXT_DEPLOYMENT_ID: '',
  NEXT_IS_EXPORT_WORKER: 'true',
  NEXT_PHASE: 'phase-production-build',
  NEXT_PUBLIC_BACKEND_URL: 'https://api.tufanipizza.com',
  NEXT_PUBLIC_SITE_URL: 'http://www.tufanipizza.com',
  NEXT_RUNTIME: 'nodejs',
  NODE: 'C:\\Program Files\\nodejs\\node.exe',
  NODE_ENV: 'production',
  NODE_OPTIONS: '',
  npm_command: 'run',
  npm_config_cache: 'C:\\Users\\Dell\\AppData\\Local\\npm-cache',
  npm_config_globalconfig: 'C:\\Program Files\\nodejs\\etc\\npmrc',
  npm_config_global_prefix: 'C:\\Program Files\\nodejs',
  npm_config_init_module: 'C:\\Users\\Dell\\.npm-init.js',
  npm_config_local_prefix: 'D:\\PER\\Tuffani pizza\\tuffani-pizza-frontend',
  npm_config_node_gyp: 'C:\\Users\\Dell\\AppData\\Roaming\\nvm\\v24.13.0\\node_modules\\npm\\node_modules\\node-gyp\\bin\\node-gyp.js',
  npm_config_noproxy: '',
  npm_config_npm_version: '11.6.2',
  npm_config_prefix: 'C:\\Program Files\\nodejs',
  npm_config_userconfig: 'C:\\Users\\Dell\\.npmrc',
  npm_config_user_agent: 'npm/11.6.2 node/v24.13.0 win32 x64 workspaces/false',
  npm_execpath: 'C:\\Users\\Dell\\AppData\\Roaming\\nvm\\v24.13.0\\node_modules\\npm\\bin\\npm-cli.js',
  npm_lifecycle_event: 'build',
  npm_lifecycle_script: 'next build',
  npm_node_execpath: 'C:\\Program Files\\nodejs\\node.exe',
  npm_package_json: 'D:\\PER\\Tuffani pizza\\tuffani-pizza-frontend\\package.json',
  npm_package_name: 'tufani-pizza-frontend',
  npm_package_version: '0.1.0',
  NUMBER_OF_PROCESSORS: '8',
  NVM_HOME: 'C:\\Users\\Dell\\AppData\\Roaming\\nvm',
  NVM_SYMLINK: 'C:\\Program Files\\nodejs',
  OneDrive: 'C:\\Users\\Dell\\OneDrive',
  ORIGINAL_PATH: 'C:\\Program Files\\Git\\mingw64\\bin;C:\\Program Files\\Git\\usr\\bin;C:\\Users\\Dell\\bin;C:\\Users\\Dell\\AppData\\Roaming\\Code\\User\\globalStorage\\github.copilot-chat\\debugCommand;C:\\Users\\Dell\\AppData\\Roaming\\Code\\User\\globalStorage\\github.copilot-chat\\copilotCli;C:\\Users\\Dell\\AppData\\Local\\Programs\\Microsoft VS Code;E:\\softwares\\App\\dbhomeXE\\bin;D:\\App\\WINDOWS.X64_213000_db_home\\bin;C:\\App\\db_home\\bin;C:\\Windows\\system32;C:\\Windows;C:\\Windows\\System32\\Wbem;C:\\Windows\\System32\\WindowsPowerShell\\v1.0;C:\\Windows\\System32\\OpenSSH;C:\\Program Files (x86)\\NVIDIA Corporation\\PhysX\\Common;C:\\Program Files\\NVIDIA Corporation\\NVIDIA NvDLISR;C:\\Program Files\\Git\\cmd;C:\\Program Files\\Git\\mingw64\\bin;C:\\Program Files\\Git\\usr\\bin;C:\\WINDOWS\\system32;C:\\WINDOWS;C:\\WINDOWS\\System32\\Wbem;C:\\WINDOWS\\System32\\WindowsPowerShell\\v1.0;C:\\WINDOWS\\System32\\OpenSSH;C:\\xampp7.4\\php;C:\\composer;C:\\Users\\Dell\\AppData\\Roaming\\nvm;C:\\Program Files\\nodejs;C:\\Program Files\\Microsoft SQL Server\\150\\Tools\\Binn;C:\\GnuWin32\\bin;C:\\Program Files\\Docker\\Docker\\resources\\bin;C:\\Program Files\\WireGuard;C:\\Users\\Dell\\scoop\\shims;C:\\Users\\Dell\\AppData\\Local\\Programs\\Python\\Python312\\Scripts;C:\\Users\\Dell\\AppData\\Local\\Programs\\Python\\Python312;C:\\Users\\Dell\\AppData\\Local\\Microsoft\\WindowsApps;C:\\Users\\Dell\\AppData\\Local\\Programs\\Microsoft VS Code\\bin;C:\\Program Files (x86)\\mingw-w64\\i686-8.1.0-posix-dwarf-rt_v6-rev0\\mingw32\\bin;C:\\Program Files\\heroku\\bin;C:\\Program Files\\MongoDB\\Server\\4.4\\bin;C:\\Users\\Dell\\AppData\\Roaming\\npm;C:\\Users\\Dell\\AppData\\Roaming\\Composer\\vendor\\bin;C:\\Users\\Dell\\AppData\\Roaming\\nvm;C:\\Program Files\\nodejs;C:\\xampp\\php;C:\\Program Files\\CodeBlocks\\MinGW\\bin;C:\\TDM-GCC-32\\bin;C:\\modeltech64_10.5\\win64;C:\\laragon\\bin\\php\\php-8.1.10-Win32-vs16-x64;C:\\Program Files\\Java\\jdk-22\\bin;C:\\Users\\Dell\\AppData\\Local\\GitHubDesktop\\bin;C:\\Users\\Dell\\AppData\\Local\\Programs\\Antigravity\\bin;C:\\Users\\Dell\\AppData\\Local\\Python\\bin',
  ORIGINAL_TEMP: 'C:/Users/Dell/AppData/Local/Temp',
  ORIGINAL_TMP: 'C:/Users/Dell/AppData/Local/Temp',
  OS: 'Windows_NT',
  PATH: 'D:\\PER\\Tuffani pizza\\tuffani-pizza-frontend\\node_modules\\.bin;D:\\PER\\Tuffani pizza\\node_modules\\.bin;D:\\PER\\node_modules\\.bin;D:\\node_modules\\.bin;C:\\Users\\Dell\\AppData\\Roaming\\nvm\\v24.13.0\\node_modules\\npm\\node_modules\\@npmcli\\run-script\\lib\\node-gyp-bin;C:\\Users\\Dell\\bin;C:\\Program Files\\Git\\mingw64\\bin;C:\\Program Files\\Git\\usr\\local\\bin;C:\\Program Files\\Git\\usr\\bin;C:\\Program Files\\Git\\usr\\bin;C:\\Program Files\\Git\\mingw64\\bin;C:\\Program Files\\Git\\usr\\bin;C:\\Users\\Dell\\bin;C:\\Users\\Dell\\AppData\\Roaming\\Code\\User\\globalStorage\\github.copilot-chat\\debugCommand;C:\\Users\\Dell\\AppData\\Roaming\\Code\\User\\globalStorage\\github.copilot-chat\\copilotCli;C:\\Users\\Dell\\AppData\\Local\\Programs\\Microsoft VS Code;E:\\softwares\\App\\dbhomeXE\\bin;D:\\App\\WINDOWS.X64_213000_db_home\\bin;C:\\App\\db_home\\bin;C:\\Windows\\system32;C:\\Windows;C:\\Windows\\System32\\Wbem;C:\\Windows\\System32\\WindowsPowerShell\\v1.0;C:\\Windows\\System32\\OpenSSH;C:\\Program Files (x86)\\NVIDIA Corporation\\PhysX\\Common;C:\\Program Files\\NVIDIA Corporation\\NVIDIA NvDLISR;C:\\Program Files\\Git\\cmd;C:\\Program Files\\Git\\mingw64\\bin;C:\\Program Files\\Git\\usr\\bin;C:\\WINDOWS\\system32;C:\\WINDOWS;C:\\WINDOWS\\System32\\Wbem;C:\\WINDOWS\\System32\\WindowsPowerShell\\v1.0;C:\\WINDOWS\\System32\\OpenSSH;C:\\xampp7.4\\php;C:\\composer;C:\\Users\\Dell\\AppData\\Roaming\\nvm;C:\\Program Files\\nodejs;C:\\Program Files\\Microsoft SQL Server\\150\\Tools\\Binn;C:\\GnuWin32\\bin;C:\\Program Files\\Docker\\Docker\\resources\\bin;C:\\Program Files\\WireGuard;C:\\Users\\Dell\\scoop\\shims;C:\\Users\\Dell\\AppData\\Local\\Programs\\Python\\Python312\\Scripts;C:\\Users\\Dell\\AppData\\Local\\Programs\\Python\\Python312;C:\\Users\\Dell\\AppData\\Local\\Microsoft\\WindowsApps;C:\\Users\\Dell\\AppData\\Local\\Programs\\Microsoft VS Code\\bin;C:\\Program Files (x86)\\mingw-w64\\i686-8.1.0-posix-dwarf-rt_v6-rev0\\mingw32\\bin;C:\\Program Files\\heroku\\bin;C:\\Program Files\\MongoDB\\Server\\4.4\\bin;C:\\Users\\Dell\\AppData\\Roaming\\npm;C:\\Users\\Dell\\AppData\\Roaming\\Composer\\vendor\\bin;C:\\Users\\Dell\\AppData\\Roaming\\nvm;C:\\Program Files\\nodejs;C:\\xampp\\php;C:\\Program Files\\CodeBlocks\\MinGW\\bin;C:\\TDM-GCC-32\\bin;C:\\modeltech64_10.5\\win64;C:\\laragon\\bin\\php\\php-8.1.10-Win32-vs16-x64;C:\\Program Files\\Java\\jdk-22\\bin;C:\\Users\\Dell\\AppData\\Local\\GitHubDesktop\\bin;C:\\Users\\Dell\\AppData\\Local\\Programs\\Antigravity\\bin;C:\\Users\\Dell\\AppData\\Local\\Python\\bin;C:\\Program Files\\Git\\usr\\bin\\vendor_perl;C:\\Program Files\\Git\\usr\\bin\\core_perl',
  PATHEXT: '.COM;.EXE;.BAT;.CMD;.VBS;.VBE;.JS;.JSE;.WSF;.WSH;.MSC',
  PKG_CONFIG_PATH: 'C:\\Program Files\\Git\\mingw64\\lib\\pkgconfig;C:\\Program Files\\Git\\mingw64\\share\\pkgconfig',
  PLINK_PROTOCOL: 'ssh',
  PROCESSOR_ARCHITECTURE: 'AMD64',
  PROCESSOR_IDENTIFIER: 'Intel64 Family 6 Model 142 Stepping 12, GenuineIntel',
  PROCESSOR_LEVEL: '6',
  PROCESSOR_REVISION: '8e0c',
  ProgramData: 'C:\\ProgramData',
  PROGRAMFILES: 'C:\\Program Files',
  'ProgramFiles(x86)': 'C:\\Program Files (x86)',
  ProgramW6432: 'C:\\Program Files',
  PROMPT: '$P$G',
  PSModulePath: 'C:\\Program Files\\WindowsPowerShell\\Modules;C:\\WINDOWS\\system32\\WindowsPowerShell\\v1.0\\Modules',
  PUBLIC: 'C:\\Users\\Public',
  PWD: 'D:/PER/Tuffani pizza/tuffani-pizza-frontend',
  PYTHONSTARTUP: 'c:\\Users\\Dell\\AppData\\Roaming\\Code\\User\\workspaceStorage\\c889e0ad64719f64916fd1406a77408d\\ms-python.python\\pythonrc.py',
  PYTHON_BASIC_REPL: '1',
  RUST_MIN_STACK: '8388608',
  SESSIONNAME: 'Console',
  SHELL: 'C:\\Program Files\\Git\\usr\\bin\\bash.exe',
  SHLVL: '2',
  SSH_ASKPASS: 'C:/Program Files/Git/mingw64/libexec/git-core/git-gui--askpass',
  SYSTEMDRIVE: 'C:',
  SYSTEMROOT: 'C:\\WINDOWS',
  TEMP: 'C:\\Users\\Dell\\AppData\\Local\\Temp',
  TERM: 'xterm-256color',
  TERM_PROGRAM: 'vscode',
  TERM_PROGRAM_VERSION: '1.112.0',
  TMP: 'C:\\Users\\Dell\\AppData\\Local\\Temp',
  TMPDIR: 'C:\\Users\\Dell\\AppData\\Local\\Temp',
  TURBOPACK: '1',
  USERDOMAIN: 'ABIDADHIKARI',
  USERDOMAIN_ROAMINGPROFILE: 'ABIDADHIKARI',
  USERNAME: 'Dell',
  USERPROFILE: 'C:\\Users\\Dell',
  VSCODE_GIT_ASKPASS_EXTRA_ARGS: '',
  VSCODE_GIT_ASKPASS_MAIN: 'c:\\Users\\Dell\\AppData\\Roaming\\Code\\User\\globalStorage\\vscode.git\\askpass\\493597c785d4c5cb\\askpass-main.js',
  VSCODE_GIT_ASKPASS_NODE: 'C:\\Users\\Dell\\AppData\\Local\\Programs\\Microsoft VS Code\\Code.exe',
  VSCODE_GIT_IPC_HANDLE: '\\\\.\\pipe\\vscode-git-842d2f3413-sock',
  VSCODE_PYTHON_AUTOACTIVATE_GUARD: '1',
  WINDIR: 'C:\\WINDOWS',
  ZES_ENABLE_SYSMAN: '1',
  _: 'C:/Program Files/nodejs/node.exe',
  __NEXT_PROCESSED_ENV: 'true'
}
{
  ACLOCAL_PATH: 'C:\\Program Files\\Git\\mingw64\\share\\aclocal;C:\\Program Files\\Git\\usr\\share\\aclocal',
  ALLUSERSPROFILE: 'C:\\ProgramData',
  APPDATA: 'C:\\Users\\Dell\\AppData\\Roaming',
  BACKEND_URL: 'https://api.tufanipizza.com',
  CHROME_CRASHPAD_PIPE_NAME: '\\\\.\\pipe\\crashpad_8088_DXXFZSWYYXOXSBHI',
  COLOR: '0',
  COLORTERM: 'truecolor',
  COMMONPROGRAMFILES: 'C:\\Program Files\\Common Files',
  'CommonProgramFiles(x86)': 'C:\\Program Files (x86)\\Common Files',
  CommonProgramW6432: 'C:\\Program Files\\Common Files',
  COMPUTERNAME: 'ABIDADHIKARI',
  COMSPEC: 'C:\\WINDOWS\\system32\\cmd.exe',
  CONFIG_SITE: 'C:/Program Files/Git/mingw64/etc/config.site',
  DISPLAY: 'needs-to-be-defined',
  DriverData: 'C:\\Windows\\System32\\Drivers\\DriverData',
  EDITOR: 'C:\\WINDOWS\\notepad.exe',
  EFC_9528_1262719628: '1',
  EFC_9528_1592913036: '1',
  EFC_9528_2283032206: '1',
  EFC_9528_2775293581: '1',
  EFC_9528_3789132940: '1',
  EXEPATH: 'C:\\Program Files\\Git\\bin',
  FPS_BROWSER_APP_PROFILE_STRING: 'Internet Explorer',
  FPS_BROWSER_USER_PROFILE_STRING: 'Default',
  GIT_ASKPASS: 'c:\\Users\\Dell\\AppData\\Roaming\\Code\\User\\globalStorage\\vscode.git\\askpass\\493597c785d4c5cb\\askpass.sh',
  GIT_EDITOR: ':',
  GIT_MERGE_AUTOEDIT: 'no',
  GIT_PAGER: 'cat',
  HISTCONTROL: 'ignorespace',
  HOME: 'C:\\Users\\Dell',
  HOMEDRIVE: 'C:',
  HOMEPATH: '\\Users\\Dell',
  HOSTNAME: 'AbidAdhikari',
  INFOPATH: 'C:\\Program Files\\Git\\usr\\local\\info;C:\\Program Files\\Git\\usr\\share\\info;C:\\Program Files\\Git\\usr\\info;C:\\Program Files\\Git\\share\\info',
  INIT_CWD: 'D:\\PER\\Tuffani pizza\\tuffani-pizza-frontend',
  IS_NEXT_WORKER: 'true',
  LANG: 'en_US.UTF-8',
  LM_LICENSE_FILE: 'C:\\flexlm\\lic_modelsim',
  LOCALAPPDATA: 'C:\\Users\\Dell\\AppData\\Local',
  LOGONSERVER: '\\\\ABIDADHIKARI',
  MANPATH: 'C:\\Program Files\\Git\\mingw64\\local\\man;C:\\Program Files\\Git\\mingw64\\share\\man;C:\\Program Files\\Git\\usr\\local\\man;C:\\Program Files\\Git\\usr\\share\\man;C:\\Program Files\\Git\\usr\\man;C:\\Program Files\\Git\\share\\man',
  MINGW_CHOST: 'x86_64-w64-mingw32',
  MINGW_PACKAGE_PREFIX: 'mingw-w64-x86_64',
  MINGW_PREFIX: 'C:/Program Files/Git/mingw64',
  MSYSTEM: 'MINGW64',
  MSYSTEM_CARCH: 'x86_64',
  MSYSTEM_CHOST: 'x86_64-w64-mingw32',
  MSYSTEM_PREFIX: 'C:/Program Files/Git/mingw64',
  NEXT_DEPLOYMENT_ID: '',
  NEXT_IS_EXPORT_WORKER: 'true',
  NEXT_PHASE: 'phase-production-build',
  NEXT_PUBLIC_BACKEND_URL: 'https://api.tufanipizza.com',
  NEXT_PUBLIC_SITE_URL: 'http://www.tufanipizza.com',
  NEXT_RUNTIME: 'nodejs',
  NODE: 'C:\\Program Files\\nodejs\\node.exe',
  NODE_ENV: 'production',
  NODE_OPTIONS: '',
  npm_command: 'run',
  npm_config_cache: 'C:\\Users\\Dell\\AppData\\Local\\npm-cache',
  npm_config_globalconfig: 'C:\\Program Files\\nodejs\\etc\\npmrc',
  npm_config_global_prefix: 'C:\\Program Files\\nodejs',
  npm_config_init_module: 'C:\\Users\\Dell\\.npm-init.js',
  npm_config_local_prefix: 'D:\\PER\\Tuffani pizza\\tuffani-pizza-frontend',
  npm_config_node_gyp: 'C:\\Users\\Dell\\AppData\\Roaming\\nvm\\v24.13.0\\node_modules\\npm\\node_modules\\node-gyp\\bin\\node-gyp.js',
  npm_config_noproxy: '',
  npm_config_npm_version: '11.6.2',
  npm_config_prefix: 'C:\\Program Files\\nodejs',
  npm_config_userconfig: 'C:\\Users\\Dell\\.npmrc',
  npm_config_user_agent: 'npm/11.6.2 node/v24.13.0 win32 x64 workspaces/false',
  npm_execpath: 'C:\\Users\\Dell\\AppData\\Roaming\\nvm\\v24.13.0\\node_modules\\npm\\bin\\npm-cli.js',
  npm_lifecycle_event: 'build',
  npm_lifecycle_script: 'next build',
  npm_node_execpath: 'C:\\Program Files\\nodejs\\node.exe',
  npm_package_json: 'D:\\PER\\Tuffani pizza\\tuffani-pizza-frontend\\package.json',
  npm_package_name: 'tufani-pizza-frontend',
  npm_package_version: '0.1.0',
  NUMBER_OF_PROCESSORS: '8',
  NVM_HOME: 'C:\\Users\\Dell\\AppData\\Roaming\\nvm',
  NVM_SYMLINK: 'C:\\Program Files\\nodejs',
  OneDrive: 'C:\\Users\\Dell\\OneDrive',
  ORIGINAL_PATH: 'C:\\Program Files\\Git\\mingw64\\bin;C:\\Program Files\\Git\\usr\\bin;C:\\Users\\Dell\\bin;C:\\Users\\Dell\\AppData\\Roaming\\Code\\User\\globalStorage\\github.copilot-chat\\debugCommand;C:\\Users\\Dell\\AppData\\Roaming\\Code\\User\\globalStorage\\github.copilot-chat\\copilotCli;C:\\Users\\Dell\\AppData\\Local\\Programs\\Microsoft VS Code;E:\\softwares\\App\\dbhomeXE\\bin;D:\\App\\WINDOWS.X64_213000_db_home\\bin;C:\\App\\db_home\\bin;C:\\Windows\\system32;C:\\Windows;C:\\Windows\\System32\\Wbem;C:\\Windows\\System32\\WindowsPowerShell\\v1.0;C:\\Windows\\System32\\OpenSSH;C:\\Program Files (x86)\\NVIDIA Corporation\\PhysX\\Common;C:\\Program Files\\NVIDIA Corporation\\NVIDIA NvDLISR;C:\\Program Files\\Git\\cmd;C:\\Program Files\\Git\\mingw64\\bin;C:\\Program Files\\Git\\usr\\bin;C:\\WINDOWS\\system32;C:\\WINDOWS;C:\\WINDOWS\\System32\\Wbem;C:\\WINDOWS\\System32\\WindowsPowerShell\\v1.0;C:\\WINDOWS\\System32\\OpenSSH;C:\\xampp7.4\\php;C:\\composer;C:\\Users\\Dell\\AppData\\Roaming\\nvm;C:\\Program Files\\nodejs;C:\\Program Files\\Microsoft SQL Server\\150\\Tools\\Binn;C:\\GnuWin32\\bin;C:\\Program Files\\Docker\\Docker\\resources\\bin;C:\\Program Files\\WireGuard;C:\\Users\\Dell\\scoop\\shims;C:\\Users\\Dell\\AppData\\Local\\Programs\\Python\\Python312\\Scripts;C:\\Users\\Dell\\AppData\\Local\\Programs\\Python\\Python312;C:\\Users\\Dell\\AppData\\Local\\Microsoft\\WindowsApps;C:\\Users\\Dell\\AppData\\Local\\Programs\\Microsoft VS Code\\bin;C:\\Program Files (x86)\\mingw-w64\\i686-8.1.0-posix-dwarf-rt_v6-rev0\\mingw32\\bin;C:\\Program Files\\heroku\\bin;C:\\Program Files\\MongoDB\\Server\\4.4\\bin;C:\\Users\\Dell\\AppData\\Roaming\\npm;C:\\Users\\Dell\\AppData\\Roaming\\Composer\\vendor\\bin;C:\\Users\\Dell\\AppData\\Roaming\\nvm;C:\\Program Files\\nodejs;C:\\xampp\\php;C:\\Program Files\\CodeBlocks\\MinGW\\bin;C:\\TDM-GCC-32\\bin;C:\\modeltech64_10.5\\win64;C:\\laragon\\bin\\php\\php-8.1.10-Win32-vs16-x64;C:\\Program Files\\Java\\jdk-22\\bin;C:\\Users\\Dell\\AppData\\Local\\GitHubDesktop\\bin;C:\\Users\\Dell\\AppData\\Local\\Programs\\Antigravity\\bin;C:\\Users\\Dell\\AppData\\Local\\Python\\bin',
  ORIGINAL_TEMP: 'C:/Users/Dell/AppData/Local/Temp',
  ORIGINAL_TMP: 'C:/Users/Dell/AppData/Local/Temp',
  OS: 'Windows_NT',
  PATH: 'D:\\PER\\Tuffani pizza\\tuffani-pizza-frontend\\node_modules\\.bin;D:\\PER\\Tuffani pizza\\node_modules\\.bin;D:\\PER\\node_modules\\.bin;D:\\node_modules\\.bin;C:\\Users\\Dell\\AppData\\Roaming\\nvm\\v24.13.0\\node_modules\\npm\\node_modules\\@npmcli\\run-script\\lib\\node-gyp-bin;C:\\Users\\Dell\\bin;C:\\Program Files\\Git\\mingw64\\bin;C:\\Program Files\\Git\\usr\\local\\bin;C:\\Program Files\\Git\\usr\\bin;C:\\Program Files\\Git\\usr\\bin;C:\\Program Files\\Git\\mingw64\\bin;C:\\Program Files\\Git\\usr\\bin;C:\\Users\\Dell\\bin;C:\\Users\\Dell\\AppData\\Roaming\\Code\\User\\globalStorage\\github.copilot-chat\\debugCommand;C:\\Users\\Dell\\AppData\\Roaming\\Code\\User\\globalStorage\\github.copilot-chat\\copilotCli;C:\\Users\\Dell\\AppData\\Local\\Programs\\Microsoft VS Code;E:\\softwares\\App\\dbhomeXE\\bin;D:\\App\\WINDOWS.X64_213000_db_home\\bin;C:\\App\\db_home\\bin;C:\\Windows\\system32;C:\\Windows;C:\\Windows\\System32\\Wbem;C:\\Windows\\System32\\WindowsPowerShell\\v1.0;C:\\Windows\\System32\\OpenSSH;C:\\Program Files (x86)\\NVIDIA Corporation\\PhysX\\Common;C:\\Program Files\\NVIDIA Corporation\\NVIDIA NvDLISR;C:\\Program Files\\Git\\cmd;C:\\Program Files\\Git\\mingw64\\bin;C:\\Program Files\\Git\\usr\\bin;C:\\WINDOWS\\system32;C:\\WINDOWS;C:\\WINDOWS\\System32\\Wbem;C:\\WINDOWS\\System32\\WindowsPowerShell\\v1.0;C:\\WINDOWS\\System32\\OpenSSH;C:\\xampp7.4\\php;C:\\composer;C:\\Users\\Dell\\AppData\\Roaming\\nvm;C:\\Program Files\\nodejs;C:\\Program Files\\Microsoft SQL Server\\150\\Tools\\Binn;C:\\GnuWin32\\bin;C:\\Program Files\\Docker\\Docker\\resources\\bin;C:\\Program Files\\WireGuard;C:\\Users\\Dell\\scoop\\shims;C:\\Users\\Dell\\AppData\\Local\\Programs\\Python\\Python312\\Scripts;C:\\Users\\Dell\\AppData\\Local\\Programs\\Python\\Python312;C:\\Users\\Dell\\AppData\\Local\\Microsoft\\WindowsApps;C:\\Users\\Dell\\AppData\\Local\\Programs\\Microsoft VS Code\\bin;C:\\Program Files (x86)\\mingw-w64\\i686-8.1.0-posix-dwarf-rt_v6-rev0\\mingw32\\bin;C:\\Program Files\\heroku\\bin;C:\\Program Files\\MongoDB\\Server\\4.4\\bin;C:\\Users\\Dell\\AppData\\Roaming\\npm;C:\\Users\\Dell\\AppData\\Roaming\\Composer\\vendor\\bin;C:\\Users\\Dell\\AppData\\Roaming\\nvm;C:\\Program Files\\nodejs;C:\\xampp\\php;C:\\Program Files\\CodeBlocks\\MinGW\\bin;C:\\TDM-GCC-32\\bin;C:\\modeltech64_10.5\\win64;C:\\laragon\\bin\\php\\php-8.1.10-Win32-vs16-x64;C:\\Program Files\\Java\\jdk-22\\bin;C:\\Users\\Dell\\AppData\\Local\\GitHubDesktop\\bin;C:\\Users\\Dell\\AppData\\Local\\Programs\\Antigravity\\bin;C:\\Users\\Dell\\AppData\\Local\\Python\\bin;C:\\Program Files\\Git\\usr\\bin\\vendor_perl;C:\\Program Files\\Git\\usr\\bin\\core_perl',
  PATHEXT: '.COM;.EXE;.BAT;.CMD;.VBS;.VBE;.JS;.JSE;.WSF;.WSH;.MSC',
  PKG_CONFIG_PATH: 'C:\\Program Files\\Git\\mingw64\\lib\\pkgconfig;C:\\Program Files\\Git\\mingw64\\share\\pkgconfig',
  PLINK_PROTOCOL: 'ssh',
  PROCESSOR_ARCHITECTURE: 'AMD64',
  PROCESSOR_IDENTIFIER: 'Intel64 Family 6 Model 142 Stepping 12, GenuineIntel',
  PROCESSOR_LEVEL: '6',
  PROCESSOR_REVISION: '8e0c',
  ProgramData: 'C:\\ProgramData',
  PROGRAMFILES: 'C:\\Program Files',
  'ProgramFiles(x86)': 'C:\\Program Files (x86)',
  ProgramW6432: 'C:\\Program Files',
  PROMPT: '$P$G',
  PSModulePath: 'C:\\Program Files\\WindowsPowerShell\\Modules;C:\\WINDOWS\\system32\\WindowsPowerShell\\v1.0\\Modules',
  PUBLIC: 'C:\\Users\\Public',
  PWD: 'D:/PER/Tuffani pizza/tuffani-pizza-frontend',
  PYTHONSTARTUP: 'c:\\Users\\Dell\\AppData\\Roaming\\Code\\User\\workspaceStorage\\c889e0ad64719f64916fd1406a77408d\\ms-python.python\\pythonrc.py',
  PYTHON_BASIC_REPL: '1',
  RUST_MIN_STACK: '8388608',
  SESSIONNAME: 'Console',
  SHELL: 'C:\\Program Files\\Git\\usr\\bin\\bash.exe',
  SHLVL: '2',
  SSH_ASKPASS: 'C:/Program Files/Git/mingw64/libexec/git-core/git-gui--askpass',
  SYSTEMDRIVE: 'C:',
  SYSTEMROOT: 'C:\\WINDOWS',
  TEMP: 'C:\\Users\\Dell\\AppData\\Local\\Temp',
  TERM: 'xterm-256color',
  TERM_PROGRAM: 'vscode',
  TERM_PROGRAM_VERSION: '1.112.0',
  TMP: 'C:\\Users\\Dell\\AppData\\Local\\Temp',
  TMPDIR: 'C:\\Users\\Dell\\AppData\\Local\\Temp',
  TURBOPACK: '1',
  USERDOMAIN: 'ABIDADHIKARI',
  USERDOMAIN_ROAMINGPROFILE: 'ABIDADHIKARI',
  USERNAME: 'Dell',
  USERPROFILE: 'C:\\Users\\Dell',
  VSCODE_GIT_ASKPASS_EXTRA_ARGS: '',
  VSCODE_GIT_ASKPASS_MAIN: 'c:\\Users\\Dell\\AppData\\Roaming\\Code\\User\\globalStorage\\vscode.git\\askpass\\493597c785d4c5cb\\askpass-main.js',
  VSCODE_GIT_ASKPASS_NODE: 'C:\\Users\\Dell\\AppData\\Local\\Programs\\Microsoft VS Code\\Code.exe',
  VSCODE_GIT_IPC_HANDLE: '\\\\.\\pipe\\vscode-git-842d2f3413-sock',
  VSCODE_PYTHON_AUTOACTIVATE_GUARD: '1',
  WINDIR: 'C:\\WINDOWS',
  ZES_ENABLE_SYSMAN: '1',
  _: 'C:/Program Files/nodejs/node.exe',
  __NEXT_PROCESSED_ENV: 'true'
}
{
  ACLOCAL_PATH: 'C:\\Program Files\\Git\\mingw64\\share\\aclocal;C:\\Program Files\\Git\\usr\\share\\aclocal',
  ALLUSERSPROFILE: 'C:\\ProgramData',
  APPDATA: 'C:\\Users\\Dell\\AppData\\Roaming',
  BACKEND_URL: 'https://api.tufanipizza.com',
  CHROME_CRASHPAD_PIPE_NAME: '\\\\.\\pipe\\crashpad_8088_DXXFZSWYYXOXSBHI',
  COLOR: '0',
  COLORTERM: 'truecolor',
  COMMONPROGRAMFILES: 'C:\\Program Files\\Common Files',
  'CommonProgramFiles(x86)': 'C:\\Program Files (x86)\\Common Files',
  CommonProgramW6432: 'C:\\Program Files\\Common Files',
  COMPUTERNAME: 'ABIDADHIKARI',
  COMSPEC: 'C:\\WINDOWS\\system32\\cmd.exe',
  CONFIG_SITE: 'C:/Program Files/Git/mingw64/etc/config.site',
  DISPLAY: 'needs-to-be-defined',
  DriverData: 'C:\\Windows\\System32\\Drivers\\DriverData',
  EDITOR: 'C:\\WINDOWS\\notepad.exe',
  EFC_9528_1262719628: '1',
  EFC_9528_1592913036: '1',
  EFC_9528_2283032206: '1',
  EFC_9528_2775293581: '1',
  EFC_9528_3789132940: '1',
  EXEPATH: 'C:\\Program Files\\Git\\bin',
  FPS_BROWSER_APP_PROFILE_STRING: 'Internet Explorer',
  FPS_BROWSER_USER_PROFILE_STRING: 'Default',
  GIT_ASKPASS: 'c:\\Users\\Dell\\AppData\\Roaming\\Code\\User\\globalStorage\\vscode.git\\askpass\\493597c785d4c5cb\\askpass.sh',
  GIT_EDITOR: ':',
  GIT_MERGE_AUTOEDIT: 'no',
  GIT_PAGER: 'cat',
  HISTCONTROL: 'ignorespace',
  HOME: 'C:\\Users\\Dell',
  HOMEDRIVE: 'C:',
  HOMEPATH: '\\Users\\Dell',
  HOSTNAME: 'AbidAdhikari',
  INFOPATH: 'C:\\Program Files\\Git\\usr\\local\\info;C:\\Program Files\\Git\\usr\\share\\info;C:\\Program Files\\Git\\usr\\info;C:\\Program Files\\Git\\share\\info',
  INIT_CWD: 'D:\\PER\\Tuffani pizza\\tuffani-pizza-frontend',
  IS_NEXT_WORKER: 'true',
  LANG: 'en_US.UTF-8',
  LM_LICENSE_FILE: 'C:\\flexlm\\lic_modelsim',
  LOCALAPPDATA: 'C:\\Users\\Dell\\AppData\\Local',
  LOGONSERVER: '\\\\ABIDADHIKARI',
  MANPATH: 'C:\\Program Files\\Git\\mingw64\\local\\man;C:\\Program Files\\Git\\mingw64\\share\\man;C:\\Program Files\\Git\\usr\\local\\man;C:\\Program Files\\Git\\usr\\share\\man;C:\\Program Files\\Git\\usr\\man;C:\\Program Files\\Git\\share\\man',
  MINGW_CHOST: 'x86_64-w64-mingw32',
  MINGW_PACKAGE_PREFIX: 'mingw-w64-x86_64',
  MINGW_PREFIX: 'C:/Program Files/Git/mingw64',
  MSYSTEM: 'MINGW64',
  MSYSTEM_CARCH: 'x86_64',
  MSYSTEM_CHOST: 'x86_64-w64-mingw32',
  MSYSTEM_PREFIX: 'C:/Program Files/Git/mingw64',
  NEXT_DEPLOYMENT_ID: '',
  NEXT_IS_EXPORT_WORKER: 'true',
  NEXT_PHASE: 'phase-production-build',
  NEXT_PUBLIC_BACKEND_URL: 'https://api.tufanipizza.com',
  NEXT_PUBLIC_SITE_URL: 'http://www.tufanipizza.com',
  NEXT_RUNTIME: 'nodejs',
  NODE: 'C:\\Program Files\\nodejs\\node.exe',
  NODE_ENV: 'production',
  NODE_OPTIONS: '',
  npm_command: 'run',
  npm_config_cache: 'C:\\Users\\Dell\\AppData\\Local\\npm-cache',
  npm_config_globalconfig: 'C:\\Program Files\\nodejs\\etc\\npmrc',
  npm_config_global_prefix: 'C:\\Program Files\\nodejs',
  npm_config_init_module: 'C:\\Users\\Dell\\.npm-init.js',
  npm_config_local_prefix: 'D:\\PER\\Tuffani pizza\\tuffani-pizza-frontend',
  npm_config_node_gyp: 'C:\\Users\\Dell\\AppData\\Roaming\\nvm\\v24.13.0\\node_modules\\npm\\node_modules\\node-gyp\\bin\\node-gyp.js',
  npm_config_noproxy: '',
  npm_config_npm_version: '11.6.2',
  npm_config_prefix: 'C:\\Program Files\\nodejs',
  npm_config_userconfig: 'C:\\Users\\Dell\\.npmrc',
  npm_config_user_agent: 'npm/11.6.2 node/v24.13.0 win32 x64 workspaces/false',
  npm_execpath: 'C:\\Users\\Dell\\AppData\\Roaming\\nvm\\v24.13.0\\node_modules\\npm\\bin\\npm-cli.js',
  npm_lifecycle_event: 'build',
  npm_lifecycle_script: 'next build',
  npm_node_execpath: 'C:\\Program Files\\nodejs\\node.exe',
  npm_package_json: 'D:\\PER\\Tuffani pizza\\tuffani-pizza-frontend\\package.json',
  npm_package_name: 'tufani-pizza-frontend',
  npm_package_version: '0.1.0',
  NUMBER_OF_PROCESSORS: '8',
  NVM_HOME: 'C:\\Users\\Dell\\AppData\\Roaming\\nvm',
  NVM_SYMLINK: 'C:\\Program Files\\nodejs',
  OneDrive: 'C:\\Users\\Dell\\OneDrive',
  ORIGINAL_PATH: 'C:\\Program Files\\Git\\mingw64\\bin;C:\\Program Files\\Git\\usr\\bin;C:\\Users\\Dell\\bin;C:\\Users\\Dell\\AppData\\Roaming\\Code\\User\\globalStorage\\github.copilot-chat\\debugCommand;C:\\Users\\Dell\\AppData\\Roaming\\Code\\User\\globalStorage\\github.copilot-chat\\copilotCli;C:\\Users\\Dell\\AppData\\Local\\Programs\\Microsoft VS Code;E:\\softwares\\App\\dbhomeXE\\bin;D:\\App\\WINDOWS.X64_213000_db_home\\bin;C:\\App\\db_home\\bin;C:\\Windows\\system32;C:\\Windows;C:\\Windows\\System32\\Wbem;C:\\Windows\\System32\\WindowsPowerShell\\v1.0;C:\\Windows\\System32\\OpenSSH;C:\\Program Files (x86)\\NVIDIA Corporation\\PhysX\\Common;C:\\Program Files\\NVIDIA Corporation\\NVIDIA NvDLISR;C:\\Program Files\\Git\\cmd;C:\\Program Files\\Git\\mingw64\\bin;C:\\Program Files\\Git\\usr\\bin;C:\\WINDOWS\\system32;C:\\WINDOWS;C:\\WINDOWS\\System32\\Wbem;C:\\WINDOWS\\System32\\WindowsPowerShell\\v1.0;C:\\WINDOWS\\System32\\OpenSSH;C:\\xampp7.4\\php;C:\\composer;C:\\Users\\Dell\\AppData\\Roaming\\nvm;C:\\Program Files\\nodejs;C:\\Program Files\\Microsoft SQL Server\\150\\Tools\\Binn;C:\\GnuWin32\\bin;C:\\Program Files\\Docker\\Docker\\resources\\bin;C:\\Program Files\\WireGuard;C:\\Users\\Dell\\scoop\\shims;C:\\Users\\Dell\\AppData\\Local\\Programs\\Python\\Python312\\Scripts;C:\\Users\\Dell\\AppData\\Local\\Programs\\Python\\Python312;C:\\Users\\Dell\\AppData\\Local\\Microsoft\\WindowsApps;C:\\Users\\Dell\\AppData\\Local\\Programs\\Microsoft VS Code\\bin;C:\\Program Files (x86)\\mingw-w64\\i686-8.1.0-posix-dwarf-rt_v6-rev0\\mingw32\\bin;C:\\Program Files\\heroku\\bin;C:\\Program Files\\MongoDB\\Server\\4.4\\bin;C:\\Users\\Dell\\AppData\\Roaming\\npm;C:\\Users\\Dell\\AppData\\Roaming\\Composer\\vendor\\bin;C:\\Users\\Dell\\AppData\\Roaming\\nvm;C:\\Program Files\\nodejs;C:\\xampp\\php;C:\\Program Files\\CodeBlocks\\MinGW\\bin;C:\\TDM-GCC-32\\bin;C:\\modeltech64_10.5\\win64;C:\\laragon\\bin\\php\\php-8.1.10-Win32-vs16-x64;C:\\Program Files\\Java\\jdk-22\\bin;C:\\Users\\Dell\\AppData\\Local\\GitHubDesktop\\bin;C:\\Users\\Dell\\AppData\\Local\\Programs\\Antigravity\\bin;C:\\Users\\Dell\\AppData\\Local\\Python\\bin',
  ORIGINAL_TEMP: 'C:/Users/Dell/AppData/Local/Temp',
  ORIGINAL_TMP: 'C:/Users/Dell/AppData/Local/Temp',
  OS: 'Windows_NT',
  PATH: 'D:\\PER\\Tuffani pizza\\tuffani-pizza-frontend\\node_modules\\.bin;D:\\PER\\Tuffani pizza\\node_modules\\.bin;D:\\PER\\node_modules\\.bin;D:\\node_modules\\.bin;C:\\Users\\Dell\\AppData\\Roaming\\nvm\\v24.13.0\\node_modules\\npm\\node_modules\\@npmcli\\run-script\\lib\\node-gyp-bin;C:\\Users\\Dell\\bin;C:\\Program Files\\Git\\mingw64\\bin;C:\\Program Files\\Git\\usr\\local\\bin;C:\\Program Files\\Git\\usr\\bin;C:\\Program Files\\Git\\usr\\bin;C:\\Program Files\\Git\\mingw64\\bin;C:\\Program Files\\Git\\usr\\bin;C:\\Users\\Dell\\bin;C:\\Users\\Dell\\AppData\\Roaming\\Code\\User\\globalStorage\\github.copilot-chat\\debugCommand;C:\\Users\\Dell\\AppData\\Roaming\\Code\\User\\globalStorage\\github.copilot-chat\\copilotCli;C:\\Users\\Dell\\AppData\\Local\\Programs\\Microsoft VS Code;E:\\softwares\\App\\dbhomeXE\\bin;D:\\App\\WINDOWS.X64_213000_db_home\\bin;C:\\App\\db_home\\bin;C:\\Windows\\system32;C:\\Windows;C:\\Windows\\System32\\Wbem;C:\\Windows\\System32\\WindowsPowerShell\\v1.0;C:\\Windows\\System32\\OpenSSH;C:\\Program Files (x86)\\NVIDIA Corporation\\PhysX\\Common;C:\\Program Files\\NVIDIA Corporation\\NVIDIA NvDLISR;C:\\Program Files\\Git\\cmd;C:\\Program Files\\Git\\mingw64\\bin;C:\\Program Files\\Git\\usr\\bin;C:\\WINDOWS\\system32;C:\\WINDOWS;C:\\WINDOWS\\System32\\Wbem;C:\\WINDOWS\\System32\\WindowsPowerShell\\v1.0;C:\\WINDOWS\\System32\\OpenSSH;C:\\xampp7.4\\php;C:\\composer;C:\\Users\\Dell\\AppData\\Roaming\\nvm;C:\\Program Files\\nodejs;C:\\Program Files\\Microsoft SQL Server\\150\\Tools\\Binn;C:\\GnuWin32\\bin;C:\\Program Files\\Docker\\Docker\\resources\\bin;C:\\Program Files\\WireGuard;C:\\Users\\Dell\\scoop\\shims;C:\\Users\\Dell\\AppData\\Local\\Programs\\Python\\Python312\\Scripts;C:\\Users\\Dell\\AppData\\Local\\Programs\\Python\\Python312;C:\\Users\\Dell\\AppData\\Local\\Microsoft\\WindowsApps;C:\\Users\\Dell\\AppData\\Local\\Programs\\Microsoft VS Code\\bin;C:\\Program Files (x86)\\mingw-w64\\i686-8.1.0-posix-dwarf-rt_v6-rev0\\mingw32\\bin;C:\\Program Files\\heroku\\bin;C:\\Program Files\\MongoDB\\Server\\4.4\\bin;C:\\Users\\Dell\\AppData\\Roaming\\npm;C:\\Users\\Dell\\AppData\\Roaming\\Composer\\vendor\\bin;C:\\Users\\Dell\\AppData\\Roaming\\nvm;C:\\Program Files\\nodejs;C:\\xampp\\php;C:\\Program Files\\CodeBlocks\\MinGW\\bin;C:\\TDM-GCC-32\\bin;C:\\modeltech64_10.5\\win64;C:\\laragon\\bin\\php\\php-8.1.10-Win32-vs16-x64;C:\\Program Files\\Java\\jdk-22\\bin;C:\\Users\\Dell\\AppData\\Local\\GitHubDesktop\\bin;C:\\Users\\Dell\\AppData\\Local\\Programs\\Antigravity\\bin;C:\\Users\\Dell\\AppData\\Local\\Python\\bin;C:\\Program Files\\Git\\usr\\bin\\vendor_perl;C:\\Program Files\\Git\\usr\\bin\\core_perl',
  PATHEXT: '.COM;.EXE;.BAT;.CMD;.VBS;.VBE;.JS;.JSE;.WSF;.WSH;.MSC',
  PKG_CONFIG_PATH: 'C:\\Program Files\\Git\\mingw64\\lib\\pkgconfig;C:\\Program Files\\Git\\mingw64\\share\\pkgconfig',
  PLINK_PROTOCOL: 'ssh',
  PROCESSOR_ARCHITECTURE: 'AMD64',
  PROCESSOR_IDENTIFIER: 'Intel64 Family 6 Model 142 Stepping 12, GenuineIntel',
  PROCESSOR_LEVEL: '6',
  PROCESSOR_REVISION: '8e0c',
  ProgramData: 'C:\\ProgramData',
  PROGRAMFILES: 'C:\\Program Files',
  'ProgramFiles(x86)': 'C:\\Program Files (x86)',
  ProgramW6432: 'C:\\Program Files',
  PROMPT: '$P$G',
  PSModulePath: 'C:\\Program Files\\WindowsPowerShell\\Modules;C:\\WINDOWS\\system32\\WindowsPowerShell\\v1.0\\Modules',
  PUBLIC: 'C:\\Users\\Public',
  PWD: 'D:/PER/Tuffani pizza/tuffani-pizza-frontend',
  PYTHONSTARTUP: 'c:\\Users\\Dell\\AppData\\Roaming\\Code\\User\\workspaceStorage\\c889e0ad64719f64916fd1406a77408d\\ms-python.python\\pythonrc.py',
  PYTHON_BASIC_REPL: '1',
  RUST_MIN_STACK: '8388608',
  SESSIONNAME: 'Console',
  SHELL: 'C:\\Program Files\\Git\\usr\\bin\\bash.exe',
  SHLVL: '2',
  SSH_ASKPASS: 'C:/Program Files/Git/mingw64/libexec/git-core/git-gui--askpass',
  SYSTEMDRIVE: 'C:',
  SYSTEMROOT: 'C:\\WINDOWS',
  TEMP: 'C:\\Users\\Dell\\AppData\\Local\\Temp',
  TERM: 'xterm-256color',
  TERM_PROGRAM: 'vscode',
  TERM_PROGRAM_VERSION: '1.112.0',
  TMP: 'C:\\Users\\Dell\\AppData\\Local\\Temp',
  TMPDIR: 'C:\\Users\\Dell\\AppData\\Local\\Temp',
  TURBOPACK: '1',
  USERDOMAIN: 'ABIDADHIKARI',
  USERDOMAIN_ROAMINGPROFILE: 'ABIDADHIKARI',
  USERNAME: 'Dell',
  USERPROFILE: 'C:\\Users\\Dell',
  VSCODE_GIT_ASKPASS_EXTRA_ARGS: '',
  VSCODE_GIT_ASKPASS_MAIN: 'c:\\Users\\Dell\\AppData\\Roaming\\Code\\User\\globalStorage\\vscode.git\\askpass\\493597c785d4c5cb\\askpass-main.js',
  VSCODE_GIT_ASKPASS_NODE: 'C:\\Users\\Dell\\AppData\\Local\\Programs\\Microsoft VS Code\\Code.exe',
  VSCODE_GIT_IPC_HANDLE: '\\\\.\\pipe\\vscode-git-842d2f3413-sock',
  VSCODE_PYTHON_AUTOACTIVATE_GUARD: '1',
  WINDIR: 'C:\\WINDOWS',
  ZES_ENABLE_SYSMAN: '1',
  _: 'C:/Program Files/nodejs/node.exe',
  __NEXT_PROCESSED_ENV: 'true'
}
{
  ACLOCAL_PATH: 'C:\\Program Files\\Git\\mingw64\\share\\aclocal;C:\\Program Files\\Git\\usr\\share\\aclocal',
  ALLUSERSPROFILE: 'C:\\ProgramData',
  APPDATA: 'C:\\Users\\Dell\\AppData\\Roaming',
  BACKEND_URL: 'https://api.tufanipizza.com',
  CHROME_CRASHPAD_PIPE_NAME: '\\\\.\\pipe\\crashpad_8088_DXXFZSWYYXOXSBHI',
  COLOR: '0',
  COLORTERM: 'truecolor',
  COMMONPROGRAMFILES: 'C:\\Program Files\\Common Files',
  'CommonProgramFiles(x86)': 'C:\\Program Files (x86)\\Common Files',
  CommonProgramW6432: 'C:\\Program Files\\Common Files',
  COMPUTERNAME: 'ABIDADHIKARI',
  COMSPEC: 'C:\\WINDOWS\\system32\\cmd.exe',
  CONFIG_SITE: 'C:/Program Files/Git/mingw64/etc/config.site',
  DISPLAY: 'needs-to-be-defined',
  DriverData: 'C:\\Windows\\System32\\Drivers\\DriverData',
  EDITOR: 'C:\\WINDOWS\\notepad.exe',
  EFC_9528_1262719628: '1',
  EFC_9528_1592913036: '1',
  EFC_9528_2283032206: '1',
  EFC_9528_2775293581: '1',
  EFC_9528_3789132940: '1',
  EXEPATH: 'C:\\Program Files\\Git\\bin',
  FPS_BROWSER_APP_PROFILE_STRING: 'Internet Explorer',
  FPS_BROWSER_USER_PROFILE_STRING: 'Default',
  GIT_ASKPASS: 'c:\\Users\\Dell\\AppData\\Roaming\\Code\\User\\globalStorage\\vscode.git\\askpass\\493597c785d4c5cb\\askpass.sh',
  GIT_EDITOR: ':',
  GIT_MERGE_AUTOEDIT: 'no',
  GIT_PAGER: 'cat',
  HISTCONTROL: 'ignorespace',
  HOME: 'C:\\Users\\Dell',
  HOMEDRIVE: 'C:',
  HOMEPATH: '\\Users\\Dell',
  HOSTNAME: 'AbidAdhikari',
  INFOPATH: 'C:\\Program Files\\Git\\usr\\local\\info;C:\\Program Files\\Git\\usr\\share\\info;C:\\Program Files\\Git\\usr\\info;C:\\Program Files\\Git\\share\\info',
  INIT_CWD: 'D:\\PER\\Tuffani pizza\\tuffani-pizza-frontend',
  IS_NEXT_WORKER: 'true',
  LANG: 'en_US.UTF-8',
  LM_LICENSE_FILE: 'C:\\flexlm\\lic_modelsim',
  LOCALAPPDATA: 'C:\\Users\\Dell\\AppData\\Local',
  LOGONSERVER: '\\\\ABIDADHIKARI',
  MANPATH: 'C:\\Program Files\\Git\\mingw64\\local\\man;C:\\Program Files\\Git\\mingw64\\share\\man;C:\\Program Files\\Git\\usr\\local\\man;C:\\Program Files\\Git\\usr\\share\\man;C:\\Program Files\\Git\\usr\\man;C:\\Program Files\\Git\\share\\man',
  MINGW_CHOST: 'x86_64-w64-mingw32',
  MINGW_PACKAGE_PREFIX: 'mingw-w64-x86_64',
  MINGW_PREFIX: 'C:/Program Files/Git/mingw64',
  MSYSTEM: 'MINGW64',
  MSYSTEM_CARCH: 'x86_64',
  MSYSTEM_CHOST: 'x86_64-w64-mingw32',
  MSYSTEM_PREFIX: 'C:/Program Files/Git/mingw64',
  NEXT_DEPLOYMENT_ID: '',
  NEXT_IS_EXPORT_WORKER: 'true',
  NEXT_PHASE: 'phase-production-build',
  NEXT_PUBLIC_BACKEND_URL: 'https://api.tufanipizza.com',
  NEXT_PUBLIC_SITE_URL: 'http://www.tufanipizza.com',
  NEXT_RUNTIME: 'nodejs',
  NODE: 'C:\\Program Files\\nodejs\\node.exe',
  NODE_ENV: 'production',
  NODE_OPTIONS: '',
  npm_command: 'run',
  npm_config_cache: 'C:\\Users\\Dell\\AppData\\Local\\npm-cache',
  npm_config_globalconfig: 'C:\\Program Files\\nodejs\\etc\\npmrc',
  npm_config_global_prefix: 'C:\\Program Files\\nodejs',
  npm_config_init_module: 'C:\\Users\\Dell\\.npm-init.js',
  npm_config_local_prefix: 'D:\\PER\\Tuffani pizza\\tuffani-pizza-frontend',
  npm_config_node_gyp: 'C:\\Users\\Dell\\AppData\\Roaming\\nvm\\v24.13.0\\node_modules\\npm\\node_modules\\node-gyp\\bin\\node-gyp.js',
  npm_config_noproxy: '',
  npm_config_npm_version: '11.6.2',
  npm_config_prefix: 'C:\\Program Files\\nodejs',
  npm_config_userconfig: 'C:\\Users\\Dell\\.npmrc',
  npm_config_user_agent: 'npm/11.6.2 node/v24.13.0 win32 x64 workspaces/false',
  npm_execpath: 'C:\\Users\\Dell\\AppData\\Roaming\\nvm\\v24.13.0\\node_modules\\npm\\bin\\npm-cli.js',
  npm_lifecycle_event: 'build',
  npm_lifecycle_script: 'next build',
  npm_node_execpath: 'C:\\Program Files\\nodejs\\node.exe',
  npm_package_json: 'D:\\PER\\Tuffani pizza\\tuffani-pizza-frontend\\package.json',
  npm_package_name: 'tufani-pizza-frontend',
  npm_package_version: '0.1.0',
  NUMBER_OF_PROCESSORS: '8',
  NVM_HOME: 'C:\\Users\\Dell\\AppData\\Roaming\\nvm',
  NVM_SYMLINK: 'C:\\Program Files\\nodejs',
  OneDrive: 'C:\\Users\\Dell\\OneDrive',
  ORIGINAL_PATH: 'C:\\Program Files\\Git\\mingw64\\bin;C:\\Program Files\\Git\\usr\\bin;C:\\Users\\Dell\\bin;C:\\Users\\Dell\\AppData\\Roaming\\Code\\User\\globalStorage\\github.copilot-chat\\debugCommand;C:\\Users\\Dell\\AppData\\Roaming\\Code\\User\\globalStorage\\github.copilot-chat\\copilotCli;C:\\Users\\Dell\\AppData\\Local\\Programs\\Microsoft VS Code;E:\\softwares\\App\\dbhomeXE\\bin;D:\\App\\WINDOWS.X64_213000_db_home\\bin;C:\\App\\db_home\\bin;C:\\Windows\\system32;C:\\Windows;C:\\Windows\\System32\\Wbem;C:\\Windows\\System32\\WindowsPowerShell\\v1.0;C:\\Windows\\System32\\OpenSSH;C:\\Program Files (x86)\\NVIDIA Corporation\\PhysX\\Common;C:\\Program Files\\NVIDIA Corporation\\NVIDIA NvDLISR;C:\\Program Files\\Git\\cmd;C:\\Program Files\\Git\\mingw64\\bin;C:\\Program Files\\Git\\usr\\bin;C:\\WINDOWS\\system32;C:\\WINDOWS;C:\\WINDOWS\\System32\\Wbem;C:\\WINDOWS\\System32\\WindowsPowerShell\\v1.0;C:\\WINDOWS\\System32\\OpenSSH;C:\\xampp7.4\\php;C:\\composer;C:\\Users\\Dell\\AppData\\Roaming\\nvm;C:\\Program Files\\nodejs;C:\\Program Files\\Microsoft SQL Server\\150\\Tools\\Binn;C:\\GnuWin32\\bin;C:\\Program Files\\Docker\\Docker\\resources\\bin;C:\\Program Files\\WireGuard;C:\\Users\\Dell\\scoop\\shims;C:\\Users\\Dell\\AppData\\Local\\Programs\\Python\\Python312\\Scripts;C:\\Users\\Dell\\AppData\\Local\\Programs\\Python\\Python312;C:\\Users\\Dell\\AppData\\Local\\Microsoft\\WindowsApps;C:\\Users\\Dell\\AppData\\Local\\Programs\\Microsoft VS Code\\bin;C:\\Program Files (x86)\\mingw-w64\\i686-8.1.0-posix-dwarf-rt_v6-rev0\\mingw32\\bin;C:\\Program Files\\heroku\\bin;C:\\Program Files\\MongoDB\\Server\\4.4\\bin;C:\\Users\\Dell\\AppData\\Roaming\\npm;C:\\Users\\Dell\\AppData\\Roaming\\Composer\\vendor\\bin;C:\\Users\\Dell\\AppData\\Roaming\\nvm;C:\\Program Files\\nodejs;C:\\xampp\\php;C:\\Program Files\\CodeBlocks\\MinGW\\bin;C:\\TDM-GCC-32\\bin;C:\\modeltech64_10.5\\win64;C:\\laragon\\bin\\php\\php-8.1.10-Win32-vs16-x64;C:\\Program Files\\Java\\jdk-22\\bin;C:\\Users\\Dell\\AppData\\Local\\GitHubDesktop\\bin;C:\\Users\\Dell\\AppData\\Local\\Programs\\Antigravity\\bin;C:\\Users\\Dell\\AppData\\Local\\Python\\bin',
  ORIGINAL_TEMP: 'C:/Users/Dell/AppData/Local/Temp',
  ORIGINAL_TMP: 'C:/Users/Dell/AppData/Local/Temp',
  OS: 'Windows_NT',
  PATH: 'D:\\PER\\Tuffani pizza\\tuffani-pizza-frontend\\node_modules\\.bin;D:\\PER\\Tuffani pizza\\node_modules\\.bin;D:\\PER\\node_modules\\.bin;D:\\node_modules\\.bin;C:\\Users\\Dell\\AppData\\Roaming\\nvm\\v24.13.0\\node_modules\\npm\\node_modules\\@npmcli\\run-script\\lib\\node-gyp-bin;C:\\Users\\Dell\\bin;C:\\Program Files\\Git\\mingw64\\bin;C:\\Program Files\\Git\\usr\\local\\bin;C:\\Program Files\\Git\\usr\\bin;C:\\Program Files\\Git\\usr\\bin;C:\\Program Files\\Git\\mingw64\\bin;C:\\Program Files\\Git\\usr\\bin;C:\\Users\\Dell\\bin;C:\\Users\\Dell\\AppData\\Roaming\\Code\\User\\globalStorage\\github.copilot-chat\\debugCommand;C:\\Users\\Dell\\AppData\\Roaming\\Code\\User\\globalStorage\\github.copilot-chat\\copilotCli;C:\\Users\\Dell\\AppData\\Local\\Programs\\Microsoft VS Code;E:\\softwares\\App\\dbhomeXE\\bin;D:\\App\\WINDOWS.X64_213000_db_home\\bin;C:\\App\\db_home\\bin;C:\\Windows\\system32;C:\\Windows;C:\\Windows\\System32\\Wbem;C:\\Windows\\System32\\WindowsPowerShell\\v1.0;C:\\Windows\\System32\\OpenSSH;C:\\Program Files (x86)\\NVIDIA Corporation\\PhysX\\Common;C:\\Program Files\\NVIDIA Corporation\\NVIDIA NvDLISR;C:\\Program Files\\Git\\cmd;C:\\Program Files\\Git\\mingw64\\bin;C:\\Program Files\\Git\\usr\\bin;C:\\WINDOWS\\system32;C:\\WINDOWS;C:\\WINDOWS\\System32\\Wbem;C:\\WINDOWS\\System32\\WindowsPowerShell\\v1.0;C:\\WINDOWS\\System32\\OpenSSH;C:\\xampp7.4\\php;C:\\composer;C:\\Users\\Dell\\AppData\\Roaming\\nvm;C:\\Program Files\\nodejs;C:\\Program Files\\Microsoft SQL Server\\150\\Tools\\Binn;C:\\GnuWin32\\bin;C:\\Program Files\\Docker\\Docker\\resources\\bin;C:\\Program Files\\WireGuard;C:\\Users\\Dell\\scoop\\shims;C:\\Users\\Dell\\AppData\\Local\\Programs\\Python\\Python312\\Scripts;C:\\Users\\Dell\\AppData\\Local\\Programs\\Python\\Python312;C:\\Users\\Dell\\AppData\\Local\\Microsoft\\WindowsApps;C:\\Users\\Dell\\AppData\\Local\\Programs\\Microsoft VS Code\\bin;C:\\Program Files (x86)\\mingw-w64\\i686-8.1.0-posix-dwarf-rt_v6-rev0\\mingw32\\bin;C:\\Program Files\\heroku\\bin;C:\\Program Files\\MongoDB\\Server\\4.4\\bin;C:\\Users\\Dell\\AppData\\Roaming\\npm;C:\\Users\\Dell\\AppData\\Roaming\\Composer\\vendor\\bin;C:\\Users\\Dell\\AppData\\Roaming\\nvm;C:\\Program Files\\nodejs;C:\\xampp\\php;C:\\Program Files\\CodeBlocks\\MinGW\\bin;C:\\TDM-GCC-32\\bin;C:\\modeltech64_10.5\\win64;C:\\laragon\\bin\\php\\php-8.1.10-Win32-vs16-x64;C:\\Program Files\\Java\\jdk-22\\bin;C:\\Users\\Dell\\AppData\\Local\\GitHubDesktop\\bin;C:\\Users\\Dell\\AppData\\Local\\Programs\\Antigravity\\bin;C:\\Users\\Dell\\AppData\\Local\\Python\\bin;C:\\Program Files\\Git\\usr\\bin\\vendor_perl;C:\\Program Files\\Git\\usr\\bin\\core_perl',
  PATHEXT: '.COM;.EXE;.BAT;.CMD;.VBS;.VBE;.JS;.JSE;.WSF;.WSH;.MSC',
  PKG_CONFIG_PATH: 'C:\\Program Files\\Git\\mingw64\\lib\\pkgconfig;C:\\Program Files\\Git\\mingw64\\share\\pkgconfig',
  PLINK_PROTOCOL: 'ssh',
  PROCESSOR_ARCHITECTURE: 'AMD64',
  PROCESSOR_IDENTIFIER: 'Intel64 Family 6 Model 142 Stepping 12, GenuineIntel',
  PROCESSOR_LEVEL: '6',
  PROCESSOR_REVISION: '8e0c',
  ProgramData: 'C:\\ProgramData',
  PROGRAMFILES: 'C:\\Program Files',
  'ProgramFiles(x86)': 'C:\\Program Files (x86)',
  ProgramW6432: 'C:\\Program Files',
  PROMPT: '$P$G',
  PSModulePath: 'C:\\Program Files\\WindowsPowerShell\\Modules;C:\\WINDOWS\\system32\\WindowsPowerShell\\v1.0\\Modules',
  PUBLIC: 'C:\\Users\\Public',
  PWD: 'D:/PER/Tuffani pizza/tuffani-pizza-frontend',
  PYTHONSTARTUP: 'c:\\Users\\Dell\\AppData\\Roaming\\Code\\User\\workspaceStorage\\c889e0ad64719f64916fd1406a77408d\\ms-python.python\\pythonrc.py',
  PYTHON_BASIC_REPL: '1',
  RUST_MIN_STACK: '8388608',
  SESSIONNAME: 'Console',
  SHELL: 'C:\\Program Files\\Git\\usr\\bin\\bash.exe',
  SHLVL: '2',
  SSH_ASKPASS: 'C:/Program Files/Git/mingw64/libexec/git-core/git-gui--askpass',
  SYSTEMDRIVE: 'C:',
  SYSTEMROOT: 'C:\\WINDOWS',
  TEMP: 'C:\\Users\\Dell\\AppData\\Local\\Temp',
  TERM: 'xterm-256color',
  TERM_PROGRAM: 'vscode',
  TERM_PROGRAM_VERSION: '1.112.0',
  TMP: 'C:\\Users\\Dell\\AppData\\Local\\Temp',
  TMPDIR: 'C:\\Users\\Dell\\AppData\\Local\\Temp',
  TURBOPACK: '1',
  USERDOMAIN: 'ABIDADHIKARI',
  USERDOMAIN_ROAMINGPROFILE: 'ABIDADHIKARI',
  USERNAME: 'Dell',
  USERPROFILE: 'C:\\Users\\Dell',
  VSCODE_GIT_ASKPASS_EXTRA_ARGS: '',
  VSCODE_GIT_ASKPASS_MAIN: 'c:\\Users\\Dell\\AppData\\Roaming\\Code\\User\\globalStorage\\vscode.git\\askpass\\493597c785d4c5cb\\askpass-main.js',
  VSCODE_GIT_ASKPASS_NODE: 'C:\\Users\\Dell\\AppData\\Local\\Programs\\Microsoft VS Code\\Code.exe',
  VSCODE_GIT_IPC_HANDLE: '\\\\.\\pipe\\vscode-git-842d2f3413-sock',
  VSCODE_PYTHON_AUTOACTIVATE_GUARD: '1',
  WINDIR: 'C:\\WINDOWS',
  ZES_ENABLE_SYSMAN: '1',
  _: 'C:/Program Files/nodejs/node.exe',
  __NEXT_PROCESSED_ENV: 'true'
}
  Generating static pages using 7 workers (8/32) 
{
  ACLOCAL_PATH: 'C:\\Program Files\\Git\\mingw64\\share\\aclocal;C:\\Program Files\\Git\\usr\\share\\aclocal',
  ALLUSERSPROFILE: 'C:\\ProgramData',
  APPDATA: 'C:\\Users\\Dell\\AppData\\Roaming',
  BACKEND_URL: 'https://api.tufanipizza.com',
  CHROME_CRASHPAD_PIPE_NAME: '\\\\.\\pipe\\crashpad_8088_DXXFZSWYYXOXSBHI',
  COLOR: '0',
  COLORTERM: 'truecolor',
  COMMONPROGRAMFILES: 'C:\\Program Files\\Common Files',
  'CommonProgramFiles(x86)': 'C:\\Program Files (x86)\\Common Files',
  CommonProgramW6432: 'C:\\Program Files\\Common Files',
  COMPUTERNAME: 'ABIDADHIKARI',
  COMSPEC: 'C:\\WINDOWS\\system32\\cmd.exe',
  CONFIG_SITE: 'C:/Program Files/Git/mingw64/etc/config.site',
  DISPLAY: 'needs-to-be-defined',
  DriverData: 'C:\\Windows\\System32\\Drivers\\DriverData',
  EDITOR: 'C:\\WINDOWS\\notepad.exe',
  EFC_9528_1262719628: '1',
  EFC_9528_1592913036: '1',
  EFC_9528_2283032206: '1',
  EFC_9528_2775293581: '1',
  EFC_9528_3789132940: '1',
  EXEPATH: 'C:\\Program Files\\Git\\bin',
  FPS_BROWSER_APP_PROFILE_STRING: 'Internet Explorer',
  FPS_BROWSER_USER_PROFILE_STRING: 'Default',
  GIT_ASKPASS: 'c:\\Users\\Dell\\AppData\\Roaming\\Code\\User\\globalStorage\\vscode.git\\askpass\\493597c785d4c5cb\\askpass.sh',
  GIT_EDITOR: ':',
  GIT_MERGE_AUTOEDIT: 'no',
  GIT_PAGER: 'cat',
  HISTCONTROL: 'ignorespace',
  HOME: 'C:\\Users\\Dell',
  HOMEDRIVE: 'C:',
  HOMEPATH: '\\Users\\Dell',
  HOSTNAME: 'AbidAdhikari',
  INFOPATH: 'C:\\Program Files\\Git\\usr\\local\\info;C:\\Program Files\\Git\\usr\\share\\info;C:\\Program Files\\Git\\usr\\info;C:\\Program Files\\Git\\share\\info',
  INIT_CWD: 'D:\\PER\\Tuffani pizza\\tuffani-pizza-frontend',
  IS_NEXT_WORKER: 'true',
  LANG: 'en_US.UTF-8',
  LM_LICENSE_FILE: 'C:\\flexlm\\lic_modelsim',
  LOCALAPPDATA: 'C:\\Users\\Dell\\AppData\\Local',
  LOGONSERVER: '\\\\ABIDADHIKARI',
  MANPATH: 'C:\\Program Files\\Git\\mingw64\\local\\man;C:\\Program Files\\Git\\mingw64\\share\\man;C:\\Program Files\\Git\\usr\\local\\man;C:\\Program Files\\Git\\usr\\share\\man;C:\\Program Files\\Git\\usr\\man;C:\\Program Files\\Git\\share\\man',
  MINGW_CHOST: 'x86_64-w64-mingw32',
  MINGW_PACKAGE_PREFIX: 'mingw-w64-x86_64',
  MINGW_PREFIX: 'C:/Program Files/Git/mingw64',
  MSYSTEM: 'MINGW64',
  MSYSTEM_CARCH: 'x86_64',
  MSYSTEM_CHOST: 'x86_64-w64-mingw32',
  MSYSTEM_PREFIX: 'C:/Program Files/Git/mingw64',
  NEXT_DEPLOYMENT_ID: '',
  NEXT_IS_EXPORT_WORKER: 'true',
  NEXT_PHASE: 'phase-production-build',
  NEXT_PUBLIC_BACKEND_URL: 'https://api.tufanipizza.com',
  NEXT_PUBLIC_SITE_URL: 'http://www.tufanipizza.com',
  NEXT_RUNTIME: 'nodejs',
  NODE: 'C:\\Program Files\\nodejs\\node.exe',
  NODE_ENV: 'production',
  NODE_OPTIONS: '',
  npm_command: 'run',
  npm_config_cache: 'C:\\Users\\Dell\\AppData\\Local\\npm-cache',
  npm_config_globalconfig: 'C:\\Program Files\\nodejs\\etc\\npmrc',
  npm_config_global_prefix: 'C:\\Program Files\\nodejs',
  npm_config_init_module: 'C:\\Users\\Dell\\.npm-init.js',
  npm_config_local_prefix: 'D:\\PER\\Tuffani pizza\\tuffani-pizza-frontend',
  npm_config_node_gyp: 'C:\\Users\\Dell\\AppData\\Roaming\\nvm\\v24.13.0\\node_modules\\npm\\node_modules\\node-gyp\\bin\\node-gyp.js',
  npm_config_noproxy: '',
  npm_config_npm_version: '11.6.2',
  npm_config_prefix: 'C:\\Program Files\\nodejs',
  npm_config_userconfig: 'C:\\Users\\Dell\\.npmrc',
  npm_config_user_agent: 'npm/11.6.2 node/v24.13.0 win32 x64 workspaces/false',
  npm_execpath: 'C:\\Users\\Dell\\AppData\\Roaming\\nvm\\v24.13.0\\node_modules\\npm\\bin\\npm-cli.js',
  npm_lifecycle_event: 'build',
  npm_lifecycle_script: 'next build',
  npm_node_execpath: 'C:\\Program Files\\nodejs\\node.exe',
  npm_package_json: 'D:\\PER\\Tuffani pizza\\tuffani-pizza-frontend\\package.json',
  npm_package_name: 'tufani-pizza-frontend',
  npm_package_version: '0.1.0',
  NUMBER_OF_PROCESSORS: '8',
  NVM_HOME: 'C:\\Users\\Dell\\AppData\\Roaming\\nvm',
  NVM_SYMLINK: 'C:\\Program Files\\nodejs',
  OneDrive: 'C:\\Users\\Dell\\OneDrive',
  ORIGINAL_PATH: 'C:\\Program Files\\Git\\mingw64\\bin;C:\\Program Files\\Git\\usr\\bin;C:\\Users\\Dell\\bin;C:\\Users\\Dell\\AppData\\Roaming\\Code\\User\\globalStorage\\github.copilot-chat\\debugCommand;C:\\Users\\Dell\\AppData\\Roaming\\Code\\User\\globalStorage\\github.copilot-chat\\copilotCli;C:\\Users\\Dell\\AppData\\Local\\Programs\\Microsoft VS Code;E:\\softwares\\App\\dbhomeXE\\bin;D:\\App\\WINDOWS.X64_213000_db_home\\bin;C:\\App\\db_home\\bin;C:\\Windows\\system32;C:\\Windows;C:\\Windows\\System32\\Wbem;C:\\Windows\\System32\\WindowsPowerShell\\v1.0;C:\\Windows\\System32\\OpenSSH;C:\\Program Files (x86)\\NVIDIA Corporation\\PhysX\\Common;C:\\Program Files\\NVIDIA Corporation\\NVIDIA NvDLISR;C:\\Program Files\\Git\\cmd;C:\\Program Files\\Git\\mingw64\\bin;C:\\Program Files\\Git\\usr\\bin;C:\\WINDOWS\\system32;C:\\WINDOWS;C:\\WINDOWS\\System32\\Wbem;C:\\WINDOWS\\System32\\WindowsPowerShell\\v1.0;C:\\WINDOWS\\System32\\OpenSSH;C:\\xampp7.4\\php;C:\\composer;C:\\Users\\Dell\\AppData\\Roaming\\nvm;C:\\Program Files\\nodejs;C:\\Program Files\\Microsoft SQL Server\\150\\Tools\\Binn;C:\\GnuWin32\\bin;C:\\Program Files\\Docker\\Docker\\resources\\bin;C:\\Program Files\\WireGuard;C:\\Users\\Dell\\scoop\\shims;C:\\Users\\Dell\\AppData\\Local\\Programs\\Python\\Python312\\Scripts;C:\\Users\\Dell\\AppData\\Local\\Programs\\Python\\Python312;C:\\Users\\Dell\\AppData\\Local\\Microsoft\\WindowsApps;C:\\Users\\Dell\\AppData\\Local\\Programs\\Microsoft VS Code\\bin;C:\\Program Files (x86)\\mingw-w64\\i686-8.1.0-posix-dwarf-rt_v6-rev0\\mingw32\\bin;C:\\Program Files\\heroku\\bin;C:\\Program Files\\MongoDB\\Server\\4.4\\bin;C:\\Users\\Dell\\AppData\\Roaming\\npm;C:\\Users\\Dell\\AppData\\Roaming\\Composer\\vendor\\bin;C:\\Users\\Dell\\AppData\\Roaming\\nvm;C:\\Program Files\\nodejs;C:\\xampp\\php;C:\\Program Files\\CodeBlocks\\MinGW\\bin;C:\\TDM-GCC-32\\bin;C:\\modeltech64_10.5\\win64;C:\\laragon\\bin\\php\\php-8.1.10-Win32-vs16-x64;C:\\Program Files\\Java\\jdk-22\\bin;C:\\Users\\Dell\\AppData\\Local\\GitHubDesktop\\bin;C:\\Users\\Dell\\AppData\\Local\\Programs\\Antigravity\\bin;C:\\Users\\Dell\\AppData\\Local\\Python\\bin',
  ORIGINAL_TEMP: 'C:/Users/Dell/AppData/Local/Temp',
  ORIGINAL_TMP: 'C:/Users/Dell/AppData/Local/Temp',
  OS: 'Windows_NT',
  PATH: 'D:\\PER\\Tuffani pizza\\tuffani-pizza-frontend\\node_modules\\.bin;D:\\PER\\Tuffani pizza\\node_modules\\.bin;D:\\PER\\node_modules\\.bin;D:\\node_modules\\.bin;C:\\Users\\Dell\\AppData\\Roaming\\nvm\\v24.13.0\\node_modules\\npm\\node_modules\\@npmcli\\run-script\\lib\\node-gyp-bin;C:\\Users\\Dell\\bin;C:\\Program Files\\Git\\mingw64\\bin;C:\\Program Files\\Git\\usr\\local\\bin;C:\\Program Files\\Git\\usr\\bin;C:\\Program Files\\Git\\usr\\bin;C:\\Program Files\\Git\\mingw64\\bin;C:\\Program Files\\Git\\usr\\bin;C:\\Users\\Dell\\bin;C:\\Users\\Dell\\AppData\\Roaming\\Code\\User\\globalStorage\\github.copilot-chat\\debugCommand;C:\\Users\\Dell\\AppData\\Roaming\\Code\\User\\globalStorage\\github.copilot-chat\\copilotCli;C:\\Users\\Dell\\AppData\\Local\\Programs\\Microsoft VS Code;E:\\softwares\\App\\dbhomeXE\\bin;D:\\App\\WINDOWS.X64_213000_db_home\\bin;C:\\App\\db_home\\bin;C:\\Windows\\system32;C:\\Windows;C:\\Windows\\System32\\Wbem;C:\\Windows\\System32\\WindowsPowerShell\\v1.0;C:\\Windows\\System32\\OpenSSH;C:\\Program Files (x86)\\NVIDIA Corporation\\PhysX\\Common;C:\\Program Files\\NVIDIA Corporation\\NVIDIA NvDLISR;C:\\Program Files\\Git\\cmd;C:\\Program Files\\Git\\mingw64\\bin;C:\\Program Files\\Git\\usr\\bin;C:\\WINDOWS\\system32;C:\\WINDOWS;C:\\WINDOWS\\System32\\Wbem;C:\\WINDOWS\\System32\\WindowsPowerShell\\v1.0;C:\\WINDOWS\\System32\\OpenSSH;C:\\xampp7.4\\php;C:\\composer;C:\\Users\\Dell\\AppData\\Roaming\\nvm;C:\\Program Files\\nodejs;C:\\Program Files\\Microsoft SQL Server\\150\\Tools\\Binn;C:\\GnuWin32\\bin;C:\\Program Files\\Docker\\Docker\\resources\\bin;C:\\Program Files\\WireGuard;C:\\Users\\Dell\\scoop\\shims;C:\\Users\\Dell\\AppData\\Local\\Programs\\Python\\Python312\\Scripts;C:\\Users\\Dell\\AppData\\Local\\Programs\\Python\\Python312;C:\\Users\\Dell\\AppData\\Local\\Microsoft\\WindowsApps;C:\\Users\\Dell\\AppData\\Local\\Programs\\Microsoft VS Code\\bin;C:\\Program Files (x86)\\mingw-w64\\i686-8.1.0-posix-dwarf-rt_v6-rev0\\mingw32\\bin;C:\\Program Files\\heroku\\bin;C:\\Program Files\\MongoDB\\Server\\4.4\\bin;C:\\Users\\Dell\\AppData\\Roaming\\npm;C:\\Users\\Dell\\AppData\\Roaming\\Composer\\vendor\\bin;C:\\Users\\Dell\\AppData\\Roaming\\nvm;C:\\Program Files\\nodejs;C:\\xampp\\php;C:\\Program Files\\CodeBlocks\\MinGW\\bin;C:\\TDM-GCC-32\\bin;C:\\modeltech64_10.5\\win64;C:\\laragon\\bin\\php\\php-8.1.10-Win32-vs16-x64;C:\\Program Files\\Java\\jdk-22\\bin;C:\\Users\\Dell\\AppData\\Local\\GitHubDesktop\\bin;C:\\Users\\Dell\\AppData\\Local\\Programs\\Antigravity\\bin;C:\\Users\\Dell\\AppData\\Local\\Python\\bin;C:\\Program Files\\Git\\usr\\bin\\vendor_perl;C:\\Program Files\\Git\\usr\\bin\\core_perl',
  PATHEXT: '.COM;.EXE;.BAT;.CMD;.VBS;.VBE;.JS;.JSE;.WSF;.WSH;.MSC',
  PKG_CONFIG_PATH: 'C:\\Program Files\\Git\\mingw64\\lib\\pkgconfig;C:\\Program Files\\Git\\mingw64\\share\\pkgconfig',
  PLINK_PROTOCOL: 'ssh',
  PROCESSOR_ARCHITECTURE: 'AMD64',
  PROCESSOR_IDENTIFIER: 'Intel64 Family 6 Model 142 Stepping 12, GenuineIntel',
  PROCESSOR_LEVEL: '6',
  PROCESSOR_REVISION: '8e0c',
  ProgramData: 'C:\\ProgramData',
  PROGRAMFILES: 'C:\\Program Files',
  'ProgramFiles(x86)': 'C:\\Program Files (x86)',
  ProgramW6432: 'C:\\Program Files',
  PROMPT: '$P$G',
  PSModulePath: 'C:\\Program Files\\WindowsPowerShell\\Modules;C:\\WINDOWS\\system32\\WindowsPowerShell\\v1.0\\Modules',
  PUBLIC: 'C:\\Users\\Public',
  PWD: 'D:/PER/Tuffani pizza/tuffani-pizza-frontend',
  PYTHONSTARTUP: 'c:\\Users\\Dell\\AppData\\Roaming\\Code\\User\\workspaceStorage\\c889e0ad64719f64916fd1406a77408d\\ms-python.python\\pythonrc.py',
  PYTHON_BASIC_REPL: '1',
  RUST_MIN_STACK: '8388608',
  SESSIONNAME: 'Console',
  SHELL: 'C:\\Program Files\\Git\\usr\\bin\\bash.exe',
  SHLVL: '2',
  SSH_ASKPASS: 'C:/Program Files/Git/mingw64/libexec/git-core/git-gui--askpass',
  SYSTEMDRIVE: 'C:',
  SYSTEMROOT: 'C:\\WINDOWS',
  TEMP: 'C:\\Users\\Dell\\AppData\\Local\\Temp',
  TERM: 'xterm-256color',
  TERM_PROGRAM: 'vscode',
  TERM_PROGRAM_VERSION: '1.112.0',
  TMP: 'C:\\Users\\Dell\\AppData\\Local\\Temp',
  TMPDIR: 'C:\\Users\\Dell\\AppData\\Local\\Temp',
  TURBOPACK: '1',
  USERDOMAIN: 'ABIDADHIKARI',
  USERDOMAIN_ROAMINGPROFILE: 'ABIDADHIKARI',
  USERNAME: 'Dell',
  USERPROFILE: 'C:\\Users\\Dell',
  VSCODE_GIT_ASKPASS_EXTRA_ARGS: '',
  VSCODE_GIT_ASKPASS_MAIN: 'c:\\Users\\Dell\\AppData\\Roaming\\Code\\User\\globalStorage\\vscode.git\\askpass\\493597c785d4c5cb\\askpass-main.js',
  VSCODE_GIT_ASKPASS_NODE: 'C:\\Users\\Dell\\AppData\\Local\\Programs\\Microsoft VS Code\\Code.exe',
  VSCODE_GIT_IPC_HANDLE: '\\\\.\\pipe\\vscode-git-842d2f3413-sock',
  VSCODE_PYTHON_AUTOACTIVATE_GUARD: '1',
  WINDIR: 'C:\\WINDOWS',
  ZES_ENABLE_SYSMAN: '1',
  _: 'C:/Program Files/nodejs/node.exe',
  __NEXT_PROCESSED_ENV: 'true'
}
{
  ACLOCAL_PATH: 'C:\\Program Files\\Git\\mingw64\\share\\aclocal;C:\\Program Files\\Git\\usr\\share\\aclocal',
  ALLUSERSPROFILE: 'C:\\ProgramData',
  APPDATA: 'C:\\Users\\Dell\\AppData\\Roaming',
  BACKEND_URL: 'https://api.tufanipizza.com',
  CHROME_CRASHPAD_PIPE_NAME: '\\\\.\\pipe\\crashpad_8088_DXXFZSWYYXOXSBHI',
  COLOR: '0',
  COLORTERM: 'truecolor',
  COMMONPROGRAMFILES: 'C:\\Program Files\\Common Files',
  'CommonProgramFiles(x86)': 'C:\\Program Files (x86)\\Common Files',
  CommonProgramW6432: 'C:\\Program Files\\Common Files',
  COMPUTERNAME: 'ABIDADHIKARI',
  COMSPEC: 'C:\\WINDOWS\\system32\\cmd.exe',
  CONFIG_SITE: 'C:/Program Files/Git/mingw64/etc/config.site',
  DISPLAY: 'needs-to-be-defined',
  DriverData: 'C:\\Windows\\System32\\Drivers\\DriverData',
  EDITOR: 'C:\\WINDOWS\\notepad.exe',
  EFC_9528_1262719628: '1',
  EFC_9528_1592913036: '1',
  EFC_9528_2283032206: '1',
  EFC_9528_2775293581: '1',
  EFC_9528_3789132940: '1',
  EXEPATH: 'C:\\Program Files\\Git\\bin',
  FPS_BROWSER_APP_PROFILE_STRING: 'Internet Explorer',
  FPS_BROWSER_USER_PROFILE_STRING: 'Default',
  GIT_ASKPASS: 'c:\\Users\\Dell\\AppData\\Roaming\\Code\\User\\globalStorage\\vscode.git\\askpass\\493597c785d4c5cb\\askpass.sh',
  GIT_EDITOR: ':',
  GIT_MERGE_AUTOEDIT: 'no',
  GIT_PAGER: 'cat',
  HISTCONTROL: 'ignorespace',
  HOME: 'C:\\Users\\Dell',
  HOMEDRIVE: 'C:',
  HOMEPATH: '\\Users\\Dell',
  HOSTNAME: 'AbidAdhikari',
  INFOPATH: 'C:\\Program Files\\Git\\usr\\local\\info;C:\\Program Files\\Git\\usr\\share\\info;C:\\Program Files\\Git\\usr\\info;C:\\Program Files\\Git\\share\\info',
  INIT_CWD: 'D:\\PER\\Tuffani pizza\\tuffani-pizza-frontend',
  IS_NEXT_WORKER: 'true',
  LANG: 'en_US.UTF-8',
  LM_LICENSE_FILE: 'C:\\flexlm\\lic_modelsim',
  LOCALAPPDATA: 'C:\\Users\\Dell\\AppData\\Local',
  LOGONSERVER: '\\\\ABIDADHIKARI',
  MANPATH: 'C:\\Program Files\\Git\\mingw64\\local\\man;C:\\Program Files\\Git\\mingw64\\share\\man;C:\\Program Files\\Git\\usr\\local\\man;C:\\Program Files\\Git\\usr\\share\\man;C:\\Program Files\\Git\\usr\\man;C:\\Program Files\\Git\\share\\man',
  MINGW_CHOST: 'x86_64-w64-mingw32',
  MINGW_PACKAGE_PREFIX: 'mingw-w64-x86_64',
  MINGW_PREFIX: 'C:/Program Files/Git/mingw64',
  MSYSTEM: 'MINGW64',
  MSYSTEM_CARCH: 'x86_64',
  MSYSTEM_CHOST: 'x86_64-w64-mingw32',
  MSYSTEM_PREFIX: 'C:/Program Files/Git/mingw64',
  NEXT_DEPLOYMENT_ID: '',
  NEXT_IS_EXPORT_WORKER: 'true',
  NEXT_PHASE: 'phase-production-build',
  NEXT_PUBLIC_BACKEND_URL: 'https://api.tufanipizza.com',
  NEXT_PUBLIC_SITE_URL: 'http://www.tufanipizza.com',
  NEXT_RUNTIME: 'nodejs',
  NODE: 'C:\\Program Files\\nodejs\\node.exe',
  NODE_ENV: 'production',
  NODE_OPTIONS: '',
  npm_command: 'run',
  npm_config_cache: 'C:\\Users\\Dell\\AppData\\Local\\npm-cache',
  npm_config_globalconfig: 'C:\\Program Files\\nodejs\\etc\\npmrc',
  npm_config_global_prefix: 'C:\\Program Files\\nodejs',
  npm_config_init_module: 'C:\\Users\\Dell\\.npm-init.js',
  npm_config_local_prefix: 'D:\\PER\\Tuffani pizza\\tuffani-pizza-frontend',
  npm_config_node_gyp: 'C:\\Users\\Dell\\AppData\\Roaming\\nvm\\v24.13.0\\node_modules\\npm\\node_modules\\node-gyp\\bin\\node-gyp.js',
  npm_config_noproxy: '',
  npm_config_npm_version: '11.6.2',
  npm_config_prefix: 'C:\\Program Files\\nodejs',
  npm_config_userconfig: 'C:\\Users\\Dell\\.npmrc',
  npm_config_user_agent: 'npm/11.6.2 node/v24.13.0 win32 x64 workspaces/false',
  npm_execpath: 'C:\\Users\\Dell\\AppData\\Roaming\\nvm\\v24.13.0\\node_modules\\npm\\bin\\npm-cli.js',
  npm_lifecycle_event: 'build',
  npm_lifecycle_script: 'next build',
  npm_node_execpath: 'C:\\Program Files\\nodejs\\node.exe',
  npm_package_json: 'D:\\PER\\Tuffani pizza\\tuffani-pizza-frontend\\package.json',
  npm_package_name: 'tufani-pizza-frontend',
  npm_package_version: '0.1.0',
  NUMBER_OF_PROCESSORS: '8',
  NVM_HOME: 'C:\\Users\\Dell\\AppData\\Roaming\\nvm',
  NVM_SYMLINK: 'C:\\Program Files\\nodejs',
  OneDrive: 'C:\\Users\\Dell\\OneDrive',
  ORIGINAL_PATH: 'C:\\Program Files\\Git\\mingw64\\bin;C:\\Program Files\\Git\\usr\\bin;C:\\Users\\Dell\\bin;C:\\Users\\Dell\\AppData\\Roaming\\Code\\User\\globalStorage\\github.copilot-chat\\debugCommand;C:\\Users\\Dell\\AppData\\Roaming\\Code\\User\\globalStorage\\github.copilot-chat\\copilotCli;C:\\Users\\Dell\\AppData\\Local\\Programs\\Microsoft VS Code;E:\\softwares\\App\\dbhomeXE\\bin;D:\\App\\WINDOWS.X64_213000_db_home\\bin;C:\\App\\db_home\\bin;C:\\Windows\\system32;C:\\Windows;C:\\Windows\\System32\\Wbem;C:\\Windows\\System32\\WindowsPowerShell\\v1.0;C:\\Windows\\System32\\OpenSSH;C:\\Program Files (x86)\\NVIDIA Corporation\\PhysX\\Common;C:\\Program Files\\NVIDIA Corporation\\NVIDIA NvDLISR;C:\\Program Files\\Git\\cmd;C:\\Program Files\\Git\\mingw64\\bin;C:\\Program Files\\Git\\usr\\bin;C:\\WINDOWS\\system32;C:\\WINDOWS;C:\\WINDOWS\\System32\\Wbem;C:\\WINDOWS\\System32\\WindowsPowerShell\\v1.0;C:\\WINDOWS\\System32\\OpenSSH;C:\\xampp7.4\\php;C:\\composer;C:\\Users\\Dell\\AppData\\Roaming\\nvm;C:\\Program Files\\nodejs;C:\\Program Files\\Microsoft SQL Server\\150\\Tools\\Binn;C:\\GnuWin32\\bin;C:\\Program Files\\Docker\\Docker\\resources\\bin;C:\\Program Files\\WireGuard;C:\\Users\\Dell\\scoop\\shims;C:\\Users\\Dell\\AppData\\Local\\Programs\\Python\\Python312\\Scripts;C:\\Users\\Dell\\AppData\\Local\\Programs\\Python\\Python312;C:\\Users\\Dell\\AppData\\Local\\Microsoft\\WindowsApps;C:\\Users\\Dell\\AppData\\Local\\Programs\\Microsoft VS Code\\bin;C:\\Program Files (x86)\\mingw-w64\\i686-8.1.0-posix-dwarf-rt_v6-rev0\\mingw32\\bin;C:\\Program Files\\heroku\\bin;C:\\Program Files\\MongoDB\\Server\\4.4\\bin;C:\\Users\\Dell\\AppData\\Roaming\\npm;C:\\Users\\Dell\\AppData\\Roaming\\Composer\\vendor\\bin;C:\\Users\\Dell\\AppData\\Roaming\\nvm;C:\\Program Files\\nodejs;C:\\xampp\\php;C:\\Program Files\\CodeBlocks\\MinGW\\bin;C:\\TDM-GCC-32\\bin;C:\\modeltech64_10.5\\win64;C:\\laragon\\bin\\php\\php-8.1.10-Win32-vs16-x64;C:\\Program Files\\Java\\jdk-22\\bin;C:\\Users\\Dell\\AppData\\Local\\GitHubDesktop\\bin;C:\\Users\\Dell\\AppData\\Local\\Programs\\Antigravity\\bin;C:\\Users\\Dell\\AppData\\Local\\Python\\bin',
  ORIGINAL_TEMP: 'C:/Users/Dell/AppData/Local/Temp',
  ORIGINAL_TMP: 'C:/Users/Dell/AppData/Local/Temp',
  OS: 'Windows_NT',
  PATH: 'D:\\PER\\Tuffani pizza\\tuffani-pizza-frontend\\node_modules\\.bin;D:\\PER\\Tuffani pizza\\node_modules\\.bin;D:\\PER\\node_modules\\.bin;D:\\node_modules\\.bin;C:\\Users\\Dell\\AppData\\Roaming\\nvm\\v24.13.0\\node_modules\\npm\\node_modules\\@npmcli\\run-script\\lib\\node-gyp-bin;C:\\Users\\Dell\\bin;C:\\Program Files\\Git\\mingw64\\bin;C:\\Program Files\\Git\\usr\\local\\bin;C:\\Program Files\\Git\\usr\\bin;C:\\Program Files\\Git\\usr\\bin;C:\\Program Files\\Git\\mingw64\\bin;C:\\Program Files\\Git\\usr\\bin;C:\\Users\\Dell\\bin;C:\\Users\\Dell\\AppData\\Roaming\\Code\\User\\globalStorage\\github.copilot-chat\\debugCommand;C:\\Users\\Dell\\AppData\\Roaming\\Code\\User\\globalStorage\\github.copilot-chat\\copilotCli;C:\\Users\\Dell\\AppData\\Local\\Programs\\Microsoft VS Code;E:\\softwares\\App\\dbhomeXE\\bin;D:\\App\\WINDOWS.X64_213000_db_home\\bin;C:\\App\\db_home\\bin;C:\\Windows\\system32;C:\\Windows;C:\\Windows\\System32\\Wbem;C:\\Windows\\System32\\WindowsPowerShell\\v1.0;C:\\Windows\\System32\\OpenSSH;C:\\Program Files (x86)\\NVIDIA Corporation\\PhysX\\Common;C:\\Program Files\\NVIDIA Corporation\\NVIDIA NvDLISR;C:\\Program Files\\Git\\cmd;C:\\Program Files\\Git\\mingw64\\bin;C:\\Program Files\\Git\\usr\\bin;C:\\WINDOWS\\system32;C:\\WINDOWS;C:\\WINDOWS\\System32\\Wbem;C:\\WINDOWS\\System32\\WindowsPowerShell\\v1.0;C:\\WINDOWS\\System32\\OpenSSH;C:\\xampp7.4\\php;C:\\composer;C:\\Users\\Dell\\AppData\\Roaming\\nvm;C:\\Program Files\\nodejs;C:\\Program Files\\Microsoft SQL Server\\150\\Tools\\Binn;C:\\GnuWin32\\bin;C:\\Program Files\\Docker\\Docker\\resources\\bin;C:\\Program Files\\WireGuard;C:\\Users\\Dell\\scoop\\shims;C:\\Users\\Dell\\AppData\\Local\\Programs\\Python\\Python312\\Scripts;C:\\Users\\Dell\\AppData\\Local\\Programs\\Python\\Python312;C:\\Users\\Dell\\AppData\\Local\\Microsoft\\WindowsApps;C:\\Users\\Dell\\AppData\\Local\\Programs\\Microsoft VS Code\\bin;C:\\Program Files (x86)\\mingw-w64\\i686-8.1.0-posix-dwarf-rt_v6-rev0\\mingw32\\bin;C:\\Program Files\\heroku\\bin;C:\\Program Files\\MongoDB\\Server\\4.4\\bin;C:\\Users\\Dell\\AppData\\Roaming\\npm;C:\\Users\\Dell\\AppData\\Roaming\\Composer\\vendor\\bin;C:\\Users\\Dell\\AppData\\Roaming\\nvm;C:\\Program Files\\nodejs;C:\\xampp\\php;C:\\Program Files\\CodeBlocks\\MinGW\\bin;C:\\TDM-GCC-32\\bin;C:\\modeltech64_10.5\\win64;C:\\laragon\\bin\\php\\php-8.1.10-Win32-vs16-x64;C:\\Program Files\\Java\\jdk-22\\bin;C:\\Users\\Dell\\AppData\\Local\\GitHubDesktop\\bin;C:\\Users\\Dell\\AppData\\Local\\Programs\\Antigravity\\bin;C:\\Users\\Dell\\AppData\\Local\\Python\\bin;C:\\Program Files\\Git\\usr\\bin\\vendor_perl;C:\\Program Files\\Git\\usr\\bin\\core_perl',
  PATHEXT: '.COM;.EXE;.BAT;.CMD;.VBS;.VBE;.JS;.JSE;.WSF;.WSH;.MSC',
  PKG_CONFIG_PATH: 'C:\\Program Files\\Git\\mingw64\\lib\\pkgconfig;C:\\Program Files\\Git\\mingw64\\share\\pkgconfig',
  PLINK_PROTOCOL: 'ssh',
  PROCESSOR_ARCHITECTURE: 'AMD64',
  PROCESSOR_IDENTIFIER: 'Intel64 Family 6 Model 142 Stepping 12, GenuineIntel',
  PROCESSOR_LEVEL: '6',
  PROCESSOR_REVISION: '8e0c',
  ProgramData: 'C:\\ProgramData',
  PROGRAMFILES: 'C:\\Program Files',
  'ProgramFiles(x86)': 'C:\\Program Files (x86)',
  ProgramW6432: 'C:\\Program Files',
  PROMPT: '$P$G',
  PSModulePath: 'C:\\Program Files\\WindowsPowerShell\\Modules;C:\\WINDOWS\\system32\\WindowsPowerShell\\v1.0\\Modules',
  PUBLIC: 'C:\\Users\\Public',
  PWD: 'D:/PER/Tuffani pizza/tuffani-pizza-frontend',
  PYTHONSTARTUP: 'c:\\Users\\Dell\\AppData\\Roaming\\Code\\User\\workspaceStorage\\c889e0ad64719f64916fd1406a77408d\\ms-python.python\\pythonrc.py',
  PYTHON_BASIC_REPL: '1',
  RUST_MIN_STACK: '8388608',
  SESSIONNAME: 'Console',
  SHELL: 'C:\\Program Files\\Git\\usr\\bin\\bash.exe',
  SHLVL: '2',
  SSH_ASKPASS: 'C:/Program Files/Git/mingw64/libexec/git-core/git-gui--askpass',
  SYSTEMDRIVE: 'C:',
  SYSTEMROOT: 'C:\\WINDOWS',
  TEMP: 'C:\\Users\\Dell\\AppData\\Local\\Temp',
  TERM: 'xterm-256color',
  TERM_PROGRAM: 'vscode',
  TERM_PROGRAM_VERSION: '1.112.0',
  TMP: 'C:\\Users\\Dell\\AppData\\Local\\Temp',
  TMPDIR: 'C:\\Users\\Dell\\AppData\\Local\\Temp',
  TURBOPACK: '1',
  USERDOMAIN: 'ABIDADHIKARI',
  USERDOMAIN_ROAMINGPROFILE: 'ABIDADHIKARI',
  USERNAME: 'Dell',
  USERPROFILE: 'C:\\Users\\Dell',
  VSCODE_GIT_ASKPASS_EXTRA_ARGS: '',
  VSCODE_GIT_ASKPASS_MAIN: 'c:\\Users\\Dell\\AppData\\Roaming\\Code\\User\\globalStorage\\vscode.git\\askpass\\493597c785d4c5cb\\askpass-main.js',
  VSCODE_GIT_ASKPASS_NODE: 'C:\\Users\\Dell\\AppData\\Local\\Programs\\Microsoft VS Code\\Code.exe',
  VSCODE_GIT_IPC_HANDLE: '\\\\.\\pipe\\vscode-git-842d2f3413-sock',
  VSCODE_PYTHON_AUTOACTIVATE_GUARD: '1',
  WINDIR: 'C:\\WINDOWS',
  ZES_ENABLE_SYSMAN: '1',
  _: 'C:/Program Files/nodejs/node.exe',
  __NEXT_PROCESSED_ENV: 'true'
}
{
  ACLOCAL_PATH: 'C:\\Program Files\\Git\\mingw64\\share\\aclocal;C:\\Program Files\\Git\\usr\\share\\aclocal',
  ALLUSERSPROFILE: 'C:\\ProgramData',
  APPDATA: 'C:\\Users\\Dell\\AppData\\Roaming',
  BACKEND_URL: 'https://api.tufanipizza.com',
  CHROME_CRASHPAD_PIPE_NAME: '\\\\.\\pipe\\crashpad_8088_DXXFZSWYYXOXSBHI',
  COLOR: '0',
  COLORTERM: 'truecolor',
  COMMONPROGRAMFILES: 'C:\\Program Files\\Common Files',
  'CommonProgramFiles(x86)': 'C:\\Program Files (x86)\\Common Files',
  CommonProgramW6432: 'C:\\Program Files\\Common Files',
  COMPUTERNAME: 'ABIDADHIKARI',
  COMSPEC: 'C:\\WINDOWS\\system32\\cmd.exe',
  CONFIG_SITE: 'C:/Program Files/Git/mingw64/etc/config.site',
  DISPLAY: 'needs-to-be-defined',
  DriverData: 'C:\\Windows\\System32\\Drivers\\DriverData',
  EDITOR: 'C:\\WINDOWS\\notepad.exe',
  EFC_9528_1262719628: '1',
  EFC_9528_1592913036: '1',
  EFC_9528_2283032206: '1',
  EFC_9528_2775293581: '1',
  EFC_9528_3789132940: '1',
  EXEPATH: 'C:\\Program Files\\Git\\bin',
  FPS_BROWSER_APP_PROFILE_STRING: 'Internet Explorer',
  FPS_BROWSER_USER_PROFILE_STRING: 'Default',
  GIT_ASKPASS: 'c:\\Users\\Dell\\AppData\\Roaming\\Code\\User\\globalStorage\\vscode.git\\askpass\\493597c785d4c5cb\\askpass.sh',
  GIT_EDITOR: ':',
  GIT_MERGE_AUTOEDIT: 'no',
  GIT_PAGER: 'cat',
  HISTCONTROL: 'ignorespace',
  HOME: 'C:\\Users\\Dell',
  HOMEDRIVE: 'C:',
  HOMEPATH: '\\Users\\Dell',
  HOSTNAME: 'AbidAdhikari',
  INFOPATH: 'C:\\Program Files\\Git\\usr\\local\\info;C:\\Program Files\\Git\\usr\\share\\info;C:\\Program Files\\Git\\usr\\info;C:\\Program Files\\Git\\share\\info',
  INIT_CWD: 'D:\\PER\\Tuffani pizza\\tuffani-pizza-frontend',
  IS_NEXT_WORKER: 'true',
  LANG: 'en_US.UTF-8',
  LM_LICENSE_FILE: 'C:\\flexlm\\lic_modelsim',
  LOCALAPPDATA: 'C:\\Users\\Dell\\AppData\\Local',
  LOGONSERVER: '\\\\ABIDADHIKARI',
  MANPATH: 'C:\\Program Files\\Git\\mingw64\\local\\man;C:\\Program Files\\Git\\mingw64\\share\\man;C:\\Program Files\\Git\\usr\\local\\man;C:\\Program Files\\Git\\usr\\share\\man;C:\\Program Files\\Git\\usr\\man;C:\\Program Files\\Git\\share\\man',
  MINGW_CHOST: 'x86_64-w64-mingw32',
  MINGW_PACKAGE_PREFIX: 'mingw-w64-x86_64',
  MINGW_PREFIX: 'C:/Program Files/Git/mingw64',
  MSYSTEM: 'MINGW64',
  MSYSTEM_CARCH: 'x86_64',
  MSYSTEM_CHOST: 'x86_64-w64-mingw32',
  MSYSTEM_PREFIX: 'C:/Program Files/Git/mingw64',
  NEXT_DEPLOYMENT_ID: '',
  NEXT_IS_EXPORT_WORKER: 'true',
  NEXT_PHASE: 'phase-production-build',
  NEXT_PUBLIC_BACKEND_URL: 'https://api.tufanipizza.com',
  NEXT_PUBLIC_SITE_URL: 'http://www.tufanipizza.com',
  NEXT_RUNTIME: 'nodejs',
  NODE: 'C:\\Program Files\\nodejs\\node.exe',
  NODE_ENV: 'production',
  NODE_OPTIONS: '',
  npm_command: 'run',
  npm_config_cache: 'C:\\Users\\Dell\\AppData\\Local\\npm-cache',
  npm_config_globalconfig: 'C:\\Program Files\\nodejs\\etc\\npmrc',
  npm_config_global_prefix: 'C:\\Program Files\\nodejs',
  npm_config_init_module: 'C:\\Users\\Dell\\.npm-init.js',
  npm_config_local_prefix: 'D:\\PER\\Tuffani pizza\\tuffani-pizza-frontend',
  npm_config_node_gyp: 'C:\\Users\\Dell\\AppData\\Roaming\\nvm\\v24.13.0\\node_modules\\npm\\node_modules\\node-gyp\\bin\\node-gyp.js',
  npm_config_noproxy: '',
  npm_config_npm_version: '11.6.2',
  npm_config_prefix: 'C:\\Program Files\\nodejs',
  npm_config_userconfig: 'C:\\Users\\Dell\\.npmrc',
  npm_config_user_agent: 'npm/11.6.2 node/v24.13.0 win32 x64 workspaces/false',
  npm_execpath: 'C:\\Users\\Dell\\AppData\\Roaming\\nvm\\v24.13.0\\node_modules\\npm\\bin\\npm-cli.js',
  npm_lifecycle_event: 'build',
  npm_lifecycle_script: 'next build',
  npm_node_execpath: 'C:\\Program Files\\nodejs\\node.exe',
  npm_package_json: 'D:\\PER\\Tuffani pizza\\tuffani-pizza-frontend\\package.json',
  npm_package_name: 'tufani-pizza-frontend',
  npm_package_version: '0.1.0',
  NUMBER_OF_PROCESSORS: '8',
  NVM_HOME: 'C:\\Users\\Dell\\AppData\\Roaming\\nvm',
  NVM_SYMLINK: 'C:\\Program Files\\nodejs',
  OneDrive: 'C:\\Users\\Dell\\OneDrive',
  ORIGINAL_PATH: 'C:\\Program Files\\Git\\mingw64\\bin;C:\\Program Files\\Git\\usr\\bin;C:\\Users\\Dell\\bin;C:\\Users\\Dell\\AppData\\Roaming\\Code\\User\\globalStorage\\github.copilot-chat\\debugCommand;C:\\Users\\Dell\\AppData\\Roaming\\Code\\User\\globalStorage\\github.copilot-chat\\copilotCli;C:\\Users\\Dell\\AppData\\Local\\Programs\\Microsoft VS Code;E:\\softwares\\App\\dbhomeXE\\bin;D:\\App\\WINDOWS.X64_213000_db_home\\bin;C:\\App\\db_home\\bin;C:\\Windows\\system32;C:\\Windows;C:\\Windows\\System32\\Wbem;C:\\Windows\\System32\\WindowsPowerShell\\v1.0;C:\\Windows\\System32\\OpenSSH;C:\\Program Files (x86)\\NVIDIA Corporation\\PhysX\\Common;C:\\Program Files\\NVIDIA Corporation\\NVIDIA NvDLISR;C:\\Program Files\\Git\\cmd;C:\\Program Files\\Git\\mingw64\\bin;C:\\Program Files\\Git\\usr\\bin;C:\\WINDOWS\\system32;C:\\WINDOWS;C:\\WINDOWS\\System32\\Wbem;C:\\WINDOWS\\System32\\WindowsPowerShell\\v1.0;C:\\WINDOWS\\System32\\OpenSSH;C:\\xampp7.4\\php;C:\\composer;C:\\Users\\Dell\\AppData\\Roaming\\nvm;C:\\Program Files\\nodejs;C:\\Program Files\\Microsoft SQL Server\\150\\Tools\\Binn;C:\\GnuWin32\\bin;C:\\Program Files\\Docker\\Docker\\resources\\bin;C:\\Program Files\\WireGuard;C:\\Users\\Dell\\scoop\\shims;C:\\Users\\Dell\\AppData\\Local\\Programs\\Python\\Python312\\Scripts;C:\\Users\\Dell\\AppData\\Local\\Programs\\Python\\Python312;C:\\Users\\Dell\\AppData\\Local\\Microsoft\\WindowsApps;C:\\Users\\Dell\\AppData\\Local\\Programs\\Microsoft VS Code\\bin;C:\\Program Files (x86)\\mingw-w64\\i686-8.1.0-posix-dwarf-rt_v6-rev0\\mingw32\\bin;C:\\Program Files\\heroku\\bin;C:\\Program Files\\MongoDB\\Server\\4.4\\bin;C:\\Users\\Dell\\AppData\\Roaming\\npm;C:\\Users\\Dell\\AppData\\Roaming\\Composer\\vendor\\bin;C:\\Users\\Dell\\AppData\\Roaming\\nvm;C:\\Program Files\\nodejs;C:\\xampp\\php;C:\\Program Files\\CodeBlocks\\MinGW\\bin;C:\\TDM-GCC-32\\bin;C:\\modeltech64_10.5\\win64;C:\\laragon\\bin\\php\\php-8.1.10-Win32-vs16-x64;C:\\Program Files\\Java\\jdk-22\\bin;C:\\Users\\Dell\\AppData\\Local\\GitHubDesktop\\bin;C:\\Users\\Dell\\AppData\\Local\\Programs\\Antigravity\\bin;C:\\Users\\Dell\\AppData\\Local\\Python\\bin',
  ORIGINAL_TEMP: 'C:/Users/Dell/AppData/Local/Temp',
  ORIGINAL_TMP: 'C:/Users/Dell/AppData/Local/Temp',
  OS: 'Windows_NT',
  PATH: 'D:\\PER\\Tuffani pizza\\tuffani-pizza-frontend\\node_modules\\.bin;D:\\PER\\Tuffani pizza\\node_modules\\.bin;D:\\PER\\node_modules\\.bin;D:\\node_modules\\.bin;C:\\Users\\Dell\\AppData\\Roaming\\nvm\\v24.13.0\\node_modules\\npm\\node_modules\\@npmcli\\run-script\\lib\\node-gyp-bin;C:\\Users\\Dell\\bin;C:\\Program Files\\Git\\mingw64\\bin;C:\\Program Files\\Git\\usr\\local\\bin;C:\\Program Files\\Git\\usr\\bin;C:\\Program Files\\Git\\usr\\bin;C:\\Program Files\\Git\\mingw64\\bin;C:\\Program Files\\Git\\usr\\bin;C:\\Users\\Dell\\bin;C:\\Users\\Dell\\AppData\\Roaming\\Code\\User\\globalStorage\\github.copilot-chat\\debugCommand;C:\\Users\\Dell\\AppData\\Roaming\\Code\\User\\globalStorage\\github.copilot-chat\\copilotCli;C:\\Users\\Dell\\AppData\\Local\\Programs\\Microsoft VS Code;E:\\softwares\\App\\dbhomeXE\\bin;D:\\App\\WINDOWS.X64_213000_db_home\\bin;C:\\App\\db_home\\bin;C:\\Windows\\system32;C:\\Windows;C:\\Windows\\System32\\Wbem;C:\\Windows\\System32\\WindowsPowerShell\\v1.0;C:\\Windows\\System32\\OpenSSH;C:\\Program Files (x86)\\NVIDIA Corporation\\PhysX\\Common;C:\\Program Files\\NVIDIA Corporation\\NVIDIA NvDLISR;C:\\Program Files\\Git\\cmd;C:\\Program Files\\Git\\mingw64\\bin;C:\\Program Files\\Git\\usr\\bin;C:\\WINDOWS\\system32;C:\\WINDOWS;C:\\WINDOWS\\System32\\Wbem;C:\\WINDOWS\\System32\\WindowsPowerShell\\v1.0;C:\\WINDOWS\\System32\\OpenSSH;C:\\xampp7.4\\php;C:\\composer;C:\\Users\\Dell\\AppData\\Roaming\\nvm;C:\\Program Files\\nodejs;C:\\Program Files\\Microsoft SQL Server\\150\\Tools\\Binn;C:\\GnuWin32\\bin;C:\\Program Files\\Docker\\Docker\\resources\\bin;C:\\Program Files\\WireGuard;C:\\Users\\Dell\\scoop\\shims;C:\\Users\\Dell\\AppData\\Local\\Programs\\Python\\Python312\\Scripts;C:\\Users\\Dell\\AppData\\Local\\Programs\\Python\\Python312;C:\\Users\\Dell\\AppData\\Local\\Microsoft\\WindowsApps;C:\\Users\\Dell\\AppData\\Local\\Programs\\Microsoft VS Code\\bin;C:\\Program Files (x86)\\mingw-w64\\i686-8.1.0-posix-dwarf-rt_v6-rev0\\mingw32\\bin;C:\\Program Files\\heroku\\bin;C:\\Program Files\\MongoDB\\Server\\4.4\\bin;C:\\Users\\Dell\\AppData\\Roaming\\npm;C:\\Users\\Dell\\AppData\\Roaming\\Composer\\vendor\\bin;C:\\Users\\Dell\\AppData\\Roaming\\nvm;C:\\Program Files\\nodejs;C:\\xampp\\php;C:\\Program Files\\CodeBlocks\\MinGW\\bin;C:\\TDM-GCC-32\\bin;C:\\modeltech64_10.5\\win64;C:\\laragon\\bin\\php\\php-8.1.10-Win32-vs16-x64;C:\\Program Files\\Java\\jdk-22\\bin;C:\\Users\\Dell\\AppData\\Local\\GitHubDesktop\\bin;C:\\Users\\Dell\\AppData\\Local\\Programs\\Antigravity\\bin;C:\\Users\\Dell\\AppData\\Local\\Python\\bin;C:\\Program Files\\Git\\usr\\bin\\vendor_perl;C:\\Program Files\\Git\\usr\\bin\\core_perl',
  PATHEXT: '.COM;.EXE;.BAT;.CMD;.VBS;.VBE;.JS;.JSE;.WSF;.WSH;.MSC',
  PKG_CONFIG_PATH: 'C:\\Program Files\\Git\\mingw64\\lib\\pkgconfig;C:\\Program Files\\Git\\mingw64\\share\\pkgconfig',
  PLINK_PROTOCOL: 'ssh',
  PROCESSOR_ARCHITECTURE: 'AMD64',
  PROCESSOR_IDENTIFIER: 'Intel64 Family 6 Model 142 Stepping 12, GenuineIntel',
  PROCESSOR_LEVEL: '6',
  PROCESSOR_REVISION: '8e0c',
  ProgramData: 'C:\\ProgramData',
  PROGRAMFILES: 'C:\\Program Files',
  'ProgramFiles(x86)': 'C:\\Program Files (x86)',
  ProgramW6432: 'C:\\Program Files',
  PROMPT: '$P$G',
  PSModulePath: 'C:\\Program Files\\WindowsPowerShell\\Modules;C:\\WINDOWS\\system32\\WindowsPowerShell\\v1.0\\Modules',
  PUBLIC: 'C:\\Users\\Public',
  PWD: 'D:/PER/Tuffani pizza/tuffani-pizza-frontend',
  PYTHONSTARTUP: 'c:\\Users\\Dell\\AppData\\Roaming\\Code\\User\\workspaceStorage\\c889e0ad64719f64916fd1406a77408d\\ms-python.python\\pythonrc.py',
  PYTHON_BASIC_REPL: '1',
  RUST_MIN_STACK: '8388608',
  SESSIONNAME: 'Console',
  SHELL: 'C:\\Program Files\\Git\\usr\\bin\\bash.exe',
  SHLVL: '2',
  SSH_ASKPASS: 'C:/Program Files/Git/mingw64/libexec/git-core/git-gui--askpass',
  SYSTEMDRIVE: 'C:',
  SYSTEMROOT: 'C:\\WINDOWS',
  TEMP: 'C:\\Users\\Dell\\AppData\\Local\\Temp',
  TERM: 'xterm-256color',
  TERM_PROGRAM: 'vscode',
  TERM_PROGRAM_VERSION: '1.112.0',
  TMP: 'C:\\Users\\Dell\\AppData\\Local\\Temp',
  TMPDIR: 'C:\\Users\\Dell\\AppData\\Local\\Temp',
  TURBOPACK: '1',
  USERDOMAIN: 'ABIDADHIKARI',
  USERDOMAIN_ROAMINGPROFILE: 'ABIDADHIKARI',
  USERNAME: 'Dell',
  USERPROFILE: 'C:\\Users\\Dell',
  VSCODE_GIT_ASKPASS_EXTRA_ARGS: '',
  VSCODE_GIT_ASKPASS_MAIN: 'c:\\Users\\Dell\\AppData\\Roaming\\Code\\User\\globalStorage\\vscode.git\\askpass\\493597c785d4c5cb\\askpass-main.js',
  VSCODE_GIT_ASKPASS_NODE: 'C:\\Users\\Dell\\AppData\\Local\\Programs\\Microsoft VS Code\\Code.exe',
  VSCODE_GIT_IPC_HANDLE: '\\\\.\\pipe\\vscode-git-842d2f3413-sock',
  VSCODE_PYTHON_AUTOACTIVATE_GUARD: '1',
  WINDIR: 'C:\\WINDOWS',
  ZES_ENABLE_SYSMAN: '1',
  _: 'C:/Program Files/nodejs/node.exe',
  __NEXT_PROCESSED_ENV: 'true'
}
{
  ACLOCAL_PATH: 'C:\\Program Files\\Git\\mingw64\\share\\aclocal;C:\\Program Files\\Git\\usr\\share\\aclocal',
  ALLUSERSPROFILE: 'C:\\ProgramData',
  APPDATA: 'C:\\Users\\Dell\\AppData\\Roaming',
  BACKEND_URL: 'https://api.tufanipizza.com',
  CHROME_CRASHPAD_PIPE_NAME: '\\\\.\\pipe\\crashpad_8088_DXXFZSWYYXOXSBHI',
  COLOR: '0',
  COLORTERM: 'truecolor',
  COMMONPROGRAMFILES: 'C:\\Program Files\\Common Files',
  'CommonProgramFiles(x86)': 'C:\\Program Files (x86)\\Common Files',
  CommonProgramW6432: 'C:\\Program Files\\Common Files',
  COMPUTERNAME: 'ABIDADHIKARI',
  COMSPEC: 'C:\\WINDOWS\\system32\\cmd.exe',
  CONFIG_SITE: 'C:/Program Files/Git/mingw64/etc/config.site',
  DISPLAY: 'needs-to-be-defined',
  DriverData: 'C:\\Windows\\System32\\Drivers\\DriverData',
  EDITOR: 'C:\\WINDOWS\\notepad.exe',
  EFC_9528_1262719628: '1',
  EFC_9528_1592913036: '1',
  EFC_9528_2283032206: '1',
  EFC_9528_2775293581: '1',
  EFC_9528_3789132940: '1',
  EXEPATH: 'C:\\Program Files\\Git\\bin',
  FPS_BROWSER_APP_PROFILE_STRING: 'Internet Explorer',
  FPS_BROWSER_USER_PROFILE_STRING: 'Default',
  GIT_ASKPASS: 'c:\\Users\\Dell\\AppData\\Roaming\\Code\\User\\globalStorage\\vscode.git\\askpass\\493597c785d4c5cb\\askpass.sh',
  GIT_EDITOR: ':',
  GIT_MERGE_AUTOEDIT: 'no',
  GIT_PAGER: 'cat',
  HISTCONTROL: 'ignorespace',
  HOME: 'C:\\Users\\Dell',
  HOMEDRIVE: 'C:',
  HOMEPATH: '\\Users\\Dell',
  HOSTNAME: 'AbidAdhikari',
  INFOPATH: 'C:\\Program Files\\Git\\usr\\local\\info;C:\\Program Files\\Git\\usr\\share\\info;C:\\Program Files\\Git\\usr\\info;C:\\Program Files\\Git\\share\\info',
  INIT_CWD: 'D:\\PER\\Tuffani pizza\\tuffani-pizza-frontend',
  IS_NEXT_WORKER: 'true',
  LANG: 'en_US.UTF-8',
  LM_LICENSE_FILE: 'C:\\flexlm\\lic_modelsim',
  LOCALAPPDATA: 'C:\\Users\\Dell\\AppData\\Local',
  LOGONSERVER: '\\\\ABIDADHIKARI',
  MANPATH: 'C:\\Program Files\\Git\\mingw64\\local\\man;C:\\Program Files\\Git\\mingw64\\share\\man;C:\\Program Files\\Git\\usr\\local\\man;C:\\Program Files\\Git\\usr\\share\\man;C:\\Program Files\\Git\\usr\\man;C:\\Program Files\\Git\\share\\man',
  MINGW_CHOST: 'x86_64-w64-mingw32',
  MINGW_PACKAGE_PREFIX: 'mingw-w64-x86_64',
  MINGW_PREFIX: 'C:/Program Files/Git/mingw64',
  MSYSTEM: 'MINGW64',
  MSYSTEM_CARCH: 'x86_64',
  MSYSTEM_CHOST: 'x86_64-w64-mingw32',
  MSYSTEM_PREFIX: 'C:/Program Files/Git/mingw64',
  NEXT_DEPLOYMENT_ID: '',
  NEXT_IS_EXPORT_WORKER: 'true',
  NEXT_PHASE: 'phase-production-build',
  NEXT_PUBLIC_BACKEND_URL: 'https://api.tufanipizza.com',
  NEXT_PUBLIC_SITE_URL: 'http://www.tufanipizza.com',
  NEXT_RUNTIME: 'nodejs',
  NODE: 'C:\\Program Files\\nodejs\\node.exe',
  NODE_ENV: 'production',
  NODE_OPTIONS: '',
  npm_command: 'run',
  npm_config_cache: 'C:\\Users\\Dell\\AppData\\Local\\npm-cache',
  npm_config_globalconfig: 'C:\\Program Files\\nodejs\\etc\\npmrc',
  npm_config_global_prefix: 'C:\\Program Files\\nodejs',
  npm_config_init_module: 'C:\\Users\\Dell\\.npm-init.js',
  npm_config_local_prefix: 'D:\\PER\\Tuffani pizza\\tuffani-pizza-frontend',
  npm_config_node_gyp: 'C:\\Users\\Dell\\AppData\\Roaming\\nvm\\v24.13.0\\node_modules\\npm\\node_modules\\node-gyp\\bin\\node-gyp.js',
  npm_config_noproxy: '',
  npm_config_npm_version: '11.6.2',
  npm_config_prefix: 'C:\\Program Files\\nodejs',
  npm_config_userconfig: 'C:\\Users\\Dell\\.npmrc',
  npm_config_user_agent: 'npm/11.6.2 node/v24.13.0 win32 x64 workspaces/false',
  npm_execpath: 'C:\\Users\\Dell\\AppData\\Roaming\\nvm\\v24.13.0\\node_modules\\npm\\bin\\npm-cli.js',
  npm_lifecycle_event: 'build',
  npm_lifecycle_script: 'next build',
  npm_node_execpath: 'C:\\Program Files\\nodejs\\node.exe',
  npm_package_json: 'D:\\PER\\Tuffani pizza\\tuffani-pizza-frontend\\package.json',
  npm_package_name: 'tufani-pizza-frontend',
  npm_package_version: '0.1.0',
  NUMBER_OF_PROCESSORS: '8',
  NVM_HOME: 'C:\\Users\\Dell\\AppData\\Roaming\\nvm',
  NVM_SYMLINK: 'C:\\Program Files\\nodejs',
  OneDrive: 'C:\\Users\\Dell\\OneDrive',
  ORIGINAL_PATH: 'C:\\Program Files\\Git\\mingw64\\bin;C:\\Program Files\\Git\\usr\\bin;C:\\Users\\Dell\\bin;C:\\Users\\Dell\\AppData\\Roaming\\Code\\User\\globalStorage\\github.copilot-chat\\debugCommand;C:\\Users\\Dell\\AppData\\Roaming\\Code\\User\\globalStorage\\github.copilot-chat\\copilotCli;C:\\Users\\Dell\\AppData\\Local\\Programs\\Microsoft VS Code;E:\\softwares\\App\\dbhomeXE\\bin;D:\\App\\WINDOWS.X64_213000_db_home\\bin;C:\\App\\db_home\\bin;C:\\Windows\\system32;C:\\Windows;C:\\Windows\\System32\\Wbem;C:\\Windows\\System32\\WindowsPowerShell\\v1.0;C:\\Windows\\System32\\OpenSSH;C:\\Program Files (x86)\\NVIDIA Corporation\\PhysX\\Common;C:\\Program Files\\NVIDIA Corporation\\NVIDIA NvDLISR;C:\\Program Files\\Git\\cmd;C:\\Program Files\\Git\\mingw64\\bin;C:\\Program Files\\Git\\usr\\bin;C:\\WINDOWS\\system32;C:\\WINDOWS;C:\\WINDOWS\\System32\\Wbem;C:\\WINDOWS\\System32\\WindowsPowerShell\\v1.0;C:\\WINDOWS\\System32\\OpenSSH;C:\\xampp7.4\\php;C:\\composer;C:\\Users\\Dell\\AppData\\Roaming\\nvm;C:\\Program Files\\nodejs;C:\\Program Files\\Microsoft SQL Server\\150\\Tools\\Binn;C:\\GnuWin32\\bin;C:\\Program Files\\Docker\\Docker\\resources\\bin;C:\\Program Files\\WireGuard;C:\\Users\\Dell\\scoop\\shims;C:\\Users\\Dell\\AppData\\Local\\Programs\\Python\\Python312\\Scripts;C:\\Users\\Dell\\AppData\\Local\\Programs\\Python\\Python312;C:\\Users\\Dell\\AppData\\Local\\Microsoft\\WindowsApps;C:\\Users\\Dell\\AppData\\Local\\Programs\\Microsoft VS Code\\bin;C:\\Program Files (x86)\\mingw-w64\\i686-8.1.0-posix-dwarf-rt_v6-rev0\\mingw32\\bin;C:\\Program Files\\heroku\\bin;C:\\Program Files\\MongoDB\\Server\\4.4\\bin;C:\\Users\\Dell\\AppData\\Roaming\\npm;C:\\Users\\Dell\\AppData\\Roaming\\Composer\\vendor\\bin;C:\\Users\\Dell\\AppData\\Roaming\\nvm;C:\\Program Files\\nodejs;C:\\xampp\\php;C:\\Program Files\\CodeBlocks\\MinGW\\bin;C:\\TDM-GCC-32\\bin;C:\\modeltech64_10.5\\win64;C:\\laragon\\bin\\php\\php-8.1.10-Win32-vs16-x64;C:\\Program Files\\Java\\jdk-22\\bin;C:\\Users\\Dell\\AppData\\Local\\GitHubDesktop\\bin;C:\\Users\\Dell\\AppData\\Local\\Programs\\Antigravity\\bin;C:\\Users\\Dell\\AppData\\Local\\Python\\bin',
  ORIGINAL_TEMP: 'C:/Users/Dell/AppData/Local/Temp',
  ORIGINAL_TMP: 'C:/Users/Dell/AppData/Local/Temp',
  OS: 'Windows_NT',
  PATH: 'D:\\PER\\Tuffani pizza\\tuffani-pizza-frontend\\node_modules\\.bin;D:\\PER\\Tuffani pizza\\node_modules\\.bin;D:\\PER\\node_modules\\.bin;D:\\node_modules\\.bin;C:\\Users\\Dell\\AppData\\Roaming\\nvm\\v24.13.0\\node_modules\\npm\\node_modules\\@npmcli\\run-script\\lib\\node-gyp-bin;C:\\Users\\Dell\\bin;C:\\Program Files\\Git\\mingw64\\bin;C:\\Program Files\\Git\\usr\\local\\bin;C:\\Program Files\\Git\\usr\\bin;C:\\Program Files\\Git\\usr\\bin;C:\\Program Files\\Git\\mingw64\\bin;C:\\Program Files\\Git\\usr\\bin;C:\\Users\\Dell\\bin;C:\\Users\\Dell\\AppData\\Roaming\\Code\\User\\globalStorage\\github.copilot-chat\\debugCommand;C:\\Users\\Dell\\AppData\\Roaming\\Code\\User\\globalStorage\\github.copilot-chat\\copilotCli;C:\\Users\\Dell\\AppData\\Local\\Programs\\Microsoft VS Code;E:\\softwares\\App\\dbhomeXE\\bin;D:\\App\\WINDOWS.X64_213000_db_home\\bin;C:\\App\\db_home\\bin;C:\\Windows\\system32;C:\\Windows;C:\\Windows\\System32\\Wbem;C:\\Windows\\System32\\WindowsPowerShell\\v1.0;C:\\Windows\\System32\\OpenSSH;C:\\Program Files (x86)\\NVIDIA Corporation\\PhysX\\Common;C:\\Program Files\\NVIDIA Corporation\\NVIDIA NvDLISR;C:\\Program Files\\Git\\cmd;C:\\Program Files\\Git\\mingw64\\bin;C:\\Program Files\\Git\\usr\\bin;C:\\WINDOWS\\system32;C:\\WINDOWS;C:\\WINDOWS\\System32\\Wbem;C:\\WINDOWS\\System32\\WindowsPowerShell\\v1.0;C:\\WINDOWS\\System32\\OpenSSH;C:\\xampp7.4\\php;C:\\composer;C:\\Users\\Dell\\AppData\\Roaming\\nvm;C:\\Program Files\\nodejs;C:\\Program Files\\Microsoft SQL Server\\150\\Tools\\Binn;C:\\GnuWin32\\bin;C:\\Program Files\\Docker\\Docker\\resources\\bin;C:\\Program Files\\WireGuard;C:\\Users\\Dell\\scoop\\shims;C:\\Users\\Dell\\AppData\\Local\\Programs\\Python\\Python312\\Scripts;C:\\Users\\Dell\\AppData\\Local\\Programs\\Python\\Python312;C:\\Users\\Dell\\AppData\\Local\\Microsoft\\WindowsApps;C:\\Users\\Dell\\AppData\\Local\\Programs\\Microsoft VS Code\\bin;C:\\Program Files (x86)\\mingw-w64\\i686-8.1.0-posix-dwarf-rt_v6-rev0\\mingw32\\bin;C:\\Program Files\\heroku\\bin;C:\\Program Files\\MongoDB\\Server\\4.4\\bin;C:\\Users\\Dell\\AppData\\Roaming\\npm;C:\\Users\\Dell\\AppData\\Roaming\\Composer\\vendor\\bin;C:\\Users\\Dell\\AppData\\Roaming\\nvm;C:\\Program Files\\nodejs;C:\\xampp\\php;C:\\Program Files\\CodeBlocks\\MinGW\\bin;C:\\TDM-GCC-32\\bin;C:\\modeltech64_10.5\\win64;C:\\laragon\\bin\\php\\php-8.1.10-Win32-vs16-x64;C:\\Program Files\\Java\\jdk-22\\bin;C:\\Users\\Dell\\AppData\\Local\\GitHubDesktop\\bin;C:\\Users\\Dell\\AppData\\Local\\Programs\\Antigravity\\bin;C:\\Users\\Dell\\AppData\\Local\\Python\\bin;C:\\Program Files\\Git\\usr\\bin\\vendor_perl;C:\\Program Files\\Git\\usr\\bin\\core_perl',
  PATHEXT: '.COM;.EXE;.BAT;.CMD;.VBS;.VBE;.JS;.JSE;.WSF;.WSH;.MSC',
  PKG_CONFIG_PATH: 'C:\\Program Files\\Git\\mingw64\\lib\\pkgconfig;C:\\Program Files\\Git\\mingw64\\share\\pkgconfig',
  PLINK_PROTOCOL: 'ssh',
  PROCESSOR_ARCHITECTURE: 'AMD64',
  PROCESSOR_IDENTIFIER: 'Intel64 Family 6 Model 142 Stepping 12, GenuineIntel',
  PROCESSOR_LEVEL: '6',
  PROCESSOR_REVISION: '8e0c',
  ProgramData: 'C:\\ProgramData',
  PROGRAMFILES: 'C:\\Program Files',
  'ProgramFiles(x86)': 'C:\\Program Files (x86)',
  ProgramW6432: 'C:\\Program Files',
  PROMPT: '$P$G',
  PSModulePath: 'C:\\Program Files\\WindowsPowerShell\\Modules;C:\\WINDOWS\\system32\\WindowsPowerShell\\v1.0\\Modules',
  PUBLIC: 'C:\\Users\\Public',
  PWD: 'D:/PER/Tuffani pizza/tuffani-pizza-frontend',
  PYTHONSTARTUP: 'c:\\Users\\Dell\\AppData\\Roaming\\Code\\User\\workspaceStorage\\c889e0ad64719f64916fd1406a77408d\\ms-python.python\\pythonrc.py',
  PYTHON_BASIC_REPL: '1',
  RUST_MIN_STACK: '8388608',
  SESSIONNAME: 'Console',
  SHELL: 'C:\\Program Files\\Git\\usr\\bin\\bash.exe',
  SHLVL: '2',
  SSH_ASKPASS: 'C:/Program Files/Git/mingw64/libexec/git-core/git-gui--askpass',
  SYSTEMDRIVE: 'C:',
  SYSTEMROOT: 'C:\\WINDOWS',
  TEMP: 'C:\\Users\\Dell\\AppData\\Local\\Temp',
  TERM: 'xterm-256color',
  TERM_PROGRAM: 'vscode',
  TERM_PROGRAM_VERSION: '1.112.0',
  TMP: 'C:\\Users\\Dell\\AppData\\Local\\Temp',
  TMPDIR: 'C:\\Users\\Dell\\AppData\\Local\\Temp',
  TURBOPACK: '1',
  USERDOMAIN: 'ABIDADHIKARI',
  USERDOMAIN_ROAMINGPROFILE: 'ABIDADHIKARI',
  USERNAME: 'Dell',
  USERPROFILE: 'C:\\Users\\Dell',
  VSCODE_GIT_ASKPASS_EXTRA_ARGS: '',
  VSCODE_GIT_ASKPASS_MAIN: 'c:\\Users\\Dell\\AppData\\Roaming\\Code\\User\\globalStorage\\vscode.git\\askpass\\493597c785d4c5cb\\askpass-main.js',
  VSCODE_GIT_ASKPASS_NODE: 'C:\\Users\\Dell\\AppData\\Local\\Programs\\Microsoft VS Code\\Code.exe',
  VSCODE_GIT_IPC_HANDLE: '\\\\.\\pipe\\vscode-git-842d2f3413-sock',
  VSCODE_PYTHON_AUTOACTIVATE_GUARD: '1',
  WINDIR: 'C:\\WINDOWS',
  ZES_ENABLE_SYSMAN: '1',
  _: 'C:/Program Files/nodejs/node.exe',
  __NEXT_PROCESSED_ENV: 'true'
}
{
  ACLOCAL_PATH: 'C:\\Program Files\\Git\\mingw64\\share\\aclocal;C:\\Program Files\\Git\\usr\\share\\aclocal',
  ALLUSERSPROFILE: 'C:\\ProgramData',
  APPDATA: 'C:\\Users\\Dell\\AppData\\Roaming',
  BACKEND_URL: 'https://api.tufanipizza.com',
  CHROME_CRASHPAD_PIPE_NAME: '\\\\.\\pipe\\crashpad_8088_DXXFZSWYYXOXSBHI',
  COLOR: '0',
  COLORTERM: 'truecolor',
  COMMONPROGRAMFILES: 'C:\\Program Files\\Common Files',
  'CommonProgramFiles(x86)': 'C:\\Program Files (x86)\\Common Files',
  CommonProgramW6432: 'C:\\Program Files\\Common Files',
  COMPUTERNAME: 'ABIDADHIKARI',
  COMSPEC: 'C:\\WINDOWS\\system32\\cmd.exe',
  CONFIG_SITE: 'C:/Program Files/Git/mingw64/etc/config.site',
  DISPLAY: 'needs-to-be-defined',
  DriverData: 'C:\\Windows\\System32\\Drivers\\DriverData',
  EDITOR: 'C:\\WINDOWS\\notepad.exe',
  EFC_9528_1262719628: '1',
  EFC_9528_1592913036: '1',
  EFC_9528_2283032206: '1',
  EFC_9528_2775293581: '1',
  EFC_9528_3789132940: '1',
  EXEPATH: 'C:\\Program Files\\Git\\bin',
  FPS_BROWSER_APP_PROFILE_STRING: 'Internet Explorer',
  FPS_BROWSER_USER_PROFILE_STRING: 'Default',
  GIT_ASKPASS: 'c:\\Users\\Dell\\AppData\\Roaming\\Code\\User\\globalStorage\\vscode.git\\askpass\\493597c785d4c5cb\\askpass.sh',
  GIT_EDITOR: ':',
  GIT_MERGE_AUTOEDIT: 'no',
  GIT_PAGER: 'cat',
  HISTCONTROL: 'ignorespace',
  HOME: 'C:\\Users\\Dell',
  HOMEDRIVE: 'C:',
  HOMEPATH: '\\Users\\Dell',
  HOSTNAME: 'AbidAdhikari',
  INFOPATH: 'C:\\Program Files\\Git\\usr\\local\\info;C:\\Program Files\\Git\\usr\\share\\info;C:\\Program Files\\Git\\usr\\info;C:\\Program Files\\Git\\share\\info',
  INIT_CWD: 'D:\\PER\\Tuffani pizza\\tuffani-pizza-frontend',
  IS_NEXT_WORKER: 'true',
  LANG: 'en_US.UTF-8',
  LM_LICENSE_FILE: 'C:\\flexlm\\lic_modelsim',
  LOCALAPPDATA: 'C:\\Users\\Dell\\AppData\\Local',
  LOGONSERVER: '\\\\ABIDADHIKARI',
  MANPATH: 'C:\\Program Files\\Git\\mingw64\\local\\man;C:\\Program Files\\Git\\mingw64\\share\\man;C:\\Program Files\\Git\\usr\\local\\man;C:\\Program Files\\Git\\usr\\share\\man;C:\\Program Files\\Git\\usr\\man;C:\\Program Files\\Git\\share\\man',
  MINGW_CHOST: 'x86_64-w64-mingw32',
  MINGW_PACKAGE_PREFIX: 'mingw-w64-x86_64',
  MINGW_PREFIX: 'C:/Program Files/Git/mingw64',
  MSYSTEM: 'MINGW64',
  MSYSTEM_CARCH: 'x86_64',
  MSYSTEM_CHOST: 'x86_64-w64-mingw32',
  MSYSTEM_PREFIX: 'C:/Program Files/Git/mingw64',
  NEXT_DEPLOYMENT_ID: '',
  NEXT_IS_EXPORT_WORKER: 'true',
  NEXT_PHASE: 'phase-production-build',
  NEXT_PUBLIC_BACKEND_URL: 'https://api.tufanipizza.com',
  NEXT_PUBLIC_SITE_URL: 'http://www.tufanipizza.com',
  NEXT_RUNTIME: 'nodejs',
  NODE: 'C:\\Program Files\\nodejs\\node.exe',
  NODE_ENV: 'production',
  NODE_OPTIONS: '',
  npm_command: 'run',
  npm_config_cache: 'C:\\Users\\Dell\\AppData\\Local\\npm-cache',
  npm_config_globalconfig: 'C:\\Program Files\\nodejs\\etc\\npmrc',
  npm_config_global_prefix: 'C:\\Program Files\\nodejs',
  npm_config_init_module: 'C:\\Users\\Dell\\.npm-init.js',
  npm_config_local_prefix: 'D:\\PER\\Tuffani pizza\\tuffani-pizza-frontend',
  npm_config_node_gyp: 'C:\\Users\\Dell\\AppData\\Roaming\\nvm\\v24.13.0\\node_modules\\npm\\node_modules\\node-gyp\\bin\\node-gyp.js',
  npm_config_noproxy: '',
  npm_config_npm_version: '11.6.2',
  npm_config_prefix: 'C:\\Program Files\\nodejs',
  npm_config_userconfig: 'C:\\Users\\Dell\\.npmrc',
  npm_config_user_agent: 'npm/11.6.2 node/v24.13.0 win32 x64 workspaces/false',
  npm_execpath: 'C:\\Users\\Dell\\AppData\\Roaming\\nvm\\v24.13.0\\node_modules\\npm\\bin\\npm-cli.js',
  npm_lifecycle_event: 'build',
  npm_lifecycle_script: 'next build',
  npm_node_execpath: 'C:\\Program Files\\nodejs\\node.exe',
  npm_package_json: 'D:\\PER\\Tuffani pizza\\tuffani-pizza-frontend\\package.json',
  npm_package_name: 'tufani-pizza-frontend',
  npm_package_version: '0.1.0',
  NUMBER_OF_PROCESSORS: '8',
  NVM_HOME: 'C:\\Users\\Dell\\AppData\\Roaming\\nvm',
  NVM_SYMLINK: 'C:\\Program Files\\nodejs',
  OneDrive: 'C:\\Users\\Dell\\OneDrive',
  ORIGINAL_PATH: 'C:\\Program Files\\Git\\mingw64\\bin;C:\\Program Files\\Git\\usr\\bin;C:\\Users\\Dell\\bin;C:\\Users\\Dell\\AppData\\Roaming\\Code\\User\\globalStorage\\github.copilot-chat\\debugCommand;C:\\Users\\Dell\\AppData\\Roaming\\Code\\User\\globalStorage\\github.copilot-chat\\copilotCli;C:\\Users\\Dell\\AppData\\Local\\Programs\\Microsoft VS Code;E:\\softwares\\App\\dbhomeXE\\bin;D:\\App\\WINDOWS.X64_213000_db_home\\bin;C:\\App\\db_home\\bin;C:\\Windows\\system32;C:\\Windows;C:\\Windows\\System32\\Wbem;C:\\Windows\\System32\\WindowsPowerShell\\v1.0;C:\\Windows\\System32\\OpenSSH;C:\\Program Files (x86)\\NVIDIA Corporation\\PhysX\\Common;C:\\Program Files\\NVIDIA Corporation\\NVIDIA NvDLISR;C:\\Program Files\\Git\\cmd;C:\\Program Files\\Git\\mingw64\\bin;C:\\Program Files\\Git\\usr\\bin;C:\\WINDOWS\\system32;C:\\WINDOWS;C:\\WINDOWS\\System32\\Wbem;C:\\WINDOWS\\System32\\WindowsPowerShell\\v1.0;C:\\WINDOWS\\System32\\OpenSSH;C:\\xampp7.4\\php;C:\\composer;C:\\Users\\Dell\\AppData\\Roaming\\nvm;C:\\Program Files\\nodejs;C:\\Program Files\\Microsoft SQL Server\\150\\Tools\\Binn;C:\\GnuWin32\\bin;C:\\Program Files\\Docker\\Docker\\resources\\bin;C:\\Program Files\\WireGuard;C:\\Users\\Dell\\scoop\\shims;C:\\Users\\Dell\\AppData\\Local\\Programs\\Python\\Python312\\Scripts;C:\\Users\\Dell\\AppData\\Local\\Programs\\Python\\Python312;C:\\Users\\Dell\\AppData\\Local\\Microsoft\\WindowsApps;C:\\Users\\Dell\\AppData\\Local\\Programs\\Microsoft VS Code\\bin;C:\\Program Files (x86)\\mingw-w64\\i686-8.1.0-posix-dwarf-rt_v6-rev0\\mingw32\\bin;C:\\Program Files\\heroku\\bin;C:\\Program Files\\MongoDB\\Server\\4.4\\bin;C:\\Users\\Dell\\AppData\\Roaming\\npm;C:\\Users\\Dell\\AppData\\Roaming\\Composer\\vendor\\bin;C:\\Users\\Dell\\AppData\\Roaming\\nvm;C:\\Program Files\\nodejs;C:\\xampp\\php;C:\\Program Files\\CodeBlocks\\MinGW\\bin;C:\\TDM-GCC-32\\bin;C:\\modeltech64_10.5\\win64;C:\\laragon\\bin\\php\\php-8.1.10-Win32-vs16-x64;C:\\Program Files\\Java\\jdk-22\\bin;C:\\Users\\Dell\\AppData\\Local\\GitHubDesktop\\bin;C:\\Users\\Dell\\AppData\\Local\\Programs\\Antigravity\\bin;C:\\Users\\Dell\\AppData\\Local\\Python\\bin',
  ORIGINAL_TEMP: 'C:/Users/Dell/AppData/Local/Temp',
  ORIGINAL_TMP: 'C:/Users/Dell/AppData/Local/Temp',
  OS: 'Windows_NT',
  PATH: 'D:\\PER\\Tuffani pizza\\tuffani-pizza-frontend\\node_modules\\.bin;D:\\PER\\Tuffani pizza\\node_modules\\.bin;D:\\PER\\node_modules\\.bin;D:\\node_modules\\.bin;C:\\Users\\Dell\\AppData\\Roaming\\nvm\\v24.13.0\\node_modules\\npm\\node_modules\\@npmcli\\run-script\\lib\\node-gyp-bin;C:\\Users\\Dell\\bin;C:\\Program Files\\Git\\mingw64\\bin;C:\\Program Files\\Git\\usr\\local\\bin;C:\\Program Files\\Git\\usr\\bin;C:\\Program Files\\Git\\usr\\bin;C:\\Program Files\\Git\\mingw64\\bin;C:\\Program Files\\Git\\usr\\bin;C:\\Users\\Dell\\bin;C:\\Users\\Dell\\AppData\\Roaming\\Code\\User\\globalStorage\\github.copilot-chat\\debugCommand;C:\\Users\\Dell\\AppData\\Roaming\\Code\\User\\globalStorage\\github.copilot-chat\\copilotCli;C:\\Users\\Dell\\AppData\\Local\\Programs\\Microsoft VS Code;E:\\softwares\\App\\dbhomeXE\\bin;D:\\App\\WINDOWS.X64_213000_db_home\\bin;C:\\App\\db_home\\bin;C:\\Windows\\system32;C:\\Windows;C:\\Windows\\System32\\Wbem;C:\\Windows\\System32\\WindowsPowerShell\\v1.0;C:\\Windows\\System32\\OpenSSH;C:\\Program Files (x86)\\NVIDIA Corporation\\PhysX\\Common;C:\\Program Files\\NVIDIA Corporation\\NVIDIA NvDLISR;C:\\Program Files\\Git\\cmd;C:\\Program Files\\Git\\mingw64\\bin;C:\\Program Files\\Git\\usr\\bin;C:\\WINDOWS\\system32;C:\\WINDOWS;C:\\WINDOWS\\System32\\Wbem;C:\\WINDOWS\\System32\\WindowsPowerShell\\v1.0;C:\\WINDOWS\\System32\\OpenSSH;C:\\xampp7.4\\php;C:\\composer;C:\\Users\\Dell\\AppData\\Roaming\\nvm;C:\\Program Files\\nodejs;C:\\Program Files\\Microsoft SQL Server\\150\\Tools\\Binn;C:\\GnuWin32\\bin;C:\\Program Files\\Docker\\Docker\\resources\\bin;C:\\Program Files\\WireGuard;C:\\Users\\Dell\\scoop\\shims;C:\\Users\\Dell\\AppData\\Local\\Programs\\Python\\Python312\\Scripts;C:\\Users\\Dell\\AppData\\Local\\Programs\\Python\\Python312;C:\\Users\\Dell\\AppData\\Local\\Microsoft\\WindowsApps;C:\\Users\\Dell\\AppData\\Local\\Programs\\Microsoft VS Code\\bin;C:\\Program Files (x86)\\mingw-w64\\i686-8.1.0-posix-dwarf-rt_v6-rev0\\mingw32\\bin;C:\\Program Files\\heroku\\bin;C:\\Program Files\\MongoDB\\Server\\4.4\\bin;C:\\Users\\Dell\\AppData\\Roaming\\npm;C:\\Users\\Dell\\AppData\\Roaming\\Composer\\vendor\\bin;C:\\Users\\Dell\\AppData\\Roaming\\nvm;C:\\Program Files\\nodejs;C:\\xampp\\php;C:\\Program Files\\CodeBlocks\\MinGW\\bin;C:\\TDM-GCC-32\\bin;C:\\modeltech64_10.5\\win64;C:\\laragon\\bin\\php\\php-8.1.10-Win32-vs16-x64;C:\\Program Files\\Java\\jdk-22\\bin;C:\\Users\\Dell\\AppData\\Local\\GitHubDesktop\\bin;C:\\Users\\Dell\\AppData\\Local\\Programs\\Antigravity\\bin;C:\\Users\\Dell\\AppData\\Local\\Python\\bin;C:\\Program Files\\Git\\usr\\bin\\vendor_perl;C:\\Program Files\\Git\\usr\\bin\\core_perl',
  PATHEXT: '.COM;.EXE;.BAT;.CMD;.VBS;.VBE;.JS;.JSE;.WSF;.WSH;.MSC',
  PKG_CONFIG_PATH: 'C:\\Program Files\\Git\\mingw64\\lib\\pkgconfig;C:\\Program Files\\Git\\mingw64\\share\\pkgconfig',
  PLINK_PROTOCOL: 'ssh',
  PROCESSOR_ARCHITECTURE: 'AMD64',
  PROCESSOR_IDENTIFIER: 'Intel64 Family 6 Model 142 Stepping 12, GenuineIntel',
  PROCESSOR_LEVEL: '6',
  PROCESSOR_REVISION: '8e0c',
  ProgramData: 'C:\\ProgramData',
  PROGRAMFILES: 'C:\\Program Files',
  'ProgramFiles(x86)': 'C:\\Program Files (x86)',
  ProgramW6432: 'C:\\Program Files',
  PROMPT: '$P$G',
  PSModulePath: 'C:\\Program Files\\WindowsPowerShell\\Modules;C:\\WINDOWS\\system32\\WindowsPowerShell\\v1.0\\Modules',
  PUBLIC: 'C:\\Users\\Public',
  PWD: 'D:/PER/Tuffani pizza/tuffani-pizza-frontend',
  PYTHONSTARTUP: 'c:\\Users\\Dell\\AppData\\Roaming\\Code\\User\\workspaceStorage\\c889e0ad64719f64916fd1406a77408d\\ms-python.python\\pythonrc.py',
  PYTHON_BASIC_REPL: '1',
  RUST_MIN_STACK: '8388608',
  SESSIONNAME: 'Console',
  SHELL: 'C:\\Program Files\\Git\\usr\\bin\\bash.exe',
  SHLVL: '2',
  SSH_ASKPASS: 'C:/Program Files/Git/mingw64/libexec/git-core/git-gui--askpass',
  SYSTEMDRIVE: 'C:',
  SYSTEMROOT: 'C:\\WINDOWS',
  TEMP: 'C:\\Users\\Dell\\AppData\\Local\\Temp',
  TERM: 'xterm-256color',
  TERM_PROGRAM: 'vscode',
  TERM_PROGRAM_VERSION: '1.112.0',
  TMP: 'C:\\Users\\Dell\\AppData\\Local\\Temp',
  TMPDIR: 'C:\\Users\\Dell\\AppData\\Local\\Temp',
  TURBOPACK: '1',
  USERDOMAIN: 'ABIDADHIKARI',
  USERDOMAIN_ROAMINGPROFILE: 'ABIDADHIKARI',
  USERNAME: 'Dell',
  USERPROFILE: 'C:\\Users\\Dell',
  VSCODE_GIT_ASKPASS_EXTRA_ARGS: '',
  VSCODE_GIT_ASKPASS_MAIN: 'c:\\Users\\Dell\\AppData\\Roaming\\Code\\User\\globalStorage\\vscode.git\\askpass\\493597c785d4c5cb\\askpass-main.js',
  VSCODE_GIT_ASKPASS_NODE: 'C:\\Users\\Dell\\AppData\\Local\\Programs\\Microsoft VS Code\\Code.exe',
  VSCODE_GIT_IPC_HANDLE: '\\\\.\\pipe\\vscode-git-842d2f3413-sock',
  VSCODE_PYTHON_AUTOACTIVATE_GUARD: '1',
  WINDIR: 'C:\\WINDOWS',
  ZES_ENABLE_SYSMAN: '1',
  _: 'C:/Program Files/nodejs/node.exe',
  __NEXT_PROCESSED_ENV: 'true'
}
{
  ACLOCAL_PATH: 'C:\\Program Files\\Git\\mingw64\\share\\aclocal;C:\\Program Files\\Git\\usr\\share\\aclocal',
  ALLUSERSPROFILE: 'C:\\ProgramData',
  APPDATA: 'C:\\Users\\Dell\\AppData\\Roaming',
  BACKEND_URL: 'https://api.tufanipizza.com',
  CHROME_CRASHPAD_PIPE_NAME: '\\\\.\\pipe\\crashpad_8088_DXXFZSWYYXOXSBHI',
  COLOR: '0',
  COLORTERM: 'truecolor',
  COMMONPROGRAMFILES: 'C:\\Program Files\\Common Files',
  'CommonProgramFiles(x86)': 'C:\\Program Files (x86)\\Common Files',
  CommonProgramW6432: 'C:\\Program Files\\Common Files',
  COMPUTERNAME: 'ABIDADHIKARI',
  COMSPEC: 'C:\\WINDOWS\\system32\\cmd.exe',
  CONFIG_SITE: 'C:/Program Files/Git/mingw64/etc/config.site',
  DISPLAY: 'needs-to-be-defined',
  DriverData: 'C:\\Windows\\System32\\Drivers\\DriverData',
  EDITOR: 'C:\\WINDOWS\\notepad.exe',
  EFC_9528_1262719628: '1',
  EFC_9528_1592913036: '1',
  EFC_9528_2283032206: '1',
  EFC_9528_2775293581: '1',
  EFC_9528_3789132940: '1',
  EXEPATH: 'C:\\Program Files\\Git\\bin',
  FPS_BROWSER_APP_PROFILE_STRING: 'Internet Explorer',
  FPS_BROWSER_USER_PROFILE_STRING: 'Default',
  GIT_ASKPASS: 'c:\\Users\\Dell\\AppData\\Roaming\\Code\\User\\globalStorage\\vscode.git\\askpass\\493597c785d4c5cb\\askpass.sh',
  GIT_EDITOR: ':',
  GIT_MERGE_AUTOEDIT: 'no',
  GIT_PAGER: 'cat',
  HISTCONTROL: 'ignorespace',
  HOME: 'C:\\Users\\Dell',
  HOMEDRIVE: 'C:',
  HOMEPATH: '\\Users\\Dell',
  HOSTNAME: 'AbidAdhikari',
  INFOPATH: 'C:\\Program Files\\Git\\usr\\local\\info;C:\\Program Files\\Git\\usr\\share\\info;C:\\Program Files\\Git\\usr\\info;C:\\Program Files\\Git\\share\\info',
  INIT_CWD: 'D:\\PER\\Tuffani pizza\\tuffani-pizza-frontend',
  IS_NEXT_WORKER: 'true',
  LANG: 'en_US.UTF-8',
  LM_LICENSE_FILE: 'C:\\flexlm\\lic_modelsim',
  LOCALAPPDATA: 'C:\\Users\\Dell\\AppData\\Local',
  LOGONSERVER: '\\\\ABIDADHIKARI',
  MANPATH: 'C:\\Program Files\\Git\\mingw64\\local\\man;C:\\Program Files\\Git\\mingw64\\share\\man;C:\\Program Files\\Git\\usr\\local\\man;C:\\Program Files\\Git\\usr\\share\\man;C:\\Program Files\\Git\\usr\\man;C:\\Program Files\\Git\\share\\man',
  MINGW_CHOST: 'x86_64-w64-mingw32',
  MINGW_PACKAGE_PREFIX: 'mingw-w64-x86_64',
  MINGW_PREFIX: 'C:/Program Files/Git/mingw64',
  MSYSTEM: 'MINGW64',
  MSYSTEM_CARCH: 'x86_64',
  MSYSTEM_CHOST: 'x86_64-w64-mingw32',
  MSYSTEM_PREFIX: 'C:/Program Files/Git/mingw64',
  NEXT_DEPLOYMENT_ID: '',
  NEXT_IS_EXPORT_WORKER: 'true',
  NEXT_PHASE: 'phase-production-build',
  NEXT_PUBLIC_BACKEND_URL: 'https://api.tufanipizza.com',
  NEXT_PUBLIC_SITE_URL: 'http://www.tufanipizza.com',
  NEXT_RUNTIME: 'nodejs',
  NODE: 'C:\\Program Files\\nodejs\\node.exe',
  NODE_ENV: 'production',
  NODE_OPTIONS: '',
  npm_command: 'run',
  npm_config_cache: 'C:\\Users\\Dell\\AppData\\Local\\npm-cache',
  npm_config_globalconfig: 'C:\\Program Files\\nodejs\\etc\\npmrc',
  npm_config_global_prefix: 'C:\\Program Files\\nodejs',
  npm_config_init_module: 'C:\\Users\\Dell\\.npm-init.js',
  npm_config_local_prefix: 'D:\\PER\\Tuffani pizza\\tuffani-pizza-frontend',
  npm_config_node_gyp: 'C:\\Users\\Dell\\AppData\\Roaming\\nvm\\v24.13.0\\node_modules\\npm\\node_modules\\node-gyp\\bin\\node-gyp.js',
  npm_config_noproxy: '',
  npm_config_npm_version: '11.6.2',
  npm_config_prefix: 'C:\\Program Files\\nodejs',
  npm_config_userconfig: 'C:\\Users\\Dell\\.npmrc',
  npm_config_user_agent: 'npm/11.6.2 node/v24.13.0 win32 x64 workspaces/false',
  npm_execpath: 'C:\\Users\\Dell\\AppData\\Roaming\\nvm\\v24.13.0\\node_modules\\npm\\bin\\npm-cli.js',
  npm_lifecycle_event: 'build',
  npm_lifecycle_script: 'next build',
  npm_node_execpath: 'C:\\Program Files\\nodejs\\node.exe',
  npm_package_json: 'D:\\PER\\Tuffani pizza\\tuffani-pizza-frontend\\package.json',
  npm_package_name: 'tufani-pizza-frontend',
  npm_package_version: '0.1.0',
  NUMBER_OF_PROCESSORS: '8',
  NVM_HOME: 'C:\\Users\\Dell\\AppData\\Roaming\\nvm',
  NVM_SYMLINK: 'C:\\Program Files\\nodejs',
  OneDrive: 'C:\\Users\\Dell\\OneDrive',
  ORIGINAL_PATH: 'C:\\Program Files\\Git\\mingw64\\bin;C:\\Program Files\\Git\\usr\\bin;C:\\Users\\Dell\\bin;C:\\Users\\Dell\\AppData\\Roaming\\Code\\User\\globalStorage\\github.copilot-chat\\debugCommand;C:\\Users\\Dell\\AppData\\Roaming\\Code\\User\\globalStorage\\github.copilot-chat\\copilotCli;C:\\Users\\Dell\\AppData\\Local\\Programs\\Microsoft VS Code;E:\\softwares\\App\\dbhomeXE\\bin;D:\\App\\WINDOWS.X64_213000_db_home\\bin;C:\\App\\db_home\\bin;C:\\Windows\\system32;C:\\Windows;C:\\Windows\\System32\\Wbem;C:\\Windows\\System32\\WindowsPowerShell\\v1.0;C:\\Windows\\System32\\OpenSSH;C:\\Program Files (x86)\\NVIDIA Corporation\\PhysX\\Common;C:\\Program Files\\NVIDIA Corporation\\NVIDIA NvDLISR;C:\\Program Files\\Git\\cmd;C:\\Program Files\\Git\\mingw64\\bin;C:\\Program Files\\Git\\usr\\bin;C:\\WINDOWS\\system32;C:\\WINDOWS;C:\\WINDOWS\\System32\\Wbem;C:\\WINDOWS\\System32\\WindowsPowerShell\\v1.0;C:\\WINDOWS\\System32\\OpenSSH;C:\\xampp7.4\\php;C:\\composer;C:\\Users\\Dell\\AppData\\Roaming\\nvm;C:\\Program Files\\nodejs;C:\\Program Files\\Microsoft SQL Server\\150\\Tools\\Binn;C:\\GnuWin32\\bin;C:\\Program Files\\Docker\\Docker\\resources\\bin;C:\\Program Files\\WireGuard;C:\\Users\\Dell\\scoop\\shims;C:\\Users\\Dell\\AppData\\Local\\Programs\\Python\\Python312\\Scripts;C:\\Users\\Dell\\AppData\\Local\\Programs\\Python\\Python312;C:\\Users\\Dell\\AppData\\Local\\Microsoft\\WindowsApps;C:\\Users\\Dell\\AppData\\Local\\Programs\\Microsoft VS Code\\bin;C:\\Program Files (x86)\\mingw-w64\\i686-8.1.0-posix-dwarf-rt_v6-rev0\\mingw32\\bin;C:\\Program Files\\heroku\\bin;C:\\Program Files\\MongoDB\\Server\\4.4\\bin;C:\\Users\\Dell\\AppData\\Roaming\\npm;C:\\Users\\Dell\\AppData\\Roaming\\Composer\\vendor\\bin;C:\\Users\\Dell\\AppData\\Roaming\\nvm;C:\\Program Files\\nodejs;C:\\xampp\\php;C:\\Program Files\\CodeBlocks\\MinGW\\bin;C:\\TDM-GCC-32\\bin;C:\\modeltech64_10.5\\win64;C:\\laragon\\bin\\php\\php-8.1.10-Win32-vs16-x64;C:\\Program Files\\Java\\jdk-22\\bin;C:\\Users\\Dell\\AppData\\Local\\GitHubDesktop\\bin;C:\\Users\\Dell\\AppData\\Local\\Programs\\Antigravity\\bin;C:\\Users\\Dell\\AppData\\Local\\Python\\bin',
  ORIGINAL_TEMP: 'C:/Users/Dell/AppData/Local/Temp',
  ORIGINAL_TMP: 'C:/Users/Dell/AppData/Local/Temp',
  OS: 'Windows_NT',
  PATH: 'D:\\PER\\Tuffani pizza\\tuffani-pizza-frontend\\node_modules\\.bin;D:\\PER\\Tuffani pizza\\node_modules\\.bin;D:\\PER\\node_modules\\.bin;D:\\node_modules\\.bin;C:\\Users\\Dell\\AppData\\Roaming\\nvm\\v24.13.0\\node_modules\\npm\\node_modules\\@npmcli\\run-script\\lib\\node-gyp-bin;C:\\Users\\Dell\\bin;C:\\Program Files\\Git\\mingw64\\bin;C:\\Program Files\\Git\\usr\\local\\bin;C:\\Program Files\\Git\\usr\\bin;C:\\Program Files\\Git\\usr\\bin;C:\\Program Files\\Git\\mingw64\\bin;C:\\Program Files\\Git\\usr\\bin;C:\\Users\\Dell\\bin;C:\\Users\\Dell\\AppData\\Roaming\\Code\\User\\globalStorage\\github.copilot-chat\\debugCommand;C:\\Users\\Dell\\AppData\\Roaming\\Code\\User\\globalStorage\\github.copilot-chat\\copilotCli;C:\\Users\\Dell\\AppData\\Local\\Programs\\Microsoft VS Code;E:\\softwares\\App\\dbhomeXE\\bin;D:\\App\\WINDOWS.X64_213000_db_home\\bin;C:\\App\\db_home\\bin;C:\\Windows\\system32;C:\\Windows;C:\\Windows\\System32\\Wbem;C:\\Windows\\System32\\WindowsPowerShell\\v1.0;C:\\Windows\\System32\\OpenSSH;C:\\Program Files (x86)\\NVIDIA Corporation\\PhysX\\Common;C:\\Program Files\\NVIDIA Corporation\\NVIDIA NvDLISR;C:\\Program Files\\Git\\cmd;C:\\Program Files\\Git\\mingw64\\bin;C:\\Program Files\\Git\\usr\\bin;C:\\WINDOWS\\system32;C:\\WINDOWS;C:\\WINDOWS\\System32\\Wbem;C:\\WINDOWS\\System32\\WindowsPowerShell\\v1.0;C:\\WINDOWS\\System32\\OpenSSH;C:\\xampp7.4\\php;C:\\composer;C:\\Users\\Dell\\AppData\\Roaming\\nvm;C:\\Program Files\\nodejs;C:\\Program Files\\Microsoft SQL Server\\150\\Tools\\Binn;C:\\GnuWin32\\bin;C:\\Program Files\\Docker\\Docker\\resources\\bin;C:\\Program Files\\WireGuard;C:\\Users\\Dell\\scoop\\shims;C:\\Users\\Dell\\AppData\\Local\\Programs\\Python\\Python312\\Scripts;C:\\Users\\Dell\\AppData\\Local\\Programs\\Python\\Python312;C:\\Users\\Dell\\AppData\\Local\\Microsoft\\WindowsApps;C:\\Users\\Dell\\AppData\\Local\\Programs\\Microsoft VS Code\\bin;C:\\Program Files (x86)\\mingw-w64\\i686-8.1.0-posix-dwarf-rt_v6-rev0\\mingw32\\bin;C:\\Program Files\\heroku\\bin;C:\\Program Files\\MongoDB\\Server\\4.4\\bin;C:\\Users\\Dell\\AppData\\Roaming\\npm;C:\\Users\\Dell\\AppData\\Roaming\\Composer\\vendor\\bin;C:\\Users\\Dell\\AppData\\Roaming\\nvm;C:\\Program Files\\nodejs;C:\\xampp\\php;C:\\Program Files\\CodeBlocks\\MinGW\\bin;C:\\TDM-GCC-32\\bin;C:\\modeltech64_10.5\\win64;C:\\laragon\\bin\\php\\php-8.1.10-Win32-vs16-x64;C:\\Program Files\\Java\\jdk-22\\bin;C:\\Users\\Dell\\AppData\\Local\\GitHubDesktop\\bin;C:\\Users\\Dell\\AppData\\Local\\Programs\\Antigravity\\bin;C:\\Users\\Dell\\AppData\\Local\\Python\\bin;C:\\Program Files\\Git\\usr\\bin\\vendor_perl;C:\\Program Files\\Git\\usr\\bin\\core_perl',
  PATHEXT: '.COM;.EXE;.BAT;.CMD;.VBS;.VBE;.JS;.JSE;.WSF;.WSH;.MSC',
  PKG_CONFIG_PATH: 'C:\\Program Files\\Git\\mingw64\\lib\\pkgconfig;C:\\Program Files\\Git\\mingw64\\share\\pkgconfig',
  PLINK_PROTOCOL: 'ssh',
  PROCESSOR_ARCHITECTURE: 'AMD64',
  PROCESSOR_IDENTIFIER: 'Intel64 Family 6 Model 142 Stepping 12, GenuineIntel',
  PROCESSOR_LEVEL: '6',
  PROCESSOR_REVISION: '8e0c',
  ProgramData: 'C:\\ProgramData',
  PROGRAMFILES: 'C:\\Program Files',
  'ProgramFiles(x86)': 'C:\\Program Files (x86)',
  ProgramW6432: 'C:\\Program Files',
  PROMPT: '$P$G',
  PSModulePath: 'C:\\Program Files\\WindowsPowerShell\\Modules;C:\\WINDOWS\\system32\\WindowsPowerShell\\v1.0\\Modules',
  PUBLIC: 'C:\\Users\\Public',
  PWD: 'D:/PER/Tuffani pizza/tuffani-pizza-frontend',
  PYTHONSTARTUP: 'c:\\Users\\Dell\\AppData\\Roaming\\Code\\User\\workspaceStorage\\c889e0ad64719f64916fd1406a77408d\\ms-python.python\\pythonrc.py',
  PYTHON_BASIC_REPL: '1',
  RUST_MIN_STACK: '8388608',
  SESSIONNAME: 'Console',
  SHELL: 'C:\\Program Files\\Git\\usr\\bin\\bash.exe',
  SHLVL: '2',
  SSH_ASKPASS: 'C:/Program Files/Git/mingw64/libexec/git-core/git-gui--askpass',
  SYSTEMDRIVE: 'C:',
  SYSTEMROOT: 'C:\\WINDOWS',
  TEMP: 'C:\\Users\\Dell\\AppData\\Local\\Temp',
  TERM: 'xterm-256color',
  TERM_PROGRAM: 'vscode',
  TERM_PROGRAM_VERSION: '1.112.0',
  TMP: 'C:\\Users\\Dell\\AppData\\Local\\Temp',
  TMPDIR: 'C:\\Users\\Dell\\AppData\\Local\\Temp',
  TURBOPACK: '1',
  USERDOMAIN: 'ABIDADHIKARI',
  USERDOMAIN_ROAMINGPROFILE: 'ABIDADHIKARI',
  USERNAME: 'Dell',
  USERPROFILE: 'C:\\Users\\Dell',
  VSCODE_GIT_ASKPASS_EXTRA_ARGS: '',
  VSCODE_GIT_ASKPASS_MAIN: 'c:\\Users\\Dell\\AppData\\Roaming\\Code\\User\\globalStorage\\vscode.git\\askpass\\493597c785d4c5cb\\askpass-main.js',
  VSCODE_GIT_ASKPASS_NODE: 'C:\\Users\\Dell\\AppData\\Local\\Programs\\Microsoft VS Code\\Code.exe',
  VSCODE_GIT_IPC_HANDLE: '\\\\.\\pipe\\vscode-git-842d2f3413-sock',
  VSCODE_PYTHON_AUTOACTIVATE_GUARD: '1',
  WINDIR: 'C:\\WINDOWS',
  ZES_ENABLE_SYSMAN: '1',
  _: 'C:/Program Files/nodejs/node.exe',
  __NEXT_PROCESSED_ENV: 'true'
}
  Generating static pages using 7 workers (16/32) 
{
  ACLOCAL_PATH: 'C:\\Program Files\\Git\\mingw64\\share\\aclocal;C:\\Program Files\\Git\\usr\\share\\aclocal',
  ALLUSERSPROFILE: 'C:\\ProgramData',
  APPDATA: 'C:\\Users\\Dell\\AppData\\Roaming',
  BACKEND_URL: 'https://api.tufanipizza.com',
  CHROME_CRASHPAD_PIPE_NAME: '\\\\.\\pipe\\crashpad_8088_DXXFZSWYYXOXSBHI',
  COLOR: '0',
  COLORTERM: 'truecolor',
  COMMONPROGRAMFILES: 'C:\\Program Files\\Common Files',
  'CommonProgramFiles(x86)': 'C:\\Program Files (x86)\\Common Files',
  CommonProgramW6432: 'C:\\Program Files\\Common Files',
  COMPUTERNAME: 'ABIDADHIKARI',
  COMSPEC: 'C:\\WINDOWS\\system32\\cmd.exe',
  CONFIG_SITE: 'C:/Program Files/Git/mingw64/etc/config.site',
  DISPLAY: 'needs-to-be-defined',
  DriverData: 'C:\\Windows\\System32\\Drivers\\DriverData',
  EDITOR: 'C:\\WINDOWS\\notepad.exe',
  EFC_9528_1262719628: '1',
  EFC_9528_1592913036: '1',
  EFC_9528_2283032206: '1',
  EFC_9528_2775293581: '1',
  EFC_9528_3789132940: '1',
  EXEPATH: 'C:\\Program Files\\Git\\bin',
  FPS_BROWSER_APP_PROFILE_STRING: 'Internet Explorer',
  FPS_BROWSER_USER_PROFILE_STRING: 'Default',
  GIT_ASKPASS: 'c:\\Users\\Dell\\AppData\\Roaming\\Code\\User\\globalStorage\\vscode.git\\askpass\\493597c785d4c5cb\\askpass.sh',
  GIT_EDITOR: ':',
  GIT_MERGE_AUTOEDIT: 'no',
  GIT_PAGER: 'cat',
  HISTCONTROL: 'ignorespace',
  HOME: 'C:\\Users\\Dell',
  HOMEDRIVE: 'C:',
  HOMEPATH: '\\Users\\Dell',
  HOSTNAME: 'AbidAdhikari',
  INFOPATH: 'C:\\Program Files\\Git\\usr\\local\\info;C:\\Program Files\\Git\\usr\\share\\info;C:\\Program Files\\Git\\usr\\info;C:\\Program Files\\Git\\share\\info',
  INIT_CWD: 'D:\\PER\\Tuffani pizza\\tuffani-pizza-frontend',
  IS_NEXT_WORKER: 'true',
  LANG: 'en_US.UTF-8',
  LM_LICENSE_FILE: 'C:\\flexlm\\lic_modelsim',
  LOCALAPPDATA: 'C:\\Users\\Dell\\AppData\\Local',
  LOGONSERVER: '\\\\ABIDADHIKARI',
  MANPATH: 'C:\\Program Files\\Git\\mingw64\\local\\man;C:\\Program Files\\Git\\mingw64\\share\\man;C:\\Program Files\\Git\\usr\\local\\man;C:\\Program Files\\Git\\usr\\share\\man;C:\\Program Files\\Git\\usr\\man;C:\\Program Files\\Git\\share\\man',
  MINGW_CHOST: 'x86_64-w64-mingw32',
  MINGW_PACKAGE_PREFIX: 'mingw-w64-x86_64',
  MINGW_PREFIX: 'C:/Program Files/Git/mingw64',
  MSYSTEM: 'MINGW64',
  MSYSTEM_CARCH: 'x86_64',
  MSYSTEM_CHOST: 'x86_64-w64-mingw32',
  MSYSTEM_PREFIX: 'C:/Program Files/Git/mingw64',
  NEXT_DEPLOYMENT_ID: '',
  NEXT_IS_EXPORT_WORKER: 'true',
  NEXT_PHASE: 'phase-production-build',
  NEXT_PUBLIC_BACKEND_URL: 'https://api.tufanipizza.com',
  NEXT_PUBLIC_SITE_URL: 'http://www.tufanipizza.com',
  NEXT_RUNTIME: 'nodejs',
  NODE: 'C:\\Program Files\\nodejs\\node.exe',
  NODE_ENV: 'production',
  NODE_OPTIONS: '',
  npm_command: 'run',
  npm_config_cache: 'C:\\Users\\Dell\\AppData\\Local\\npm-cache',
  npm_config_globalconfig: 'C:\\Program Files\\nodejs\\etc\\npmrc',
  npm_config_global_prefix: 'C:\\Program Files\\nodejs',
  npm_config_init_module: 'C:\\Users\\Dell\\.npm-init.js',
  npm_config_local_prefix: 'D:\\PER\\Tuffani pizza\\tuffani-pizza-frontend',
  npm_config_node_gyp: 'C:\\Users\\Dell\\AppData\\Roaming\\nvm\\v24.13.0\\node_modules\\npm\\node_modules\\node-gyp\\bin\\node-gyp.js',
  npm_config_noproxy: '',
  npm_config_npm_version: '11.6.2',
  npm_config_prefix: 'C:\\Program Files\\nodejs',
  npm_config_userconfig: 'C:\\Users\\Dell\\.npmrc',
  npm_config_user_agent: 'npm/11.6.2 node/v24.13.0 win32 x64 workspaces/false',
  npm_execpath: 'C:\\Users\\Dell\\AppData\\Roaming\\nvm\\v24.13.0\\node_modules\\npm\\bin\\npm-cli.js',
  npm_lifecycle_event: 'build',
  npm_lifecycle_script: 'next build',
  npm_node_execpath: 'C:\\Program Files\\nodejs\\node.exe',
  npm_package_json: 'D:\\PER\\Tuffani pizza\\tuffani-pizza-frontend\\package.json',
  npm_package_name: 'tufani-pizza-frontend',
  npm_package_version: '0.1.0',
  NUMBER_OF_PROCESSORS: '8',
  NVM_HOME: 'C:\\Users\\Dell\\AppData\\Roaming\\nvm',
  NVM_SYMLINK: 'C:\\Program Files\\nodejs',
  OneDrive: 'C:\\Users\\Dell\\OneDrive',
  ORIGINAL_PATH: 'C:\\Program Files\\Git\\mingw64\\bin;C:\\Program Files\\Git\\usr\\bin;C:\\Users\\Dell\\bin;C:\\Users\\Dell\\AppData\\Roaming\\Code\\User\\globalStorage\\github.copilot-chat\\debugCommand;C:\\Users\\Dell\\AppData\\Roaming\\Code\\User\\globalStorage\\github.copilot-chat\\copilotCli;C:\\Users\\Dell\\AppData\\Local\\Programs\\Microsoft VS Code;E:\\softwares\\App\\dbhomeXE\\bin;D:\\App\\WINDOWS.X64_213000_db_home\\bin;C:\\App\\db_home\\bin;C:\\Windows\\system32;C:\\Windows;C:\\Windows\\System32\\Wbem;C:\\Windows\\System32\\WindowsPowerShell\\v1.0;C:\\Windows\\System32\\OpenSSH;C:\\Program Files (x86)\\NVIDIA Corporation\\PhysX\\Common;C:\\Program Files\\NVIDIA Corporation\\NVIDIA NvDLISR;C:\\Program Files\\Git\\cmd;C:\\Program Files\\Git\\mingw64\\bin;C:\\Program Files\\Git\\usr\\bin;C:\\WINDOWS\\system32;C:\\WINDOWS;C:\\WINDOWS\\System32\\Wbem;C:\\WINDOWS\\System32\\WindowsPowerShell\\v1.0;C:\\WINDOWS\\System32\\OpenSSH;C:\\xampp7.4\\php;C:\\composer;C:\\Users\\Dell\\AppData\\Roaming\\nvm;C:\\Program Files\\nodejs;C:\\Program Files\\Microsoft SQL Server\\150\\Tools\\Binn;C:\\GnuWin32\\bin;C:\\Program Files\\Docker\\Docker\\resources\\bin;C:\\Program Files\\WireGuard;C:\\Users\\Dell\\scoop\\shims;C:\\Users\\Dell\\AppData\\Local\\Programs\\Python\\Python312\\Scripts;C:\\Users\\Dell\\AppData\\Local\\Programs\\Python\\Python312;C:\\Users\\Dell\\AppData\\Local\\Microsoft\\WindowsApps;C:\\Users\\Dell\\AppData\\Local\\Programs\\Microsoft VS Code\\bin;C:\\Program Files (x86)\\mingw-w64\\i686-8.1.0-posix-dwarf-rt_v6-rev0\\mingw32\\bin;C:\\Program Files\\heroku\\bin;C:\\Program Files\\MongoDB\\Server\\4.4\\bin;C:\\Users\\Dell\\AppData\\Roaming\\npm;C:\\Users\\Dell\\AppData\\Roaming\\Composer\\vendor\\bin;C:\\Users\\Dell\\AppData\\Roaming\\nvm;C:\\Program Files\\nodejs;C:\\xampp\\php;C:\\Program Files\\CodeBlocks\\MinGW\\bin;C:\\TDM-GCC-32\\bin;C:\\modeltech64_10.5\\win64;C:\\laragon\\bin\\php\\php-8.1.10-Win32-vs16-x64;C:\\Program Files\\Java\\jdk-22\\bin;C:\\Users\\Dell\\AppData\\Local\\GitHubDesktop\\bin;C:\\Users\\Dell\\AppData\\Local\\Programs\\Antigravity\\bin;C:\\Users\\Dell\\AppData\\Local\\Python\\bin',
  ORIGINAL_TEMP: 'C:/Users/Dell/AppData/Local/Temp',
  ORIGINAL_TMP: 'C:/Users/Dell/AppData/Local/Temp',
  OS: 'Windows_NT',
  PATH: 'D:\\PER\\Tuffani pizza\\tuffani-pizza-frontend\\node_modules\\.bin;D:\\PER\\Tuffani pizza\\node_modules\\.bin;D:\\PER\\node_modules\\.bin;D:\\node_modules\\.bin;C:\\Users\\Dell\\AppData\\Roaming\\nvm\\v24.13.0\\node_modules\\npm\\node_modules\\@npmcli\\run-script\\lib\\node-gyp-bin;C:\\Users\\Dell\\bin;C:\\Program Files\\Git\\mingw64\\bin;C:\\Program Files\\Git\\usr\\local\\bin;C:\\Program Files\\Git\\usr\\bin;C:\\Program Files\\Git\\usr\\bin;C:\\Program Files\\Git\\mingw64\\bin;C:\\Program Files\\Git\\usr\\bin;C:\\Users\\Dell\\bin;C:\\Users\\Dell\\AppData\\Roaming\\Code\\User\\globalStorage\\github.copilot-chat\\debugCommand;C:\\Users\\Dell\\AppData\\Roaming\\Code\\User\\globalStorage\\github.copilot-chat\\copilotCli;C:\\Users\\Dell\\AppData\\Local\\Programs\\Microsoft VS Code;E:\\softwares\\App\\dbhomeXE\\bin;D:\\App\\WINDOWS.X64_213000_db_home\\bin;C:\\App\\db_home\\bin;C:\\Windows\\system32;C:\\Windows;C:\\Windows\\System32\\Wbem;C:\\Windows\\System32\\WindowsPowerShell\\v1.0;C:\\Windows\\System32\\OpenSSH;C:\\Program Files (x86)\\NVIDIA Corporation\\PhysX\\Common;C:\\Program Files\\NVIDIA Corporation\\NVIDIA NvDLISR;C:\\Program Files\\Git\\cmd;C:\\Program Files\\Git\\mingw64\\bin;C:\\Program Files\\Git\\usr\\bin;C:\\WINDOWS\\system32;C:\\WINDOWS;C:\\WINDOWS\\System32\\Wbem;C:\\WINDOWS\\System32\\WindowsPowerShell\\v1.0;C:\\WINDOWS\\System32\\OpenSSH;C:\\xampp7.4\\php;C:\\composer;C:\\Users\\Dell\\AppData\\Roaming\\nvm;C:\\Program Files\\nodejs;C:\\Program Files\\Microsoft SQL Server\\150\\Tools\\Binn;C:\\GnuWin32\\bin;C:\\Program Files\\Docker\\Docker\\resources\\bin;C:\\Program Files\\WireGuard;C:\\Users\\Dell\\scoop\\shims;C:\\Users\\Dell\\AppData\\Local\\Programs\\Python\\Python312\\Scripts;C:\\Users\\Dell\\AppData\\Local\\Programs\\Python\\Python312;C:\\Users\\Dell\\AppData\\Local\\Microsoft\\WindowsApps;C:\\Users\\Dell\\AppData\\Local\\Programs\\Microsoft VS Code\\bin;C:\\Program Files (x86)\\mingw-w64\\i686-8.1.0-posix-dwarf-rt_v6-rev0\\mingw32\\bin;C:\\Program Files\\heroku\\bin;C:\\Program Files\\MongoDB\\Server\\4.4\\bin;C:\\Users\\Dell\\AppData\\Roaming\\npm;C:\\Users\\Dell\\AppData\\Roaming\\Composer\\vendor\\bin;C:\\Users\\Dell\\AppData\\Roaming\\nvm;C:\\Program Files\\nodejs;C:\\xampp\\php;C:\\Program Files\\CodeBlocks\\MinGW\\bin;C:\\TDM-GCC-32\\bin;C:\\modeltech64_10.5\\win64;C:\\laragon\\bin\\php\\php-8.1.10-Win32-vs16-x64;C:\\Program Files\\Java\\jdk-22\\bin;C:\\Users\\Dell\\AppData\\Local\\GitHubDesktop\\bin;C:\\Users\\Dell\\AppData\\Local\\Programs\\Antigravity\\bin;C:\\Users\\Dell\\AppData\\Local\\Python\\bin;C:\\Program Files\\Git\\usr\\bin\\vendor_perl;C:\\Program Files\\Git\\usr\\bin\\core_perl',
  PATHEXT: '.COM;.EXE;.BAT;.CMD;.VBS;.VBE;.JS;.JSE;.WSF;.WSH;.MSC',
  PKG_CONFIG_PATH: 'C:\\Program Files\\Git\\mingw64\\lib\\pkgconfig;C:\\Program Files\\Git\\mingw64\\share\\pkgconfig',
  PLINK_PROTOCOL: 'ssh',
  PROCESSOR_ARCHITECTURE: 'AMD64',
  PROCESSOR_IDENTIFIER: 'Intel64 Family 6 Model 142 Stepping 12, GenuineIntel',
  PROCESSOR_LEVEL: '6',
  PROCESSOR_REVISION: '8e0c',
  ProgramData: 'C:\\ProgramData',
  PROGRAMFILES: 'C:\\Program Files',
  'ProgramFiles(x86)': 'C:\\Program Files (x86)',
  ProgramW6432: 'C:\\Program Files',
  PROMPT: '$P$G',
  PSModulePath: 'C:\\Program Files\\WindowsPowerShell\\Modules;C:\\WINDOWS\\system32\\WindowsPowerShell\\v1.0\\Modules',
  PUBLIC: 'C:\\Users\\Public',
  PWD: 'D:/PER/Tuffani pizza/tuffani-pizza-frontend',
  PYTHONSTARTUP: 'c:\\Users\\Dell\\AppData\\Roaming\\Code\\User\\workspaceStorage\\c889e0ad64719f64916fd1406a77408d\\ms-python.python\\pythonrc.py',
  PYTHON_BASIC_REPL: '1',
  RUST_MIN_STACK: '8388608',
  SESSIONNAME: 'Console',
  SHELL: 'C:\\Program Files\\Git\\usr\\bin\\bash.exe',
  SHLVL: '2',
  SSH_ASKPASS: 'C:/Program Files/Git/mingw64/libexec/git-core/git-gui--askpass',
  SYSTEMDRIVE: 'C:',
  SYSTEMROOT: 'C:\\WINDOWS',
  TEMP: 'C:\\Users\\Dell\\AppData\\Local\\Temp',
  TERM: 'xterm-256color',
  TERM_PROGRAM: 'vscode',
  TERM_PROGRAM_VERSION: '1.112.0',
  TMP: 'C:\\Users\\Dell\\AppData\\Local\\Temp',
  TMPDIR: 'C:\\Users\\Dell\\AppData\\Local\\Temp',
  TURBOPACK: '1',
  USERDOMAIN: 'ABIDADHIKARI',
  USERDOMAIN_ROAMINGPROFILE: 'ABIDADHIKARI',
  USERNAME: 'Dell',
  USERPROFILE: 'C:\\Users\\Dell',
  VSCODE_GIT_ASKPASS_EXTRA_ARGS: '',
  VSCODE_GIT_ASKPASS_MAIN: 'c:\\Users\\Dell\\AppData\\Roaming\\Code\\User\\globalStorage\\vscode.git\\askpass\\493597c785d4c5cb\\askpass-main.js',
  VSCODE_GIT_ASKPASS_NODE: 'C:\\Users\\Dell\\AppData\\Local\\Programs\\Microsoft VS Code\\Code.exe',
  VSCODE_GIT_IPC_HANDLE: '\\\\.\\pipe\\vscode-git-842d2f3413-sock',
  VSCODE_PYTHON_AUTOACTIVATE_GUARD: '1',
  WINDIR: 'C:\\WINDOWS',
  ZES_ENABLE_SYSMAN: '1',
  _: 'C:/Program Files/nodejs/node.exe',
  __NEXT_PROCESSED_ENV: 'true'
}
{
  ACLOCAL_PATH: 'C:\\Program Files\\Git\\mingw64\\share\\aclocal;C:\\Program Files\\Git\\usr\\share\\aclocal',
  ALLUSERSPROFILE: 'C:\\ProgramData',
  APPDATA: 'C:\\Users\\Dell\\AppData\\Roaming',
  BACKEND_URL: 'https://api.tufanipizza.com',
  CHROME_CRASHPAD_PIPE_NAME: '\\\\.\\pipe\\crashpad_8088_DXXFZSWYYXOXSBHI',
  COLOR: '0',
  COLORTERM: 'truecolor',
  COMMONPROGRAMFILES: 'C:\\Program Files\\Common Files',
  'CommonProgramFiles(x86)': 'C:\\Program Files (x86)\\Common Files',
  CommonProgramW6432: 'C:\\Program Files\\Common Files',
  COMPUTERNAME: 'ABIDADHIKARI',
  COMSPEC: 'C:\\WINDOWS\\system32\\cmd.exe',
  CONFIG_SITE: 'C:/Program Files/Git/mingw64/etc/config.site',
  DISPLAY: 'needs-to-be-defined',
  DriverData: 'C:\\Windows\\System32\\Drivers\\DriverData',
  EDITOR: 'C:\\WINDOWS\\notepad.exe',
  EFC_9528_1262719628: '1',
  EFC_9528_1592913036: '1',
  EFC_9528_2283032206: '1',
  EFC_9528_2775293581: '1',
  EFC_9528_3789132940: '1',
  EXEPATH: 'C:\\Program Files\\Git\\bin',
  FPS_BROWSER_APP_PROFILE_STRING: 'Internet Explorer',
  FPS_BROWSER_USER_PROFILE_STRING: 'Default',
  GIT_ASKPASS: 'c:\\Users\\Dell\\AppData\\Roaming\\Code\\User\\globalStorage\\vscode.git\\askpass\\493597c785d4c5cb\\askpass.sh',
  GIT_EDITOR: ':',
  GIT_MERGE_AUTOEDIT: 'no',
  GIT_PAGER: 'cat',
  HISTCONTROL: 'ignorespace',
  HOME: 'C:\\Users\\Dell',
  HOMEDRIVE: 'C:',
  HOMEPATH: '\\Users\\Dell',
  HOSTNAME: 'AbidAdhikari',
  INFOPATH: 'C:\\Program Files\\Git\\usr\\local\\info;C:\\Program Files\\Git\\usr\\share\\info;C:\\Program Files\\Git\\usr\\info;C:\\Program Files\\Git\\share\\info',
  INIT_CWD: 'D:\\PER\\Tuffani pizza\\tuffani-pizza-frontend',
  IS_NEXT_WORKER: 'true',
  LANG: 'en_US.UTF-8',
  LM_LICENSE_FILE: 'C:\\flexlm\\lic_modelsim',
  LOCALAPPDATA: 'C:\\Users\\Dell\\AppData\\Local',
  LOGONSERVER: '\\\\ABIDADHIKARI',
  MANPATH: 'C:\\Program Files\\Git\\mingw64\\local\\man;C:\\Program Files\\Git\\mingw64\\share\\man;C:\\Program Files\\Git\\usr\\local\\man;C:\\Program Files\\Git\\usr\\share\\man;C:\\Program Files\\Git\\usr\\man;C:\\Program Files\\Git\\share\\man',
  MINGW_CHOST: 'x86_64-w64-mingw32',
  MINGW_PACKAGE_PREFIX: 'mingw-w64-x86_64',
  MINGW_PREFIX: 'C:/Program Files/Git/mingw64',
  MSYSTEM: 'MINGW64',
  MSYSTEM_CARCH: 'x86_64',
  MSYSTEM_CHOST: 'x86_64-w64-mingw32',
  MSYSTEM_PREFIX: 'C:/Program Files/Git/mingw64',
  NEXT_DEPLOYMENT_ID: '',
  NEXT_IS_EXPORT_WORKER: 'true',
  NEXT_PHASE: 'phase-production-build',
  NEXT_PUBLIC_BACKEND_URL: 'https://api.tufanipizza.com',
  NEXT_PUBLIC_SITE_URL: 'http://www.tufanipizza.com',
  NEXT_RUNTIME: 'nodejs',
  NODE: 'C:\\Program Files\\nodejs\\node.exe',
  NODE_ENV: 'production',
  NODE_OPTIONS: '',
  npm_command: 'run',
  npm_config_cache: 'C:\\Users\\Dell\\AppData\\Local\\npm-cache',
  npm_config_globalconfig: 'C:\\Program Files\\nodejs\\etc\\npmrc',
  npm_config_global_prefix: 'C:\\Program Files\\nodejs',
  npm_config_init_module: 'C:\\Users\\Dell\\.npm-init.js',
  npm_config_local_prefix: 'D:\\PER\\Tuffani pizza\\tuffani-pizza-frontend',
  npm_config_node_gyp: 'C:\\Users\\Dell\\AppData\\Roaming\\nvm\\v24.13.0\\node_modules\\npm\\node_modules\\node-gyp\\bin\\node-gyp.js',
  npm_config_noproxy: '',
  npm_config_npm_version: '11.6.2',
  npm_config_prefix: 'C:\\Program Files\\nodejs',
  npm_config_userconfig: 'C:\\Users\\Dell\\.npmrc',
  npm_config_user_agent: 'npm/11.6.2 node/v24.13.0 win32 x64 workspaces/false',
  npm_execpath: 'C:\\Users\\Dell\\AppData\\Roaming\\nvm\\v24.13.0\\node_modules\\npm\\bin\\npm-cli.js',
  npm_lifecycle_event: 'build',
  npm_lifecycle_script: 'next build',
  npm_node_execpath: 'C:\\Program Files\\nodejs\\node.exe',
  npm_package_json: 'D:\\PER\\Tuffani pizza\\tuffani-pizza-frontend\\package.json',
  npm_package_name: 'tufani-pizza-frontend',
  npm_package_version: '0.1.0',
  NUMBER_OF_PROCESSORS: '8',
  NVM_HOME: 'C:\\Users\\Dell\\AppData\\Roaming\\nvm',
  NVM_SYMLINK: 'C:\\Program Files\\nodejs',
  OneDrive: 'C:\\Users\\Dell\\OneDrive',
  ORIGINAL_PATH: 'C:\\Program Files\\Git\\mingw64\\bin;C:\\Program Files\\Git\\usr\\bin;C:\\Users\\Dell\\bin;C:\\Users\\Dell\\AppData\\Roaming\\Code\\User\\globalStorage\\github.copilot-chat\\debugCommand;C:\\Users\\Dell\\AppData\\Roaming\\Code\\User\\globalStorage\\github.copilot-chat\\copilotCli;C:\\Users\\Dell\\AppData\\Local\\Programs\\Microsoft VS Code;E:\\softwares\\App\\dbhomeXE\\bin;D:\\App\\WINDOWS.X64_213000_db_home\\bin;C:\\App\\db_home\\bin;C:\\Windows\\system32;C:\\Windows;C:\\Windows\\System32\\Wbem;C:\\Windows\\System32\\WindowsPowerShell\\v1.0;C:\\Windows\\System32\\OpenSSH;C:\\Program Files (x86)\\NVIDIA Corporation\\PhysX\\Common;C:\\Program Files\\NVIDIA Corporation\\NVIDIA NvDLISR;C:\\Program Files\\Git\\cmd;C:\\Program Files\\Git\\mingw64\\bin;C:\\Program Files\\Git\\usr\\bin;C:\\WINDOWS\\system32;C:\\WINDOWS;C:\\WINDOWS\\System32\\Wbem;C:\\WINDOWS\\System32\\WindowsPowerShell\\v1.0;C:\\WINDOWS\\System32\\OpenSSH;C:\\xampp7.4\\php;C:\\composer;C:\\Users\\Dell\\AppData\\Roaming\\nvm;C:\\Program Files\\nodejs;C:\\Program Files\\Microsoft SQL Server\\150\\Tools\\Binn;C:\\GnuWin32\\bin;C:\\Program Files\\Docker\\Docker\\resources\\bin;C:\\Program Files\\WireGuard;C:\\Users\\Dell\\scoop\\shims;C:\\Users\\Dell\\AppData\\Local\\Programs\\Python\\Python312\\Scripts;C:\\Users\\Dell\\AppData\\Local\\Programs\\Python\\Python312;C:\\Users\\Dell\\AppData\\Local\\Microsoft\\WindowsApps;C:\\Users\\Dell\\AppData\\Local\\Programs\\Microsoft VS Code\\bin;C:\\Program Files (x86)\\mingw-w64\\i686-8.1.0-posix-dwarf-rt_v6-rev0\\mingw32\\bin;C:\\Program Files\\heroku\\bin;C:\\Program Files\\MongoDB\\Server\\4.4\\bin;C:\\Users\\Dell\\AppData\\Roaming\\npm;C:\\Users\\Dell\\AppData\\Roaming\\Composer\\vendor\\bin;C:\\Users\\Dell\\AppData\\Roaming\\nvm;C:\\Program Files\\nodejs;C:\\xampp\\php;C:\\Program Files\\CodeBlocks\\MinGW\\bin;C:\\TDM-GCC-32\\bin;C:\\modeltech64_10.5\\win64;C:\\laragon\\bin\\php\\php-8.1.10-Win32-vs16-x64;C:\\Program Files\\Java\\jdk-22\\bin;C:\\Users\\Dell\\AppData\\Local\\GitHubDesktop\\bin;C:\\Users\\Dell\\AppData\\Local\\Programs\\Antigravity\\bin;C:\\Users\\Dell\\AppData\\Local\\Python\\bin',
  ORIGINAL_TEMP: 'C:/Users/Dell/AppData/Local/Temp',
  ORIGINAL_TMP: 'C:/Users/Dell/AppData/Local/Temp',
  OS: 'Windows_NT',
  PATH: 'D:\\PER\\Tuffani pizza\\tuffani-pizza-frontend\\node_modules\\.bin;D:\\PER\\Tuffani pizza\\node_modules\\.bin;D:\\PER\\node_modules\\.bin;D:\\node_modules\\.bin;C:\\Users\\Dell\\AppData\\Roaming\\nvm\\v24.13.0\\node_modules\\npm\\node_modules\\@npmcli\\run-script\\lib\\node-gyp-bin;C:\\Users\\Dell\\bin;C:\\Program Files\\Git\\mingw64\\bin;C:\\Program Files\\Git\\usr\\local\\bin;C:\\Program Files\\Git\\usr\\bin;C:\\Program Files\\Git\\usr\\bin;C:\\Program Files\\Git\\mingw64\\bin;C:\\Program Files\\Git\\usr\\bin;C:\\Users\\Dell\\bin;C:\\Users\\Dell\\AppData\\Roaming\\Code\\User\\globalStorage\\github.copilot-chat\\debugCommand;C:\\Users\\Dell\\AppData\\Roaming\\Code\\User\\globalStorage\\github.copilot-chat\\copilotCli;C:\\Users\\Dell\\AppData\\Local\\Programs\\Microsoft VS Code;E:\\softwares\\App\\dbhomeXE\\bin;D:\\App\\WINDOWS.X64_213000_db_home\\bin;C:\\App\\db_home\\bin;C:\\Windows\\system32;C:\\Windows;C:\\Windows\\System32\\Wbem;C:\\Windows\\System32\\WindowsPowerShell\\v1.0;C:\\Windows\\System32\\OpenSSH;C:\\Program Files (x86)\\NVIDIA Corporation\\PhysX\\Common;C:\\Program Files\\NVIDIA Corporation\\NVIDIA NvDLISR;C:\\Program Files\\Git\\cmd;C:\\Program Files\\Git\\mingw64\\bin;C:\\Program Files\\Git\\usr\\bin;C:\\WINDOWS\\system32;C:\\WINDOWS;C:\\WINDOWS\\System32\\Wbem;C:\\WINDOWS\\System32\\WindowsPowerShell\\v1.0;C:\\WINDOWS\\System32\\OpenSSH;C:\\xampp7.4\\php;C:\\composer;C:\\Users\\Dell\\AppData\\Roaming\\nvm;C:\\Program Files\\nodejs;C:\\Program Files\\Microsoft SQL Server\\150\\Tools\\Binn;C:\\GnuWin32\\bin;C:\\Program Files\\Docker\\Docker\\resources\\bin;C:\\Program Files\\WireGuard;C:\\Users\\Dell\\scoop\\shims;C:\\Users\\Dell\\AppData\\Local\\Programs\\Python\\Python312\\Scripts;C:\\Users\\Dell\\AppData\\Local\\Programs\\Python\\Python312;C:\\Users\\Dell\\AppData\\Local\\Microsoft\\WindowsApps;C:\\Users\\Dell\\AppData\\Local\\Programs\\Microsoft VS Code\\bin;C:\\Program Files (x86)\\mingw-w64\\i686-8.1.0-posix-dwarf-rt_v6-rev0\\mingw32\\bin;C:\\Program Files\\heroku\\bin;C:\\Program Files\\MongoDB\\Server\\4.4\\bin;C:\\Users\\Dell\\AppData\\Roaming\\npm;C:\\Users\\Dell\\AppData\\Roaming\\Composer\\vendor\\bin;C:\\Users\\Dell\\AppData\\Roaming\\nvm;C:\\Program Files\\nodejs;C:\\xampp\\php;C:\\Program Files\\CodeBlocks\\MinGW\\bin;C:\\TDM-GCC-32\\bin;C:\\modeltech64_10.5\\win64;C:\\laragon\\bin\\php\\php-8.1.10-Win32-vs16-x64;C:\\Program Files\\Java\\jdk-22\\bin;C:\\Users\\Dell\\AppData\\Local\\GitHubDesktop\\bin;C:\\Users\\Dell\\AppData\\Local\\Programs\\Antigravity\\bin;C:\\Users\\Dell\\AppData\\Local\\Python\\bin;C:\\Program Files\\Git\\usr\\bin\\vendor_perl;C:\\Program Files\\Git\\usr\\bin\\core_perl',
  PATHEXT: '.COM;.EXE;.BAT;.CMD;.VBS;.VBE;.JS;.JSE;.WSF;.WSH;.MSC',
  PKG_CONFIG_PATH: 'C:\\Program Files\\Git\\mingw64\\lib\\pkgconfig;C:\\Program Files\\Git\\mingw64\\share\\pkgconfig',
  PLINK_PROTOCOL: 'ssh',
  PROCESSOR_ARCHITECTURE: 'AMD64',
  PROCESSOR_IDENTIFIER: 'Intel64 Family 6 Model 142 Stepping 12, GenuineIntel',
  PROCESSOR_LEVEL: '6',
  PROCESSOR_REVISION: '8e0c',
  ProgramData: 'C:\\ProgramData',
  PROGRAMFILES: 'C:\\Program Files',
  'ProgramFiles(x86)': 'C:\\Program Files (x86)',
  ProgramW6432: 'C:\\Program Files',
  PROMPT: '$P$G',
  PSModulePath: 'C:\\Program Files\\WindowsPowerShell\\Modules;C:\\WINDOWS\\system32\\WindowsPowerShell\\v1.0\\Modules',
  PUBLIC: 'C:\\Users\\Public',
  PWD: 'D:/PER/Tuffani pizza/tuffani-pizza-frontend',
  PYTHONSTARTUP: 'c:\\Users\\Dell\\AppData\\Roaming\\Code\\User\\workspaceStorage\\c889e0ad64719f64916fd1406a77408d\\ms-python.python\\pythonrc.py',
  PYTHON_BASIC_REPL: '1',
  RUST_MIN_STACK: '8388608',
  SESSIONNAME: 'Console',
  SHELL: 'C:\\Program Files\\Git\\usr\\bin\\bash.exe',
  SHLVL: '2',
  SSH_ASKPASS: 'C:/Program Files/Git/mingw64/libexec/git-core/git-gui--askpass',
  SYSTEMDRIVE: 'C:',
  SYSTEMROOT: 'C:\\WINDOWS',
  TEMP: 'C:\\Users\\Dell\\AppData\\Local\\Temp',
  TERM: 'xterm-256color',
  TERM_PROGRAM: 'vscode',
  TERM_PROGRAM_VERSION: '1.112.0',
  TMP: 'C:\\Users\\Dell\\AppData\\Local\\Temp',
  TMPDIR: 'C:\\Users\\Dell\\AppData\\Local\\Temp',
  TURBOPACK: '1',
  USERDOMAIN: 'ABIDADHIKARI',
  USERDOMAIN_ROAMINGPROFILE: 'ABIDADHIKARI',
  USERNAME: 'Dell',
  USERPROFILE: 'C:\\Users\\Dell',
  VSCODE_GIT_ASKPASS_EXTRA_ARGS: '',
  VSCODE_GIT_ASKPASS_MAIN: 'c:\\Users\\Dell\\AppData\\Roaming\\Code\\User\\globalStorage\\vscode.git\\askpass\\493597c785d4c5cb\\askpass-main.js',
  VSCODE_GIT_ASKPASS_NODE: 'C:\\Users\\Dell\\AppData\\Local\\Programs\\Microsoft VS Code\\Code.exe',
  VSCODE_GIT_IPC_HANDLE: '\\\\.\\pipe\\vscode-git-842d2f3413-sock',
  VSCODE_PYTHON_AUTOACTIVATE_GUARD: '1',
  WINDIR: 'C:\\WINDOWS',
  ZES_ENABLE_SYSMAN: '1',
  _: 'C:/Program Files/nodejs/node.exe',
  __NEXT_PROCESSED_ENV: 'true'
}
{
  ACLOCAL_PATH: 'C:\\Program Files\\Git\\mingw64\\share\\aclocal;C:\\Program Files\\Git\\usr\\share\\aclocal',
  ALLUSERSPROFILE: 'C:\\ProgramData',
  APPDATA: 'C:\\Users\\Dell\\AppData\\Roaming',
  BACKEND_URL: 'https://api.tufanipizza.com',
  CHROME_CRASHPAD_PIPE_NAME: '\\\\.\\pipe\\crashpad_8088_DXXFZSWYYXOXSBHI',
  COLOR: '0',
  COLORTERM: 'truecolor',
  COMMONPROGRAMFILES: 'C:\\Program Files\\Common Files',
  'CommonProgramFiles(x86)': 'C:\\Program Files (x86)\\Common Files',
  CommonProgramW6432: 'C:\\Program Files\\Common Files',
  COMPUTERNAME: 'ABIDADHIKARI',
  COMSPEC: 'C:\\WINDOWS\\system32\\cmd.exe',
  CONFIG_SITE: 'C:/Program Files/Git/mingw64/etc/config.site',
  DISPLAY: 'needs-to-be-defined',
  DriverData: 'C:\\Windows\\System32\\Drivers\\DriverData',
  EDITOR: 'C:\\WINDOWS\\notepad.exe',
  EFC_9528_1262719628: '1',
  EFC_9528_1592913036: '1',
  EFC_9528_2283032206: '1',
  EFC_9528_2775293581: '1',
  EFC_9528_3789132940: '1',
  EXEPATH: 'C:\\Program Files\\Git\\bin',
  FPS_BROWSER_APP_PROFILE_STRING: 'Internet Explorer',
  FPS_BROWSER_USER_PROFILE_STRING: 'Default',
  GIT_ASKPASS: 'c:\\Users\\Dell\\AppData\\Roaming\\Code\\User\\globalStorage\\vscode.git\\askpass\\493597c785d4c5cb\\askpass.sh',
  GIT_EDITOR: ':',
  GIT_MERGE_AUTOEDIT: 'no',
  GIT_PAGER: 'cat',
  HISTCONTROL: 'ignorespace',
  HOME: 'C:\\Users\\Dell',
  HOMEDRIVE: 'C:',
  HOMEPATH: '\\Users\\Dell',
  HOSTNAME: 'AbidAdhikari',
  INFOPATH: 'C:\\Program Files\\Git\\usr\\local\\info;C:\\Program Files\\Git\\usr\\share\\info;C:\\Program Files\\Git\\usr\\info;C:\\Program Files\\Git\\share\\info',
  INIT_CWD: 'D:\\PER\\Tuffani pizza\\tuffani-pizza-frontend',
  IS_NEXT_WORKER: 'true',
  LANG: 'en_US.UTF-8',
  LM_LICENSE_FILE: 'C:\\flexlm\\lic_modelsim',
  LOCALAPPDATA: 'C:\\Users\\Dell\\AppData\\Local',
  LOGONSERVER: '\\\\ABIDADHIKARI',
  MANPATH: 'C:\\Program Files\\Git\\mingw64\\local\\man;C:\\Program Files\\Git\\mingw64\\share\\man;C:\\Program Files\\Git\\usr\\local\\man;C:\\Program Files\\Git\\usr\\share\\man;C:\\Program Files\\Git\\usr\\man;C:\\Program Files\\Git\\share\\man',
  MINGW_CHOST: 'x86_64-w64-mingw32',
  MINGW_PACKAGE_PREFIX: 'mingw-w64-x86_64',
  MINGW_PREFIX: 'C:/Program Files/Git/mingw64',
  MSYSTEM: 'MINGW64',
  MSYSTEM_CARCH: 'x86_64',
  MSYSTEM_CHOST: 'x86_64-w64-mingw32',
  MSYSTEM_PREFIX: 'C:/Program Files/Git/mingw64',
  NEXT_DEPLOYMENT_ID: '',
  NEXT_IS_EXPORT_WORKER: 'true',
  NEXT_PHASE: 'phase-production-build',
  NEXT_PUBLIC_BACKEND_URL: 'https://api.tufanipizza.com',
  NEXT_PUBLIC_SITE_URL: 'http://www.tufanipizza.com',
  NEXT_RUNTIME: 'nodejs',
  NODE: 'C:\\Program Files\\nodejs\\node.exe',
  NODE_ENV: 'production',
  NODE_OPTIONS: '',
  npm_command: 'run',
  npm_config_cache: 'C:\\Users\\Dell\\AppData\\Local\\npm-cache',
  npm_config_globalconfig: 'C:\\Program Files\\nodejs\\etc\\npmrc',
  npm_config_global_prefix: 'C:\\Program Files\\nodejs',
  npm_config_init_module: 'C:\\Users\\Dell\\.npm-init.js',
  npm_config_local_prefix: 'D:\\PER\\Tuffani pizza\\tuffani-pizza-frontend',
  npm_config_node_gyp: 'C:\\Users\\Dell\\AppData\\Roaming\\nvm\\v24.13.0\\node_modules\\npm\\node_modules\\node-gyp\\bin\\node-gyp.js',
  npm_config_noproxy: '',
  npm_config_npm_version: '11.6.2',
  npm_config_prefix: 'C:\\Program Files\\nodejs',
  npm_config_userconfig: 'C:\\Users\\Dell\\.npmrc',
  npm_config_user_agent: 'npm/11.6.2 node/v24.13.0 win32 x64 workspaces/false',
  npm_execpath: 'C:\\Users\\Dell\\AppData\\Roaming\\nvm\\v24.13.0\\node_modules\\npm\\bin\\npm-cli.js',
  npm_lifecycle_event: 'build',
  npm_lifecycle_script: 'next build',
  npm_node_execpath: 'C:\\Program Files\\nodejs\\node.exe',
  npm_package_json: 'D:\\PER\\Tuffani pizza\\tuffani-pizza-frontend\\package.json',
  npm_package_name: 'tufani-pizza-frontend',
  npm_package_version: '0.1.0',
  NUMBER_OF_PROCESSORS: '8',
  NVM_HOME: 'C:\\Users\\Dell\\AppData\\Roaming\\nvm',
  NVM_SYMLINK: 'C:\\Program Files\\nodejs',
  OneDrive: 'C:\\Users\\Dell\\OneDrive',
  ORIGINAL_PATH: 'C:\\Program Files\\Git\\mingw64\\bin;C:\\Program Files\\Git\\usr\\bin;C:\\Users\\Dell\\bin;C:\\Users\\Dell\\AppData\\Roaming\\Code\\User\\globalStorage\\github.copilot-chat\\debugCommand;C:\\Users\\Dell\\AppData\\Roaming\\Code\\User\\globalStorage\\github.copilot-chat\\copilotCli;C:\\Users\\Dell\\AppData\\Local\\Programs\\Microsoft VS Code;E:\\softwares\\App\\dbhomeXE\\bin;D:\\App\\WINDOWS.X64_213000_db_home\\bin;C:\\App\\db_home\\bin;C:\\Windows\\system32;C:\\Windows;C:\\Windows\\System32\\Wbem;C:\\Windows\\System32\\WindowsPowerShell\\v1.0;C:\\Windows\\System32\\OpenSSH;C:\\Program Files (x86)\\NVIDIA Corporation\\PhysX\\Common;C:\\Program Files\\NVIDIA Corporation\\NVIDIA NvDLISR;C:\\Program Files\\Git\\cmd;C:\\Program Files\\Git\\mingw64\\bin;C:\\Program Files\\Git\\usr\\bin;C:\\WINDOWS\\system32;C:\\WINDOWS;C:\\WINDOWS\\System32\\Wbem;C:\\WINDOWS\\System32\\WindowsPowerShell\\v1.0;C:\\WINDOWS\\System32\\OpenSSH;C:\\xampp7.4\\php;C:\\composer;C:\\Users\\Dell\\AppData\\Roaming\\nvm;C:\\Program Files\\nodejs;C:\\Program Files\\Microsoft SQL Server\\150\\Tools\\Binn;C:\\GnuWin32\\bin;C:\\Program Files\\Docker\\Docker\\resources\\bin;C:\\Program Files\\WireGuard;C:\\Users\\Dell\\scoop\\shims;C:\\Users\\Dell\\AppData\\Local\\Programs\\Python\\Python312\\Scripts;C:\\Users\\Dell\\AppData\\Local\\Programs\\Python\\Python312;C:\\Users\\Dell\\AppData\\Local\\Microsoft\\WindowsApps;C:\\Users\\Dell\\AppData\\Local\\Programs\\Microsoft VS Code\\bin;C:\\Program Files (x86)\\mingw-w64\\i686-8.1.0-posix-dwarf-rt_v6-rev0\\mingw32\\bin;C:\\Program Files\\heroku\\bin;C:\\Program Files\\MongoDB\\Server\\4.4\\bin;C:\\Users\\Dell\\AppData\\Roaming\\npm;C:\\Users\\Dell\\AppData\\Roaming\\Composer\\vendor\\bin;C:\\Users\\Dell\\AppData\\Roaming\\nvm;C:\\Program Files\\nodejs;C:\\xampp\\php;C:\\Program Files\\CodeBlocks\\MinGW\\bin;C:\\TDM-GCC-32\\bin;C:\\modeltech64_10.5\\win64;C:\\laragon\\bin\\php\\php-8.1.10-Win32-vs16-x64;C:\\Program Files\\Java\\jdk-22\\bin;C:\\Users\\Dell\\AppData\\Local\\GitHubDesktop\\bin;C:\\Users\\Dell\\AppData\\Local\\Programs\\Antigravity\\bin;C:\\Users\\Dell\\AppData\\Local\\Python\\bin',
  ORIGINAL_TEMP: 'C:/Users/Dell/AppData/Local/Temp',
  ORIGINAL_TMP: 'C:/Users/Dell/AppData/Local/Temp',
  OS: 'Windows_NT',
  PATH: 'D:\\PER\\Tuffani pizza\\tuffani-pizza-frontend\\node_modules\\.bin;D:\\PER\\Tuffani pizza\\node_modules\\.bin;D:\\PER\\node_modules\\.bin;D:\\node_modules\\.bin;C:\\Users\\Dell\\AppData\\Roaming\\nvm\\v24.13.0\\node_modules\\npm\\node_modules\\@npmcli\\run-script\\lib\\node-gyp-bin;C:\\Users\\Dell\\bin;C:\\Program Files\\Git\\mingw64\\bin;C:\\Program Files\\Git\\usr\\local\\bin;C:\\Program Files\\Git\\usr\\bin;C:\\Program Files\\Git\\usr\\bin;C:\\Program Files\\Git\\mingw64\\bin;C:\\Program Files\\Git\\usr\\bin;C:\\Users\\Dell\\bin;C:\\Users\\Dell\\AppData\\Roaming\\Code\\User\\globalStorage\\github.copilot-chat\\debugCommand;C:\\Users\\Dell\\AppData\\Roaming\\Code\\User\\globalStorage\\github.copilot-chat\\copilotCli;C:\\Users\\Dell\\AppData\\Local\\Programs\\Microsoft VS Code;E:\\softwares\\App\\dbhomeXE\\bin;D:\\App\\WINDOWS.X64_213000_db_home\\bin;C:\\App\\db_home\\bin;C:\\Windows\\system32;C:\\Windows;C:\\Windows\\System32\\Wbem;C:\\Windows\\System32\\WindowsPowerShell\\v1.0;C:\\Windows\\System32\\OpenSSH;C:\\Program Files (x86)\\NVIDIA Corporation\\PhysX\\Common;C:\\Program Files\\NVIDIA Corporation\\NVIDIA NvDLISR;C:\\Program Files\\Git\\cmd;C:\\Program Files\\Git\\mingw64\\bin;C:\\Program Files\\Git\\usr\\bin;C:\\WINDOWS\\system32;C:\\WINDOWS;C:\\WINDOWS\\System32\\Wbem;C:\\WINDOWS\\System32\\WindowsPowerShell\\v1.0;C:\\WINDOWS\\System32\\OpenSSH;C:\\xampp7.4\\php;C:\\composer;C:\\Users\\Dell\\AppData\\Roaming\\nvm;C:\\Program Files\\nodejs;C:\\Program Files\\Microsoft SQL Server\\150\\Tools\\Binn;C:\\GnuWin32\\bin;C:\\Program Files\\Docker\\Docker\\resources\\bin;C:\\Program Files\\WireGuard;C:\\Users\\Dell\\scoop\\shims;C:\\Users\\Dell\\AppData\\Local\\Programs\\Python\\Python312\\Scripts;C:\\Users\\Dell\\AppData\\Local\\Programs\\Python\\Python312;C:\\Users\\Dell\\AppData\\Local\\Microsoft\\WindowsApps;C:\\Users\\Dell\\AppData\\Local\\Programs\\Microsoft VS Code\\bin;C:\\Program Files (x86)\\mingw-w64\\i686-8.1.0-posix-dwarf-rt_v6-rev0\\mingw32\\bin;C:\\Program Files\\heroku\\bin;C:\\Program Files\\MongoDB\\Server\\4.4\\bin;C:\\Users\\Dell\\AppData\\Roaming\\npm;C:\\Users\\Dell\\AppData\\Roaming\\Composer\\vendor\\bin;C:\\Users\\Dell\\AppData\\Roaming\\nvm;C:\\Program Files\\nodejs;C:\\xampp\\php;C:\\Program Files\\CodeBlocks\\MinGW\\bin;C:\\TDM-GCC-32\\bin;C:\\modeltech64_10.5\\win64;C:\\laragon\\bin\\php\\php-8.1.10-Win32-vs16-x64;C:\\Program Files\\Java\\jdk-22\\bin;C:\\Users\\Dell\\AppData\\Local\\GitHubDesktop\\bin;C:\\Users\\Dell\\AppData\\Local\\Programs\\Antigravity\\bin;C:\\Users\\Dell\\AppData\\Local\\Python\\bin;C:\\Program Files\\Git\\usr\\bin\\vendor_perl;C:\\Program Files\\Git\\usr\\bin\\core_perl',
  PATHEXT: '.COM;.EXE;.BAT;.CMD;.VBS;.VBE;.JS;.JSE;.WSF;.WSH;.MSC',
  PKG_CONFIG_PATH: 'C:\\Program Files\\Git\\mingw64\\lib\\pkgconfig;C:\\Program Files\\Git\\mingw64\\share\\pkgconfig',
  PLINK_PROTOCOL: 'ssh',
  PROCESSOR_ARCHITECTURE: 'AMD64',
  PROCESSOR_IDENTIFIER: 'Intel64 Family 6 Model 142 Stepping 12, GenuineIntel',
  PROCESSOR_LEVEL: '6',
  PROCESSOR_REVISION: '8e0c',
  ProgramData: 'C:\\ProgramData',
  PROGRAMFILES: 'C:\\Program Files',
  'ProgramFiles(x86)': 'C:\\Program Files (x86)',
  ProgramW6432: 'C:\\Program Files',
  PROMPT: '$P$G',
  PSModulePath: 'C:\\Program Files\\WindowsPowerShell\\Modules;C:\\WINDOWS\\system32\\WindowsPowerShell\\v1.0\\Modules',
  PUBLIC: 'C:\\Users\\Public',
  PWD: 'D:/PER/Tuffani pizza/tuffani-pizza-frontend',
  PYTHONSTARTUP: 'c:\\Users\\Dell\\AppData\\Roaming\\Code\\User\\workspaceStorage\\c889e0ad64719f64916fd1406a77408d\\ms-python.python\\pythonrc.py',
  PYTHON_BASIC_REPL: '1',
  RUST_MIN_STACK: '8388608',
  SESSIONNAME: 'Console',
  SHELL: 'C:\\Program Files\\Git\\usr\\bin\\bash.exe',
  SHLVL: '2',
  SSH_ASKPASS: 'C:/Program Files/Git/mingw64/libexec/git-core/git-gui--askpass',
  SYSTEMDRIVE: 'C:',
  SYSTEMROOT: 'C:\\WINDOWS',
  TEMP: 'C:\\Users\\Dell\\AppData\\Local\\Temp',
  TERM: 'xterm-256color',
  TERM_PROGRAM: 'vscode',
  TERM_PROGRAM_VERSION: '1.112.0',
  TMP: 'C:\\Users\\Dell\\AppData\\Local\\Temp',
  TMPDIR: 'C:\\Users\\Dell\\AppData\\Local\\Temp',
  TURBOPACK: '1',
  USERDOMAIN: 'ABIDADHIKARI',
  USERDOMAIN_ROAMINGPROFILE: 'ABIDADHIKARI',
  USERNAME: 'Dell',
  USERPROFILE: 'C:\\Users\\Dell',
  VSCODE_GIT_ASKPASS_EXTRA_ARGS: '',
  VSCODE_GIT_ASKPASS_MAIN: 'c:\\Users\\Dell\\AppData\\Roaming\\Code\\User\\globalStorage\\vscode.git\\askpass\\493597c785d4c5cb\\askpass-main.js',
  VSCODE_GIT_ASKPASS_NODE: 'C:\\Users\\Dell\\AppData\\Local\\Programs\\Microsoft VS Code\\Code.exe',
  VSCODE_GIT_IPC_HANDLE: '\\\\.\\pipe\\vscode-git-842d2f3413-sock',
  VSCODE_PYTHON_AUTOACTIVATE_GUARD: '1',
  WINDIR: 'C:\\WINDOWS',
  ZES_ENABLE_SYSMAN: '1',
  _: 'C:/Program Files/nodejs/node.exe',
  __NEXT_PROCESSED_ENV: 'true'
}
{
  ACLOCAL_PATH: 'C:\\Program Files\\Git\\mingw64\\share\\aclocal;C:\\Program Files\\Git\\usr\\share\\aclocal',
  ALLUSERSPROFILE: 'C:\\ProgramData',
  APPDATA: 'C:\\Users\\Dell\\AppData\\Roaming',
  BACKEND_URL: 'https://api.tufanipizza.com',
  CHROME_CRASHPAD_PIPE_NAME: '\\\\.\\pipe\\crashpad_8088_DXXFZSWYYXOXSBHI',
  COLOR: '0',
  COLORTERM: 'truecolor',
  COMMONPROGRAMFILES: 'C:\\Program Files\\Common Files',
  'CommonProgramFiles(x86)': 'C:\\Program Files (x86)\\Common Files',
  CommonProgramW6432: 'C:\\Program Files\\Common Files',
  COMPUTERNAME: 'ABIDADHIKARI',
  COMSPEC: 'C:\\WINDOWS\\system32\\cmd.exe',
  CONFIG_SITE: 'C:/Program Files/Git/mingw64/etc/config.site',
  DISPLAY: 'needs-to-be-defined',
  DriverData: 'C:\\Windows\\System32\\Drivers\\DriverData',
  EDITOR: 'C:\\WINDOWS\\notepad.exe',
  EFC_9528_1262719628: '1',
  EFC_9528_1592913036: '1',
  EFC_9528_2283032206: '1',
  EFC_9528_2775293581: '1',
  EFC_9528_3789132940: '1',
  EXEPATH: 'C:\\Program Files\\Git\\bin',
  FPS_BROWSER_APP_PROFILE_STRING: 'Internet Explorer',
  FPS_BROWSER_USER_PROFILE_STRING: 'Default',
  GIT_ASKPASS: 'c:\\Users\\Dell\\AppData\\Roaming\\Code\\User\\globalStorage\\vscode.git\\askpass\\493597c785d4c5cb\\askpass.sh',
  GIT_EDITOR: ':',
  GIT_MERGE_AUTOEDIT: 'no',
  GIT_PAGER: 'cat',
  HISTCONTROL: 'ignorespace',
  HOME: 'C:\\Users\\Dell',
  HOMEDRIVE: 'C:',
  HOMEPATH: '\\Users\\Dell',
  HOSTNAME: 'AbidAdhikari',
  INFOPATH: 'C:\\Program Files\\Git\\usr\\local\\info;C:\\Program Files\\Git\\usr\\share\\info;C:\\Program Files\\Git\\usr\\info;C:\\Program Files\\Git\\share\\info',
  INIT_CWD: 'D:\\PER\\Tuffani pizza\\tuffani-pizza-frontend',
  IS_NEXT_WORKER: 'true',
  LANG: 'en_US.UTF-8',
  LM_LICENSE_FILE: 'C:\\flexlm\\lic_modelsim',
  LOCALAPPDATA: 'C:\\Users\\Dell\\AppData\\Local',
  LOGONSERVER: '\\\\ABIDADHIKARI',
  MANPATH: 'C:\\Program Files\\Git\\mingw64\\local\\man;C:\\Program Files\\Git\\mingw64\\share\\man;C:\\Program Files\\Git\\usr\\local\\man;C:\\Program Files\\Git\\usr\\share\\man;C:\\Program Files\\Git\\usr\\man;C:\\Program Files\\Git\\share\\man',
  MINGW_CHOST: 'x86_64-w64-mingw32',
  MINGW_PACKAGE_PREFIX: 'mingw-w64-x86_64',
  MINGW_PREFIX: 'C:/Program Files/Git/mingw64',
  MSYSTEM: 'MINGW64',
  MSYSTEM_CARCH: 'x86_64',
  MSYSTEM_CHOST: 'x86_64-w64-mingw32',
  MSYSTEM_PREFIX: 'C:/Program Files/Git/mingw64',
  NEXT_DEPLOYMENT_ID: '',
  NEXT_IS_EXPORT_WORKER: 'true',
  NEXT_PHASE: 'phase-production-build',
  NEXT_PUBLIC_BACKEND_URL: 'https://api.tufanipizza.com',
  NEXT_PUBLIC_SITE_URL: 'http://www.tufanipizza.com',
  NEXT_RUNTIME: 'nodejs',
  NODE: 'C:\\Program Files\\nodejs\\node.exe',
  NODE_ENV: 'production',
  NODE_OPTIONS: '',
  npm_command: 'run',
  npm_config_cache: 'C:\\Users\\Dell\\AppData\\Local\\npm-cache',
  npm_config_globalconfig: 'C:\\Program Files\\nodejs\\etc\\npmrc',
  npm_config_global_prefix: 'C:\\Program Files\\nodejs',
  npm_config_init_module: 'C:\\Users\\Dell\\.npm-init.js',
  npm_config_local_prefix: 'D:\\PER\\Tuffani pizza\\tuffani-pizza-frontend',
  npm_config_node_gyp: 'C:\\Users\\Dell\\AppData\\Roaming\\nvm\\v24.13.0\\node_modules\\npm\\node_modules\\node-gyp\\bin\\node-gyp.js',
  npm_config_noproxy: '',
  npm_config_npm_version: '11.6.2',
  npm_config_prefix: 'C:\\Program Files\\nodejs',
  npm_config_userconfig: 'C:\\Users\\Dell\\.npmrc',
  npm_config_user_agent: 'npm/11.6.2 node/v24.13.0 win32 x64 workspaces/false',
  npm_execpath: 'C:\\Users\\Dell\\AppData\\Roaming\\nvm\\v24.13.0\\node_modules\\npm\\bin\\npm-cli.js',
  npm_lifecycle_event: 'build',
  npm_lifecycle_script: 'next build',
  npm_node_execpath: 'C:\\Program Files\\nodejs\\node.exe',
  npm_package_json: 'D:\\PER\\Tuffani pizza\\tuffani-pizza-frontend\\package.json',
  npm_package_name: 'tufani-pizza-frontend',
  npm_package_version: '0.1.0',
  NUMBER_OF_PROCESSORS: '8',
  NVM_HOME: 'C:\\Users\\Dell\\AppData\\Roaming\\nvm',
  NVM_SYMLINK: 'C:\\Program Files\\nodejs',
  OneDrive: 'C:\\Users\\Dell\\OneDrive',
  ORIGINAL_PATH: 'C:\\Program Files\\Git\\mingw64\\bin;C:\\Program Files\\Git\\usr\\bin;C:\\Users\\Dell\\bin;C:\\Users\\Dell\\AppData\\Roaming\\Code\\User\\globalStorage\\github.copilot-chat\\debugCommand;C:\\Users\\Dell\\AppData\\Roaming\\Code\\User\\globalStorage\\github.copilot-chat\\copilotCli;C:\\Users\\Dell\\AppData\\Local\\Programs\\Microsoft VS Code;E:\\softwares\\App\\dbhomeXE\\bin;D:\\App\\WINDOWS.X64_213000_db_home\\bin;C:\\App\\db_home\\bin;C:\\Windows\\system32;C:\\Windows;C:\\Windows\\System32\\Wbem;C:\\Windows\\System32\\WindowsPowerShell\\v1.0;C:\\Windows\\System32\\OpenSSH;C:\\Program Files (x86)\\NVIDIA Corporation\\PhysX\\Common;C:\\Program Files\\NVIDIA Corporation\\NVIDIA NvDLISR;C:\\Program Files\\Git\\cmd;C:\\Program Files\\Git\\mingw64\\bin;C:\\Program Files\\Git\\usr\\bin;C:\\WINDOWS\\system32;C:\\WINDOWS;C:\\WINDOWS\\System32\\Wbem;C:\\WINDOWS\\System32\\WindowsPowerShell\\v1.0;C:\\WINDOWS\\System32\\OpenSSH;C:\\xampp7.4\\php;C:\\composer;C:\\Users\\Dell\\AppData\\Roaming\\nvm;C:\\Program Files\\nodejs;C:\\Program Files\\Microsoft SQL Server\\150\\Tools\\Binn;C:\\GnuWin32\\bin;C:\\Program Files\\Docker\\Docker\\resources\\bin;C:\\Program Files\\WireGuard;C:\\Users\\Dell\\scoop\\shims;C:\\Users\\Dell\\AppData\\Local\\Programs\\Python\\Python312\\Scripts;C:\\Users\\Dell\\AppData\\Local\\Programs\\Python\\Python312;C:\\Users\\Dell\\AppData\\Local\\Microsoft\\WindowsApps;C:\\Users\\Dell\\AppData\\Local\\Programs\\Microsoft VS Code\\bin;C:\\Program Files (x86)\\mingw-w64\\i686-8.1.0-posix-dwarf-rt_v6-rev0\\mingw32\\bin;C:\\Program Files\\heroku\\bin;C:\\Program Files\\MongoDB\\Server\\4.4\\bin;C:\\Users\\Dell\\AppData\\Roaming\\npm;C:\\Users\\Dell\\AppData\\Roaming\\Composer\\vendor\\bin;C:\\Users\\Dell\\AppData\\Roaming\\nvm;C:\\Program Files\\nodejs;C:\\xampp\\php;C:\\Program Files\\CodeBlocks\\MinGW\\bin;C:\\TDM-GCC-32\\bin;C:\\modeltech64_10.5\\win64;C:\\laragon\\bin\\php\\php-8.1.10-Win32-vs16-x64;C:\\Program Files\\Java\\jdk-22\\bin;C:\\Users\\Dell\\AppData\\Local\\GitHubDesktop\\bin;C:\\Users\\Dell\\AppData\\Local\\Programs\\Antigravity\\bin;C:\\Users\\Dell\\AppData\\Local\\Python\\bin',
  ORIGINAL_TEMP: 'C:/Users/Dell/AppData/Local/Temp',
  ORIGINAL_TMP: 'C:/Users/Dell/AppData/Local/Temp',
  OS: 'Windows_NT',
  PATH: 'D:\\PER\\Tuffani pizza\\tuffani-pizza-frontend\\node_modules\\.bin;D:\\PER\\Tuffani pizza\\node_modules\\.bin;D:\\PER\\node_modules\\.bin;D:\\node_modules\\.bin;C:\\Users\\Dell\\AppData\\Roaming\\nvm\\v24.13.0\\node_modules\\npm\\node_modules\\@npmcli\\run-script\\lib\\node-gyp-bin;C:\\Users\\Dell\\bin;C:\\Program Files\\Git\\mingw64\\bin;C:\\Program Files\\Git\\usr\\local\\bin;C:\\Program Files\\Git\\usr\\bin;C:\\Program Files\\Git\\usr\\bin;C:\\Program Files\\Git\\mingw64\\bin;C:\\Program Files\\Git\\usr\\bin;C:\\Users\\Dell\\bin;C:\\Users\\Dell\\AppData\\Roaming\\Code\\User\\globalStorage\\github.copilot-chat\\debugCommand;C:\\Users\\Dell\\AppData\\Roaming\\Code\\User\\globalStorage\\github.copilot-chat\\copilotCli;C:\\Users\\Dell\\AppData\\Local\\Programs\\Microsoft VS Code;E:\\softwares\\App\\dbhomeXE\\bin;D:\\App\\WINDOWS.X64_213000_db_home\\bin;C:\\App\\db_home\\bin;C:\\Windows\\system32;C:\\Windows;C:\\Windows\\System32\\Wbem;C:\\Windows\\System32\\WindowsPowerShell\\v1.0;C:\\Windows\\System32\\OpenSSH;C:\\Program Files (x86)\\NVIDIA Corporation\\PhysX\\Common;C:\\Program Files\\NVIDIA Corporation\\NVIDIA NvDLISR;C:\\Program Files\\Git\\cmd;C:\\Program Files\\Git\\mingw64\\bin;C:\\Program Files\\Git\\usr\\bin;C:\\WINDOWS\\system32;C:\\WINDOWS;C:\\WINDOWS\\System32\\Wbem;C:\\WINDOWS\\System32\\WindowsPowerShell\\v1.0;C:\\WINDOWS\\System32\\OpenSSH;C:\\xampp7.4\\php;C:\\composer;C:\\Users\\Dell\\AppData\\Roaming\\nvm;C:\\Program Files\\nodejs;C:\\Program Files\\Microsoft SQL Server\\150\\Tools\\Binn;C:\\GnuWin32\\bin;C:\\Program Files\\Docker\\Docker\\resources\\bin;C:\\Program Files\\WireGuard;C:\\Users\\Dell\\scoop\\shims;C:\\Users\\Dell\\AppData\\Local\\Programs\\Python\\Python312\\Scripts;C:\\Users\\Dell\\AppData\\Local\\Programs\\Python\\Python312;C:\\Users\\Dell\\AppData\\Local\\Microsoft\\WindowsApps;C:\\Users\\Dell\\AppData\\Local\\Programs\\Microsoft VS Code\\bin;C:\\Program Files (x86)\\mingw-w64\\i686-8.1.0-posix-dwarf-rt_v6-rev0\\mingw32\\bin;C:\\Program Files\\heroku\\bin;C:\\Program Files\\MongoDB\\Server\\4.4\\bin;C:\\Users\\Dell\\AppData\\Roaming\\npm;C:\\Users\\Dell\\AppData\\Roaming\\Composer\\vendor\\bin;C:\\Users\\Dell\\AppData\\Roaming\\nvm;C:\\Program Files\\nodejs;C:\\xampp\\php;C:\\Program Files\\CodeBlocks\\MinGW\\bin;C:\\TDM-GCC-32\\bin;C:\\modeltech64_10.5\\win64;C:\\laragon\\bin\\php\\php-8.1.10-Win32-vs16-x64;C:\\Program Files\\Java\\jdk-22\\bin;C:\\Users\\Dell\\AppData\\Local\\GitHubDesktop\\bin;C:\\Users\\Dell\\AppData\\Local\\Programs\\Antigravity\\bin;C:\\Users\\Dell\\AppData\\Local\\Python\\bin;C:\\Program Files\\Git\\usr\\bin\\vendor_perl;C:\\Program Files\\Git\\usr\\bin\\core_perl',
  PATHEXT: '.COM;.EXE;.BAT;.CMD;.VBS;.VBE;.JS;.JSE;.WSF;.WSH;.MSC',
  PKG_CONFIG_PATH: 'C:\\Program Files\\Git\\mingw64\\lib\\pkgconfig;C:\\Program Files\\Git\\mingw64\\share\\pkgconfig',
  PLINK_PROTOCOL: 'ssh',
  PROCESSOR_ARCHITECTURE: 'AMD64',
  PROCESSOR_IDENTIFIER: 'Intel64 Family 6 Model 142 Stepping 12, GenuineIntel',
  PROCESSOR_LEVEL: '6',
  PROCESSOR_REVISION: '8e0c',
  ProgramData: 'C:\\ProgramData',
  PROGRAMFILES: 'C:\\Program Files',
  'ProgramFiles(x86)': 'C:\\Program Files (x86)',
  ProgramW6432: 'C:\\Program Files',
  PROMPT: '$P$G',
  PSModulePath: 'C:\\Program Files\\WindowsPowerShell\\Modules;C:\\WINDOWS\\system32\\WindowsPowerShell\\v1.0\\Modules',
  PUBLIC: 'C:\\Users\\Public',
  PWD: 'D:/PER/Tuffani pizza/tuffani-pizza-frontend',
  PYTHONSTARTUP: 'c:\\Users\\Dell\\AppData\\Roaming\\Code\\User\\workspaceStorage\\c889e0ad64719f64916fd1406a77408d\\ms-python.python\\pythonrc.py',
  PYTHON_BASIC_REPL: '1',
  RUST_MIN_STACK: '8388608',
  SESSIONNAME: 'Console',
  SHELL: 'C:\\Program Files\\Git\\usr\\bin\\bash.exe',
  SHLVL: '2',
  SSH_ASKPASS: 'C:/Program Files/Git/mingw64/libexec/git-core/git-gui--askpass',
  SYSTEMDRIVE: 'C:',
  SYSTEMROOT: 'C:\\WINDOWS',
  TEMP: 'C:\\Users\\Dell\\AppData\\Local\\Temp',
  TERM: 'xterm-256color',
  TERM_PROGRAM: 'vscode',
  TERM_PROGRAM_VERSION: '1.112.0',
  TMP: 'C:\\Users\\Dell\\AppData\\Local\\Temp',
  TMPDIR: 'C:\\Users\\Dell\\AppData\\Local\\Temp',
  TURBOPACK: '1',
  USERDOMAIN: 'ABIDADHIKARI',
  USERDOMAIN_ROAMINGPROFILE: 'ABIDADHIKARI',
  USERNAME: 'Dell',
  USERPROFILE: 'C:\\Users\\Dell',
  VSCODE_GIT_ASKPASS_EXTRA_ARGS: '',
  VSCODE_GIT_ASKPASS_MAIN: 'c:\\Users\\Dell\\AppData\\Roaming\\Code\\User\\globalStorage\\vscode.git\\askpass\\493597c785d4c5cb\\askpass-main.js',
  VSCODE_GIT_ASKPASS_NODE: 'C:\\Users\\Dell\\AppData\\Local\\Programs\\Microsoft VS Code\\Code.exe',
  VSCODE_GIT_IPC_HANDLE: '\\\\.\\pipe\\vscode-git-842d2f3413-sock',
  VSCODE_PYTHON_AUTOACTIVATE_GUARD: '1',
  WINDIR: 'C:\\WINDOWS',
  ZES_ENABLE_SYSMAN: '1',
  _: 'C:/Program Files/nodejs/node.exe',
  __NEXT_PROCESSED_ENV: 'true'
}
{
  ACLOCAL_PATH: 'C:\\Program Files\\Git\\mingw64\\share\\aclocal;C:\\Program Files\\Git\\usr\\share\\aclocal',
  ALLUSERSPROFILE: 'C:\\ProgramData',
  APPDATA: 'C:\\Users\\Dell\\AppData\\Roaming',
  BACKEND_URL: 'https://api.tufanipizza.com',
  CHROME_CRASHPAD_PIPE_NAME: '\\\\.\\pipe\\crashpad_8088_DXXFZSWYYXOXSBHI',
  COLOR: '0',
  COLORTERM: 'truecolor',
  COMMONPROGRAMFILES: 'C:\\Program Files\\Common Files',
  'CommonProgramFiles(x86)': 'C:\\Program Files (x86)\\Common Files',
  CommonProgramW6432: 'C:\\Program Files\\Common Files',
  COMPUTERNAME: 'ABIDADHIKARI',
  COMSPEC: 'C:\\WINDOWS\\system32\\cmd.exe',
  CONFIG_SITE: 'C:/Program Files/Git/mingw64/etc/config.site',
  DISPLAY: 'needs-to-be-defined',
  DriverData: 'C:\\Windows\\System32\\Drivers\\DriverData',
  EDITOR: 'C:\\WINDOWS\\notepad.exe',
  EFC_9528_1262719628: '1',
  EFC_9528_1592913036: '1',
  EFC_9528_2283032206: '1',
  EFC_9528_2775293581: '1',
  EFC_9528_3789132940: '1',
  EXEPATH: 'C:\\Program Files\\Git\\bin',
  FPS_BROWSER_APP_PROFILE_STRING: 'Internet Explorer',
  FPS_BROWSER_USER_PROFILE_STRING: 'Default',
  GIT_ASKPASS: 'c:\\Users\\Dell\\AppData\\Roaming\\Code\\User\\globalStorage\\vscode.git\\askpass\\493597c785d4c5cb\\askpass.sh',
  GIT_EDITOR: ':',
  GIT_MERGE_AUTOEDIT: 'no',
  GIT_PAGER: 'cat',
  HISTCONTROL: 'ignorespace',
  HOME: 'C:\\Users\\Dell',
  HOMEDRIVE: 'C:',
  HOMEPATH: '\\Users\\Dell',
  HOSTNAME: 'AbidAdhikari',
  INFOPATH: 'C:\\Program Files\\Git\\usr\\local\\info;C:\\Program Files\\Git\\usr\\share\\info;C:\\Program Files\\Git\\usr\\info;C:\\Program Files\\Git\\share\\info',
  INIT_CWD: 'D:\\PER\\Tuffani pizza\\tuffani-pizza-frontend',
  IS_NEXT_WORKER: 'true',
  LANG: 'en_US.UTF-8',
  LM_LICENSE_FILE: 'C:\\flexlm\\lic_modelsim',
  LOCALAPPDATA: 'C:\\Users\\Dell\\AppData\\Local',
  LOGONSERVER: '\\\\ABIDADHIKARI',
  MANPATH: 'C:\\Program Files\\Git\\mingw64\\local\\man;C:\\Program Files\\Git\\mingw64\\share\\man;C:\\Program Files\\Git\\usr\\local\\man;C:\\Program Files\\Git\\usr\\share\\man;C:\\Program Files\\Git\\usr\\man;C:\\Program Files\\Git\\share\\man',
  MINGW_CHOST: 'x86_64-w64-mingw32',
  MINGW_PACKAGE_PREFIX: 'mingw-w64-x86_64',
  MINGW_PREFIX: 'C:/Program Files/Git/mingw64',
  MSYSTEM: 'MINGW64',
  MSYSTEM_CARCH: 'x86_64',
  MSYSTEM_CHOST: 'x86_64-w64-mingw32',
  MSYSTEM_PREFIX: 'C:/Program Files/Git/mingw64',
  NEXT_DEPLOYMENT_ID: '',
  NEXT_IS_EXPORT_WORKER: 'true',
  NEXT_PHASE: 'phase-production-build',
  NEXT_PUBLIC_BACKEND_URL: 'https://api.tufanipizza.com',
  NEXT_PUBLIC_SITE_URL: 'http://www.tufanipizza.com',
  NEXT_RUNTIME: 'nodejs',
  NODE: 'C:\\Program Files\\nodejs\\node.exe',
  NODE_ENV: 'production',
  NODE_OPTIONS: '',
  npm_command: 'run',
  npm_config_cache: 'C:\\Users\\Dell\\AppData\\Local\\npm-cache',
  npm_config_globalconfig: 'C:\\Program Files\\nodejs\\etc\\npmrc',
  npm_config_global_prefix: 'C:\\Program Files\\nodejs',
  npm_config_init_module: 'C:\\Users\\Dell\\.npm-init.js',
  npm_config_local_prefix: 'D:\\PER\\Tuffani pizza\\tuffani-pizza-frontend',
  npm_config_node_gyp: 'C:\\Users\\Dell\\AppData\\Roaming\\nvm\\v24.13.0\\node_modules\\npm\\node_modules\\node-gyp\\bin\\node-gyp.js',
  npm_config_noproxy: '',
  npm_config_npm_version: '11.6.2',
  npm_config_prefix: 'C:\\Program Files\\nodejs',
  npm_config_userconfig: 'C:\\Users\\Dell\\.npmrc',
  npm_config_user_agent: 'npm/11.6.2 node/v24.13.0 win32 x64 workspaces/false',
  npm_execpath: 'C:\\Users\\Dell\\AppData\\Roaming\\nvm\\v24.13.0\\node_modules\\npm\\bin\\npm-cli.js',
  npm_lifecycle_event: 'build',
  npm_lifecycle_script: 'next build',
  npm_node_execpath: 'C:\\Program Files\\nodejs\\node.exe',
  npm_package_json: 'D:\\PER\\Tuffani pizza\\tuffani-pizza-frontend\\package.json',
  npm_package_name: 'tufani-pizza-frontend',
  npm_package_version: '0.1.0',
  NUMBER_OF_PROCESSORS: '8',
  NVM_HOME: 'C:\\Users\\Dell\\AppData\\Roaming\\nvm',
  NVM_SYMLINK: 'C:\\Program Files\\nodejs',
  OneDrive: 'C:\\Users\\Dell\\OneDrive',
  ORIGINAL_PATH: 'C:\\Program Files\\Git\\mingw64\\bin;C:\\Program Files\\Git\\usr\\bin;C:\\Users\\Dell\\bin;C:\\Users\\Dell\\AppData\\Roaming\\Code\\User\\globalStorage\\github.copilot-chat\\debugCommand;C:\\Users\\Dell\\AppData\\Roaming\\Code\\User\\globalStorage\\github.copilot-chat\\copilotCli;C:\\Users\\Dell\\AppData\\Local\\Programs\\Microsoft VS Code;E:\\softwares\\App\\dbhomeXE\\bin;D:\\App\\WINDOWS.X64_213000_db_home\\bin;C:\\App\\db_home\\bin;C:\\Windows\\system32;C:\\Windows;C:\\Windows\\System32\\Wbem;C:\\Windows\\System32\\WindowsPowerShell\\v1.0;C:\\Windows\\System32\\OpenSSH;C:\\Program Files (x86)\\NVIDIA Corporation\\PhysX\\Common;C:\\Program Files\\NVIDIA Corporation\\NVIDIA NvDLISR;C:\\Program Files\\Git\\cmd;C:\\Program Files\\Git\\mingw64\\bin;C:\\Program Files\\Git\\usr\\bin;C:\\WINDOWS\\system32;C:\\WINDOWS;C:\\WINDOWS\\System32\\Wbem;C:\\WINDOWS\\System32\\WindowsPowerShell\\v1.0;C:\\WINDOWS\\System32\\OpenSSH;C:\\xampp7.4\\php;C:\\composer;C:\\Users\\Dell\\AppData\\Roaming\\nvm;C:\\Program Files\\nodejs;C:\\Program Files\\Microsoft SQL Server\\150\\Tools\\Binn;C:\\GnuWin32\\bin;C:\\Program Files\\Docker\\Docker\\resources\\bin;C:\\Program Files\\WireGuard;C:\\Users\\Dell\\scoop\\shims;C:\\Users\\Dell\\AppData\\Local\\Programs\\Python\\Python312\\Scripts;C:\\Users\\Dell\\AppData\\Local\\Programs\\Python\\Python312;C:\\Users\\Dell\\AppData\\Local\\Microsoft\\WindowsApps;C:\\Users\\Dell\\AppData\\Local\\Programs\\Microsoft VS Code\\bin;C:\\Program Files (x86)\\mingw-w64\\i686-8.1.0-posix-dwarf-rt_v6-rev0\\mingw32\\bin;C:\\Program Files\\heroku\\bin;C:\\Program Files\\MongoDB\\Server\\4.4\\bin;C:\\Users\\Dell\\AppData\\Roaming\\npm;C:\\Users\\Dell\\AppData\\Roaming\\Composer\\vendor\\bin;C:\\Users\\Dell\\AppData\\Roaming\\nvm;C:\\Program Files\\nodejs;C:\\xampp\\php;C:\\Program Files\\CodeBlocks\\MinGW\\bin;C:\\TDM-GCC-32\\bin;C:\\modeltech64_10.5\\win64;C:\\laragon\\bin\\php\\php-8.1.10-Win32-vs16-x64;C:\\Program Files\\Java\\jdk-22\\bin;C:\\Users\\Dell\\AppData\\Local\\GitHubDesktop\\bin;C:\\Users\\Dell\\AppData\\Local\\Programs\\Antigravity\\bin;C:\\Users\\Dell\\AppData\\Local\\Python\\bin',
  ORIGINAL_TEMP: 'C:/Users/Dell/AppData/Local/Temp',
  ORIGINAL_TMP: 'C:/Users/Dell/AppData/Local/Temp',
  OS: 'Windows_NT',
  PATH: 'D:\\PER\\Tuffani pizza\\tuffani-pizza-frontend\\node_modules\\.bin;D:\\PER\\Tuffani pizza\\node_modules\\.bin;D:\\PER\\node_modules\\.bin;D:\\node_modules\\.bin;C:\\Users\\Dell\\AppData\\Roaming\\nvm\\v24.13.0\\node_modules\\npm\\node_modules\\@npmcli\\run-script\\lib\\node-gyp-bin;C:\\Users\\Dell\\bin;C:\\Program Files\\Git\\mingw64\\bin;C:\\Program Files\\Git\\usr\\local\\bin;C:\\Program Files\\Git\\usr\\bin;C:\\Program Files\\Git\\usr\\bin;C:\\Program Files\\Git\\mingw64\\bin;C:\\Program Files\\Git\\usr\\bin;C:\\Users\\Dell\\bin;C:\\Users\\Dell\\AppData\\Roaming\\Code\\User\\globalStorage\\github.copilot-chat\\debugCommand;C:\\Users\\Dell\\AppData\\Roaming\\Code\\User\\globalStorage\\github.copilot-chat\\copilotCli;C:\\Users\\Dell\\AppData\\Local\\Programs\\Microsoft VS Code;E:\\softwares\\App\\dbhomeXE\\bin;D:\\App\\WINDOWS.X64_213000_db_home\\bin;C:\\App\\db_home\\bin;C:\\Windows\\system32;C:\\Windows;C:\\Windows\\System32\\Wbem;C:\\Windows\\System32\\WindowsPowerShell\\v1.0;C:\\Windows\\System32\\OpenSSH;C:\\Program Files (x86)\\NVIDIA Corporation\\PhysX\\Common;C:\\Program Files\\NVIDIA Corporation\\NVIDIA NvDLISR;C:\\Program Files\\Git\\cmd;C:\\Program Files\\Git\\mingw64\\bin;C:\\Program Files\\Git\\usr\\bin;C:\\WINDOWS\\system32;C:\\WINDOWS;C:\\WINDOWS\\System32\\Wbem;C:\\WINDOWS\\System32\\WindowsPowerShell\\v1.0;C:\\WINDOWS\\System32\\OpenSSH;C:\\xampp7.4\\php;C:\\composer;C:\\Users\\Dell\\AppData\\Roaming\\nvm;C:\\Program Files\\nodejs;C:\\Program Files\\Microsoft SQL Server\\150\\Tools\\Binn;C:\\GnuWin32\\bin;C:\\Program Files\\Docker\\Docker\\resources\\bin;C:\\Program Files\\WireGuard;C:\\Users\\Dell\\scoop\\shims;C:\\Users\\Dell\\AppData\\Local\\Programs\\Python\\Python312\\Scripts;C:\\Users\\Dell\\AppData\\Local\\Programs\\Python\\Python312;C:\\Users\\Dell\\AppData\\Local\\Microsoft\\WindowsApps;C:\\Users\\Dell\\AppData\\Local\\Programs\\Microsoft VS Code\\bin;C:\\Program Files (x86)\\mingw-w64\\i686-8.1.0-posix-dwarf-rt_v6-rev0\\mingw32\\bin;C:\\Program Files\\heroku\\bin;C:\\Program Files\\MongoDB\\Server\\4.4\\bin;C:\\Users\\Dell\\AppData\\Roaming\\npm;C:\\Users\\Dell\\AppData\\Roaming\\Composer\\vendor\\bin;C:\\Users\\Dell\\AppData\\Roaming\\nvm;C:\\Program Files\\nodejs;C:\\xampp\\php;C:\\Program Files\\CodeBlocks\\MinGW\\bin;C:\\TDM-GCC-32\\bin;C:\\modeltech64_10.5\\win64;C:\\laragon\\bin\\php\\php-8.1.10-Win32-vs16-x64;C:\\Program Files\\Java\\jdk-22\\bin;C:\\Users\\Dell\\AppData\\Local\\GitHubDesktop\\bin;C:\\Users\\Dell\\AppData\\Local\\Programs\\Antigravity\\bin;C:\\Users\\Dell\\AppData\\Local\\Python\\bin;C:\\Program Files\\Git\\usr\\bin\\vendor_perl;C:\\Program Files\\Git\\usr\\bin\\core_perl',
  PATHEXT: '.COM;.EXE;.BAT;.CMD;.VBS;.VBE;.JS;.JSE;.WSF;.WSH;.MSC',
  PKG_CONFIG_PATH: 'C:\\Program Files\\Git\\mingw64\\lib\\pkgconfig;C:\\Program Files\\Git\\mingw64\\share\\pkgconfig',
  PLINK_PROTOCOL: 'ssh',
  PROCESSOR_ARCHITECTURE: 'AMD64',
  PROCESSOR_IDENTIFIER: 'Intel64 Family 6 Model 142 Stepping 12, GenuineIntel',
  PROCESSOR_LEVEL: '6',
  PROCESSOR_REVISION: '8e0c',
  ProgramData: 'C:\\ProgramData',
  PROGRAMFILES: 'C:\\Program Files',
  'ProgramFiles(x86)': 'C:\\Program Files (x86)',
  ProgramW6432: 'C:\\Program Files',
  PROMPT: '$P$G',
  PSModulePath: 'C:\\Program Files\\WindowsPowerShell\\Modules;C:\\WINDOWS\\system32\\WindowsPowerShell\\v1.0\\Modules',
  PUBLIC: 'C:\\Users\\Public',
  PWD: 'D:/PER/Tuffani pizza/tuffani-pizza-frontend',
  PYTHONSTARTUP: 'c:\\Users\\Dell\\AppData\\Roaming\\Code\\User\\workspaceStorage\\c889e0ad64719f64916fd1406a77408d\\ms-python.python\\pythonrc.py',
  PYTHON_BASIC_REPL: '1',
  RUST_MIN_STACK: '8388608',
  SESSIONNAME: 'Console',
  SHELL: 'C:\\Program Files\\Git\\usr\\bin\\bash.exe',
  SHLVL: '2',
  SSH_ASKPASS: 'C:/Program Files/Git/mingw64/libexec/git-core/git-gui--askpass',
  SYSTEMDRIVE: 'C:',
  SYSTEMROOT: 'C:\\WINDOWS',
  TEMP: 'C:\\Users\\Dell\\AppData\\Local\\Temp',
  TERM: 'xterm-256color',
  TERM_PROGRAM: 'vscode',
  TERM_PROGRAM_VERSION: '1.112.0',
  TMP: 'C:\\Users\\Dell\\AppData\\Local\\Temp',
  TMPDIR: 'C:\\Users\\Dell\\AppData\\Local\\Temp',
  TURBOPACK: '1',
  USERDOMAIN: 'ABIDADHIKARI',
  USERDOMAIN_ROAMINGPROFILE: 'ABIDADHIKARI',
  USERNAME: 'Dell',
  USERPROFILE: 'C:\\Users\\Dell',
  VSCODE_GIT_ASKPASS_EXTRA_ARGS: '',
  VSCODE_GIT_ASKPASS_MAIN: 'c:\\Users\\Dell\\AppData\\Roaming\\Code\\User\\globalStorage\\vscode.git\\askpass\\493597c785d4c5cb\\askpass-main.js',
  VSCODE_GIT_ASKPASS_NODE: 'C:\\Users\\Dell\\AppData\\Local\\Programs\\Microsoft VS Code\\Code.exe',
  VSCODE_GIT_IPC_HANDLE: '\\\\.\\pipe\\vscode-git-842d2f3413-sock',
  VSCODE_PYTHON_AUTOACTIVATE_GUARD: '1',
  WINDIR: 'C:\\WINDOWS',
  ZES_ENABLE_SYSMAN: '1',
  _: 'C:/Program Files/nodejs/node.exe',
  __NEXT_PROCESSED_ENV: 'true'
}
  Generating static pages using 7 workers (24/32) 
{
  ACLOCAL_PATH: 'C:\\Program Files\\Git\\mingw64\\share\\aclocal;C:\\Program Files\\Git\\usr\\share\\aclocal',
  ALLUSERSPROFILE: 'C:\\ProgramData',
  APPDATA: 'C:\\Users\\Dell\\AppData\\Roaming',
  BACKEND_URL: 'https://api.tufanipizza.com',
  CHROME_CRASHPAD_PIPE_NAME: '\\\\.\\pipe\\crashpad_8088_DXXFZSWYYXOXSBHI',
  COLOR: '0',
  COLORTERM: 'truecolor',
  COMMONPROGRAMFILES: 'C:\\Program Files\\Common Files',
  'CommonProgramFiles(x86)': 'C:\\Program Files (x86)\\Common Files',
  CommonProgramW6432: 'C:\\Program Files\\Common Files',
  COMPUTERNAME: 'ABIDADHIKARI',
  COMSPEC: 'C:\\WINDOWS\\system32\\cmd.exe',
  CONFIG_SITE: 'C:/Program Files/Git/mingw64/etc/config.site',
  DISPLAY: 'needs-to-be-defined',
  DriverData: 'C:\\Windows\\System32\\Drivers\\DriverData',
  EDITOR: 'C:\\WINDOWS\\notepad.exe',
  EFC_9528_1262719628: '1',
  EFC_9528_1592913036: '1',
  EFC_9528_2283032206: '1',
  EFC_9528_2775293581: '1',
  EFC_9528_3789132940: '1',
  EXEPATH: 'C:\\Program Files\\Git\\bin',
  FPS_BROWSER_APP_PROFILE_STRING: 'Internet Explorer',
  FPS_BROWSER_USER_PROFILE_STRING: 'Default',
  GIT_ASKPASS: 'c:\\Users\\Dell\\AppData\\Roaming\\Code\\User\\globalStorage\\vscode.git\\askpass\\493597c785d4c5cb\\askpass.sh',
  GIT_EDITOR: ':',
  GIT_MERGE_AUTOEDIT: 'no',
  GIT_PAGER: 'cat',
  HISTCONTROL: 'ignorespace',
  HOME: 'C:\\Users\\Dell',
  HOMEDRIVE: 'C:',
  HOMEPATH: '\\Users\\Dell',
  HOSTNAME: 'AbidAdhikari',
  INFOPATH: 'C:\\Program Files\\Git\\usr\\local\\info;C:\\Program Files\\Git\\usr\\share\\info;C:\\Program Files\\Git\\usr\\info;C:\\Program Files\\Git\\share\\info',
  INIT_CWD: 'D:\\PER\\Tuffani pizza\\tuffani-pizza-frontend',
  IS_NEXT_WORKER: 'true',
  LANG: 'en_US.UTF-8',
  LM_LICENSE_FILE: 'C:\\flexlm\\lic_modelsim',
  LOCALAPPDATA: 'C:\\Users\\Dell\\AppData\\Local',
  LOGONSERVER: '\\\\ABIDADHIKARI',
  MANPATH: 'C:\\Program Files\\Git\\mingw64\\local\\man;C:\\Program Files\\Git\\mingw64\\share\\man;C:\\Program Files\\Git\\usr\\local\\man;C:\\Program Files\\Git\\usr\\share\\man;C:\\Program Files\\Git\\usr\\man;C:\\Program Files\\Git\\share\\man',
  MINGW_CHOST: 'x86_64-w64-mingw32',
  MINGW_PACKAGE_PREFIX: 'mingw-w64-x86_64',
  MINGW_PREFIX: 'C:/Program Files/Git/mingw64',
  MSYSTEM: 'MINGW64',
  MSYSTEM_CARCH: 'x86_64',
  MSYSTEM_CHOST: 'x86_64-w64-mingw32',
  MSYSTEM_PREFIX: 'C:/Program Files/Git/mingw64',
  NEXT_DEPLOYMENT_ID: '',
  NEXT_IS_EXPORT_WORKER: 'true',
  NEXT_PHASE: 'phase-production-build',
  NEXT_PUBLIC_BACKEND_URL: 'https://api.tufanipizza.com',
  NEXT_PUBLIC_SITE_URL: 'http://www.tufanipizza.com',
  NEXT_RUNTIME: 'nodejs',
  NODE: 'C:\\Program Files\\nodejs\\node.exe',
  NODE_ENV: 'production',
  NODE_OPTIONS: '',
  npm_command: 'run',
  npm_config_cache: 'C:\\Users\\Dell\\AppData\\Local\\npm-cache',
  npm_config_globalconfig: 'C:\\Program Files\\nodejs\\etc\\npmrc',
  npm_config_global_prefix: 'C:\\Program Files\\nodejs',
  npm_config_init_module: 'C:\\Users\\Dell\\.npm-init.js',
  npm_config_local_prefix: 'D:\\PER\\Tuffani pizza\\tuffani-pizza-frontend',
  npm_config_node_gyp: 'C:\\Users\\Dell\\AppData\\Roaming\\nvm\\v24.13.0\\node_modules\\npm\\node_modules\\node-gyp\\bin\\node-gyp.js',
  npm_config_noproxy: '',
  npm_config_npm_version: '11.6.2',
  npm_config_prefix: 'C:\\Program Files\\nodejs',
  npm_config_userconfig: 'C:\\Users\\Dell\\.npmrc',
  npm_config_user_agent: 'npm/11.6.2 node/v24.13.0 win32 x64 workspaces/false',
  npm_execpath: 'C:\\Users\\Dell\\AppData\\Roaming\\nvm\\v24.13.0\\node_modules\\npm\\bin\\npm-cli.js',
  npm_lifecycle_event: 'build',
  npm_lifecycle_script: 'next build',
  npm_node_execpath: 'C:\\Program Files\\nodejs\\node.exe',
  npm_package_json: 'D:\\PER\\Tuffani pizza\\tuffani-pizza-frontend\\package.json',
  npm_package_name: 'tufani-pizza-frontend',
  npm_package_version: '0.1.0',
  NUMBER_OF_PROCESSORS: '8',
  NVM_HOME: 'C:\\Users\\Dell\\AppData\\Roaming\\nvm',
  NVM_SYMLINK: 'C:\\Program Files\\nodejs',
  OneDrive: 'C:\\Users\\Dell\\OneDrive',
  ORIGINAL_PATH: 'C:\\Program Files\\Git\\mingw64\\bin;C:\\Program Files\\Git\\usr\\bin;C:\\Users\\Dell\\bin;C:\\Users\\Dell\\AppData\\Roaming\\Code\\User\\globalStorage\\github.copilot-chat\\debugCommand;C:\\Users\\Dell\\AppData\\Roaming\\Code\\User\\globalStorage\\github.copilot-chat\\copilotCli;C:\\Users\\Dell\\AppData\\Local\\Programs\\Microsoft VS Code;E:\\softwares\\App\\dbhomeXE\\bin;D:\\App\\WINDOWS.X64_213000_db_home\\bin;C:\\App\\db_home\\bin;C:\\Windows\\system32;C:\\Windows;C:\\Windows\\System32\\Wbem;C:\\Windows\\System32\\WindowsPowerShell\\v1.0;C:\\Windows\\System32\\OpenSSH;C:\\Program Files (x86)\\NVIDIA Corporation\\PhysX\\Common;C:\\Program Files\\NVIDIA Corporation\\NVIDIA NvDLISR;C:\\Program Files\\Git\\cmd;C:\\Program Files\\Git\\mingw64\\bin;C:\\Program Files\\Git\\usr\\bin;C:\\WINDOWS\\system32;C:\\WINDOWS;C:\\WINDOWS\\System32\\Wbem;C:\\WINDOWS\\System32\\WindowsPowerShell\\v1.0;C:\\WINDOWS\\System32\\OpenSSH;C:\\xampp7.4\\php;C:\\composer;C:\\Users\\Dell\\AppData\\Roaming\\nvm;C:\\Program Files\\nodejs;C:\\Program Files\\Microsoft SQL Server\\150\\Tools\\Binn;C:\\GnuWin32\\bin;C:\\Program Files\\Docker\\Docker\\resources\\bin;C:\\Program Files\\WireGuard;C:\\Users\\Dell\\scoop\\shims;C:\\Users\\Dell\\AppData\\Local\\Programs\\Python\\Python312\\Scripts;C:\\Users\\Dell\\AppData\\Local\\Programs\\Python\\Python312;C:\\Users\\Dell\\AppData\\Local\\Microsoft\\WindowsApps;C:\\Users\\Dell\\AppData\\Local\\Programs\\Microsoft VS Code\\bin;C:\\Program Files (x86)\\mingw-w64\\i686-8.1.0-posix-dwarf-rt_v6-rev0\\mingw32\\bin;C:\\Program Files\\heroku\\bin;C:\\Program Files\\MongoDB\\Server\\4.4\\bin;C:\\Users\\Dell\\AppData\\Roaming\\npm;C:\\Users\\Dell\\AppData\\Roaming\\Composer\\vendor\\bin;C:\\Users\\Dell\\AppData\\Roaming\\nvm;C:\\Program Files\\nodejs;C:\\xampp\\php;C:\\Program Files\\CodeBlocks\\MinGW\\bin;C:\\TDM-GCC-32\\bin;C:\\modeltech64_10.5\\win64;C:\\laragon\\bin\\php\\php-8.1.10-Win32-vs16-x64;C:\\Program Files\\Java\\jdk-22\\bin;C:\\Users\\Dell\\AppData\\Local\\GitHubDesktop\\bin;C:\\Users\\Dell\\AppData\\Local\\Programs\\Antigravity\\bin;C:\\Users\\Dell\\AppData\\Local\\Python\\bin',
  ORIGINAL_TEMP: 'C:/Users/Dell/AppData/Local/Temp',
  ORIGINAL_TMP: 'C:/Users/Dell/AppData/Local/Temp',
  OS: 'Windows_NT',
  PATH: 'D:\\PER\\Tuffani pizza\\tuffani-pizza-frontend\\node_modules\\.bin;D:\\PER\\Tuffani pizza\\node_modules\\.bin;D:\\PER\\node_modules\\.bin;D:\\node_modules\\.bin;C:\\Users\\Dell\\AppData\\Roaming\\nvm\\v24.13.0\\node_modules\\npm\\node_modules\\@npmcli\\run-script\\lib\\node-gyp-bin;C:\\Users\\Dell\\bin;C:\\Program Files\\Git\\mingw64\\bin;C:\\Program Files\\Git\\usr\\local\\bin;C:\\Program Files\\Git\\usr\\bin;C:\\Program Files\\Git\\usr\\bin;C:\\Program Files\\Git\\mingw64\\bin;C:\\Program Files\\Git\\usr\\bin;C:\\Users\\Dell\\bin;C:\\Users\\Dell\\AppData\\Roaming\\Code\\User\\globalStorage\\github.copilot-chat\\debugCommand;C:\\Users\\Dell\\AppData\\Roaming\\Code\\User\\globalStorage\\github.copilot-chat\\copilotCli;C:\\Users\\Dell\\AppData\\Local\\Programs\\Microsoft VS Code;E:\\softwares\\App\\dbhomeXE\\bin;D:\\App\\WINDOWS.X64_213000_db_home\\bin;C:\\App\\db_home\\bin;C:\\Windows\\system32;C:\\Windows;C:\\Windows\\System32\\Wbem;C:\\Windows\\System32\\WindowsPowerShell\\v1.0;C:\\Windows\\System32\\OpenSSH;C:\\Program Files (x86)\\NVIDIA Corporation\\PhysX\\Common;C:\\Program Files\\NVIDIA Corporation\\NVIDIA NvDLISR;C:\\Program Files\\Git\\cmd;C:\\Program Files\\Git\\mingw64\\bin;C:\\Program Files\\Git\\usr\\bin;C:\\WINDOWS\\system32;C:\\WINDOWS;C:\\WINDOWS\\System32\\Wbem;C:\\WINDOWS\\System32\\WindowsPowerShell\\v1.0;C:\\WINDOWS\\System32\\OpenSSH;C:\\xampp7.4\\php;C:\\composer;C:\\Users\\Dell\\AppData\\Roaming\\nvm;C:\\Program Files\\nodejs;C:\\Program Files\\Microsoft SQL Server\\150\\Tools\\Binn;C:\\GnuWin32\\bin;C:\\Program Files\\Docker\\Docker\\resources\\bin;C:\\Program Files\\WireGuard;C:\\Users\\Dell\\scoop\\shims;C:\\Users\\Dell\\AppData\\Local\\Programs\\Python\\Python312\\Scripts;C:\\Users\\Dell\\AppData\\Local\\Programs\\Python\\Python312;C:\\Users\\Dell\\AppData\\Local\\Microsoft\\WindowsApps;C:\\Users\\Dell\\AppData\\Local\\Programs\\Microsoft VS Code\\bin;C:\\Program Files (x86)\\mingw-w64\\i686-8.1.0-posix-dwarf-rt_v6-rev0\\mingw32\\bin;C:\\Program Files\\heroku\\bin;C:\\Program Files\\MongoDB\\Server\\4.4\\bin;C:\\Users\\Dell\\AppData\\Roaming\\npm;C:\\Users\\Dell\\AppData\\Roaming\\Composer\\vendor\\bin;C:\\Users\\Dell\\AppData\\Roaming\\nvm;C:\\Program Files\\nodejs;C:\\xampp\\php;C:\\Program Files\\CodeBlocks\\MinGW\\bin;C:\\TDM-GCC-32\\bin;C:\\modeltech64_10.5\\win64;C:\\laragon\\bin\\php\\php-8.1.10-Win32-vs16-x64;C:\\Program Files\\Java\\jdk-22\\bin;C:\\Users\\Dell\\AppData\\Local\\GitHubDesktop\\bin;C:\\Users\\Dell\\AppData\\Local\\Programs\\Antigravity\\bin;C:\\Users\\Dell\\AppData\\Local\\Python\\bin;C:\\Program Files\\Git\\usr\\bin\\vendor_perl;C:\\Program Files\\Git\\usr\\bin\\core_perl',
  PATHEXT: '.COM;.EXE;.BAT;.CMD;.VBS;.VBE;.JS;.JSE;.WSF;.WSH;.MSC',
  PKG_CONFIG_PATH: 'C:\\Program Files\\Git\\mingw64\\lib\\pkgconfig;C:\\Program Files\\Git\\mingw64\\share\\pkgconfig',
  PLINK_PROTOCOL: 'ssh',
  PROCESSOR_ARCHITECTURE: 'AMD64',
  PROCESSOR_IDENTIFIER: 'Intel64 Family 6 Model 142 Stepping 12, GenuineIntel',
  PROCESSOR_LEVEL: '6',
  PROCESSOR_REVISION: '8e0c',
  ProgramData: 'C:\\ProgramData',
  PROGRAMFILES: 'C:\\Program Files',
  'ProgramFiles(x86)': 'C:\\Program Files (x86)',
  ProgramW6432: 'C:\\Program Files',
  PROMPT: '$P$G',
  PSModulePath: 'C:\\Program Files\\WindowsPowerShell\\Modules;C:\\WINDOWS\\system32\\WindowsPowerShell\\v1.0\\Modules',
  PUBLIC: 'C:\\Users\\Public',
  PWD: 'D:/PER/Tuffani pizza/tuffani-pizza-frontend',
  PYTHONSTARTUP: 'c:\\Users\\Dell\\AppData\\Roaming\\Code\\User\\workspaceStorage\\c889e0ad64719f64916fd1406a77408d\\ms-python.python\\pythonrc.py',
  PYTHON_BASIC_REPL: '1',
  RUST_MIN_STACK: '8388608',
  SESSIONNAME: 'Console',
  SHELL: 'C:\\Program Files\\Git\\usr\\bin\\bash.exe',
  SHLVL: '2',
  SSH_ASKPASS: 'C:/Program Files/Git/mingw64/libexec/git-core/git-gui--askpass',
  SYSTEMDRIVE: 'C:',
  SYSTEMROOT: 'C:\\WINDOWS',
  TEMP: 'C:\\Users\\Dell\\AppData\\Local\\Temp',
  TERM: 'xterm-256color',
  TERM_PROGRAM: 'vscode',
  TERM_PROGRAM_VERSION: '1.112.0',
  TMP: 'C:\\Users\\Dell\\AppData\\Local\\Temp',
  TMPDIR: 'C:\\Users\\Dell\\AppData\\Local\\Temp',
  TURBOPACK: '1',
  USERDOMAIN: 'ABIDADHIKARI',
  USERDOMAIN_ROAMINGPROFILE: 'ABIDADHIKARI',
  USERNAME: 'Dell',
  USERPROFILE: 'C:\\Users\\Dell',
  VSCODE_GIT_ASKPASS_EXTRA_ARGS: '',
  VSCODE_GIT_ASKPASS_MAIN: 'c:\\Users\\Dell\\AppData\\Roaming\\Code\\User\\globalStorage\\vscode.git\\askpass\\493597c785d4c5cb\\askpass-main.js',
  VSCODE_GIT_ASKPASS_NODE: 'C:\\Users\\Dell\\AppData\\Local\\Programs\\Microsoft VS Code\\Code.exe',
  VSCODE_GIT_IPC_HANDLE: '\\\\.\\pipe\\vscode-git-842d2f3413-sock',
  VSCODE_PYTHON_AUTOACTIVATE_GUARD: '1',
  WINDIR: 'C:\\WINDOWS',
  ZES_ENABLE_SYSMAN: '1',
  _: 'C:/Program Files/nodejs/node.exe',
  __NEXT_PROCESSED_ENV: 'true'
}
{
  ACLOCAL_PATH: 'C:\\Program Files\\Git\\mingw64\\share\\aclocal;C:\\Program Files\\Git\\usr\\share\\aclocal',
  ALLUSERSPROFILE: 'C:\\ProgramData',
  APPDATA: 'C:\\Users\\Dell\\AppData\\Roaming',
  BACKEND_URL: 'https://api.tufanipizza.com',
  CHROME_CRASHPAD_PIPE_NAME: '\\\\.\\pipe\\crashpad_8088_DXXFZSWYYXOXSBHI',
  COLOR: '0',
  COLORTERM: 'truecolor',
  COMMONPROGRAMFILES: 'C:\\Program Files\\Common Files',
  'CommonProgramFiles(x86)': 'C:\\Program Files (x86)\\Common Files',
  CommonProgramW6432: 'C:\\Program Files\\Common Files',
  COMPUTERNAME: 'ABIDADHIKARI',
  COMSPEC: 'C:\\WINDOWS\\system32\\cmd.exe',
  CONFIG_SITE: 'C:/Program Files/Git/mingw64/etc/config.site',
  DISPLAY: 'needs-to-be-defined',
  DriverData: 'C:\\Windows\\System32\\Drivers\\DriverData',
  EDITOR: 'C:\\WINDOWS\\notepad.exe',
  EFC_9528_1262719628: '1',
  EFC_9528_1592913036: '1',
  EFC_9528_2283032206: '1',
  EFC_9528_2775293581: '1',
  EFC_9528_3789132940: '1',
  EXEPATH: 'C:\\Program Files\\Git\\bin',
  FPS_BROWSER_APP_PROFILE_STRING: 'Internet Explorer',
  FPS_BROWSER_USER_PROFILE_STRING: 'Default',
  GIT_ASKPASS: 'c:\\Users\\Dell\\AppData\\Roaming\\Code\\User\\globalStorage\\vscode.git\\askpass\\493597c785d4c5cb\\askpass.sh',
  GIT_EDITOR: ':',
  GIT_MERGE_AUTOEDIT: 'no',
  GIT_PAGER: 'cat',
  HISTCONTROL: 'ignorespace',
  HOME: 'C:\\Users\\Dell',
  HOMEDRIVE: 'C:',
  HOMEPATH: '\\Users\\Dell',
  HOSTNAME: 'AbidAdhikari',
  INFOPATH: 'C:\\Program Files\\Git\\usr\\local\\info;C:\\Program Files\\Git\\usr\\share\\info;C:\\Program Files\\Git\\usr\\info;C:\\Program Files\\Git\\share\\info',
  INIT_CWD: 'D:\\PER\\Tuffani pizza\\tuffani-pizza-frontend',
  IS_NEXT_WORKER: 'true',
  LANG: 'en_US.UTF-8',
  LM_LICENSE_FILE: 'C:\\flexlm\\lic_modelsim',
  LOCALAPPDATA: 'C:\\Users\\Dell\\AppData\\Local',
  LOGONSERVER: '\\\\ABIDADHIKARI',
  MANPATH: 'C:\\Program Files\\Git\\mingw64\\local\\man;C:\\Program Files\\Git\\mingw64\\share\\man;C:\\Program Files\\Git\\usr\\local\\man;C:\\Program Files\\Git\\usr\\share\\man;C:\\Program Files\\Git\\usr\\man;C:\\Program Files\\Git\\share\\man',
  MINGW_CHOST: 'x86_64-w64-mingw32',
  MINGW_PACKAGE_PREFIX: 'mingw-w64-x86_64',
  MINGW_PREFIX: 'C:/Program Files/Git/mingw64',
  MSYSTEM: 'MINGW64',
  MSYSTEM_CARCH: 'x86_64',
  MSYSTEM_CHOST: 'x86_64-w64-mingw32',
  MSYSTEM_PREFIX: 'C:/Program Files/Git/mingw64',
  NEXT_DEPLOYMENT_ID: '',
  NEXT_IS_EXPORT_WORKER: 'true',
  NEXT_PHASE: 'phase-production-build',
  NEXT_PUBLIC_BACKEND_URL: 'https://api.tufanipizza.com',
  NEXT_PUBLIC_SITE_URL: 'http://www.tufanipizza.com',
  NEXT_RUNTIME: 'nodejs',
  NODE: 'C:\\Program Files\\nodejs\\node.exe',
  NODE_ENV: 'production',
  NODE_OPTIONS: '',
  npm_command: 'run',
  npm_config_cache: 'C:\\Users\\Dell\\AppData\\Local\\npm-cache',
  npm_config_globalconfig: 'C:\\Program Files\\nodejs\\etc\\npmrc',
  npm_config_global_prefix: 'C:\\Program Files\\nodejs',
  npm_config_init_module: 'C:\\Users\\Dell\\.npm-init.js',
  npm_config_local_prefix: 'D:\\PER\\Tuffani pizza\\tuffani-pizza-frontend',
  npm_config_node_gyp: 'C:\\Users\\Dell\\AppData\\Roaming\\nvm\\v24.13.0\\node_modules\\npm\\node_modules\\node-gyp\\bin\\node-gyp.js',
  npm_config_noproxy: '',
  npm_config_npm_version: '11.6.2',
  npm_config_prefix: 'C:\\Program Files\\nodejs',
  npm_config_userconfig: 'C:\\Users\\Dell\\.npmrc',
  npm_config_user_agent: 'npm/11.6.2 node/v24.13.0 win32 x64 workspaces/false',
  npm_execpath: 'C:\\Users\\Dell\\AppData\\Roaming\\nvm\\v24.13.0\\node_modules\\npm\\bin\\npm-cli.js',
  npm_lifecycle_event: 'build',
  npm_lifecycle_script: 'next build',
  npm_node_execpath: 'C:\\Program Files\\nodejs\\node.exe',
  npm_package_json: 'D:\\PER\\Tuffani pizza\\tuffani-pizza-frontend\\package.json',
  npm_package_name: 'tufani-pizza-frontend',
  npm_package_version: '0.1.0',
  NUMBER_OF_PROCESSORS: '8',
  NVM_HOME: 'C:\\Users\\Dell\\AppData\\Roaming\\nvm',
  NVM_SYMLINK: 'C:\\Program Files\\nodejs',
  OneDrive: 'C:\\Users\\Dell\\OneDrive',
  ORIGINAL_PATH: 'C:\\Program Files\\Git\\mingw64\\bin;C:\\Program Files\\Git\\usr\\bin;C:\\Users\\Dell\\bin;C:\\Users\\Dell\\AppData\\Roaming\\Code\\User\\globalStorage\\github.copilot-chat\\debugCommand;C:\\Users\\Dell\\AppData\\Roaming\\Code\\User\\globalStorage\\github.copilot-chat\\copilotCli;C:\\Users\\Dell\\AppData\\Local\\Programs\\Microsoft VS Code;E:\\softwares\\App\\dbhomeXE\\bin;D:\\App\\WINDOWS.X64_213000_db_home\\bin;C:\\App\\db_home\\bin;C:\\Windows\\system32;C:\\Windows;C:\\Windows\\System32\\Wbem;C:\\Windows\\System32\\WindowsPowerShell\\v1.0;C:\\Windows\\System32\\OpenSSH;C:\\Program Files (x86)\\NVIDIA Corporation\\PhysX\\Common;C:\\Program Files\\NVIDIA Corporation\\NVIDIA NvDLISR;C:\\Program Files\\Git\\cmd;C:\\Program Files\\Git\\mingw64\\bin;C:\\Program Files\\Git\\usr\\bin;C:\\WINDOWS\\system32;C:\\WINDOWS;C:\\WINDOWS\\System32\\Wbem;C:\\WINDOWS\\System32\\WindowsPowerShell\\v1.0;C:\\WINDOWS\\System32\\OpenSSH;C:\\xampp7.4\\php;C:\\composer;C:\\Users\\Dell\\AppData\\Roaming\\nvm;C:\\Program Files\\nodejs;C:\\Program Files\\Microsoft SQL Server\\150\\Tools\\Binn;C:\\GnuWin32\\bin;C:\\Program Files\\Docker\\Docker\\resources\\bin;C:\\Program Files\\WireGuard;C:\\Users\\Dell\\scoop\\shims;C:\\Users\\Dell\\AppData\\Local\\Programs\\Python\\Python312\\Scripts;C:\\Users\\Dell\\AppData\\Local\\Programs\\Python\\Python312;C:\\Users\\Dell\\AppData\\Local\\Microsoft\\WindowsApps;C:\\Users\\Dell\\AppData\\Local\\Programs\\Microsoft VS Code\\bin;C:\\Program Files (x86)\\mingw-w64\\i686-8.1.0-posix-dwarf-rt_v6-rev0\\mingw32\\bin;C:\\Program Files\\heroku\\bin;C:\\Program Files\\MongoDB\\Server\\4.4\\bin;C:\\Users\\Dell\\AppData\\Roaming\\npm;C:\\Users\\Dell\\AppData\\Roaming\\Composer\\vendor\\bin;C:\\Users\\Dell\\AppData\\Roaming\\nvm;C:\\Program Files\\nodejs;C:\\xampp\\php;C:\\Program Files\\CodeBlocks\\MinGW\\bin;C:\\TDM-GCC-32\\bin;C:\\modeltech64_10.5\\win64;C:\\laragon\\bin\\php\\php-8.1.10-Win32-vs16-x64;C:\\Program Files\\Java\\jdk-22\\bin;C:\\Users\\Dell\\AppData\\Local\\GitHubDesktop\\bin;C:\\Users\\Dell\\AppData\\Local\\Programs\\Antigravity\\bin;C:\\Users\\Dell\\AppData\\Local\\Python\\bin',
  ORIGINAL_TEMP: 'C:/Users/Dell/AppData/Local/Temp',
  ORIGINAL_TMP: 'C:/Users/Dell/AppData/Local/Temp',
  OS: 'Windows_NT',
  PATH: 'D:\\PER\\Tuffani pizza\\tuffani-pizza-frontend\\node_modules\\.bin;D:\\PER\\Tuffani pizza\\node_modules\\.bin;D:\\PER\\node_modules\\.bin;D:\\node_modules\\.bin;C:\\Users\\Dell\\AppData\\Roaming\\nvm\\v24.13.0\\node_modules\\npm\\node_modules\\@npmcli\\run-script\\lib\\node-gyp-bin;C:\\Users\\Dell\\bin;C:\\Program Files\\Git\\mingw64\\bin;C:\\Program Files\\Git\\usr\\local\\bin;C:\\Program Files\\Git\\usr\\bin;C:\\Program Files\\Git\\usr\\bin;C:\\Program Files\\Git\\mingw64\\bin;C:\\Program Files\\Git\\usr\\bin;C:\\Users\\Dell\\bin;C:\\Users\\Dell\\AppData\\Roaming\\Code\\User\\globalStorage\\github.copilot-chat\\debugCommand;C:\\Users\\Dell\\AppData\\Roaming\\Code\\User\\globalStorage\\github.copilot-chat\\copilotCli;C:\\Users\\Dell\\AppData\\Local\\Programs\\Microsoft VS Code;E:\\softwares\\App\\dbhomeXE\\bin;D:\\App\\WINDOWS.X64_213000_db_home\\bin;C:\\App\\db_home\\bin;C:\\Windows\\system32;C:\\Windows;C:\\Windows\\System32\\Wbem;C:\\Windows\\System32\\WindowsPowerShell\\v1.0;C:\\Windows\\System32\\OpenSSH;C:\\Program Files (x86)\\NVIDIA Corporation\\PhysX\\Common;C:\\Program Files\\NVIDIA Corporation\\NVIDIA NvDLISR;C:\\Program Files\\Git\\cmd;C:\\Program Files\\Git\\mingw64\\bin;C:\\Program Files\\Git\\usr\\bin;C:\\WINDOWS\\system32;C:\\WINDOWS;C:\\WINDOWS\\System32\\Wbem;C:\\WINDOWS\\System32\\WindowsPowerShell\\v1.0;C:\\WINDOWS\\System32\\OpenSSH;C:\\xampp7.4\\php;C:\\composer;C:\\Users\\Dell\\AppData\\Roaming\\nvm;C:\\Program Files\\nodejs;C:\\Program Files\\Microsoft SQL Server\\150\\Tools\\Binn;C:\\GnuWin32\\bin;C:\\Program Files\\Docker\\Docker\\resources\\bin;C:\\Program Files\\WireGuard;C:\\Users\\Dell\\scoop\\shims;C:\\Users\\Dell\\AppData\\Local\\Programs\\Python\\Python312\\Scripts;C:\\Users\\Dell\\AppData\\Local\\Programs\\Python\\Python312;C:\\Users\\Dell\\AppData\\Local\\Microsoft\\WindowsApps;C:\\Users\\Dell\\AppData\\Local\\Programs\\Microsoft VS Code\\bin;C:\\Program Files (x86)\\mingw-w64\\i686-8.1.0-posix-dwarf-rt_v6-rev0\\mingw32\\bin;C:\\Program Files\\heroku\\bin;C:\\Program Files\\MongoDB\\Server\\4.4\\bin;C:\\Users\\Dell\\AppData\\Roaming\\npm;C:\\Users\\Dell\\AppData\\Roaming\\Composer\\vendor\\bin;C:\\Users\\Dell\\AppData\\Roaming\\nvm;C:\\Program Files\\nodejs;C:\\xampp\\php;C:\\Program Files\\CodeBlocks\\MinGW\\bin;C:\\TDM-GCC-32\\bin;C:\\modeltech64_10.5\\win64;C:\\laragon\\bin\\php\\php-8.1.10-Win32-vs16-x64;C:\\Program Files\\Java\\jdk-22\\bin;C:\\Users\\Dell\\AppData\\Local\\GitHubDesktop\\bin;C:\\Users\\Dell\\AppData\\Local\\Programs\\Antigravity\\bin;C:\\Users\\Dell\\AppData\\Local\\Python\\bin;C:\\Program Files\\Git\\usr\\bin\\vendor_perl;C:\\Program Files\\Git\\usr\\bin\\core_perl',
  PATHEXT: '.COM;.EXE;.BAT;.CMD;.VBS;.VBE;.JS;.JSE;.WSF;.WSH;.MSC',
  PKG_CONFIG_PATH: 'C:\\Program Files\\Git\\mingw64\\lib\\pkgconfig;C:\\Program Files\\Git\\mingw64\\share\\pkgconfig',
  PLINK_PROTOCOL: 'ssh',
  PROCESSOR_ARCHITECTURE: 'AMD64',
  PROCESSOR_IDENTIFIER: 'Intel64 Family 6 Model 142 Stepping 12, GenuineIntel',
  PROCESSOR_LEVEL: '6',
  PROCESSOR_REVISION: '8e0c',
  ProgramData: 'C:\\ProgramData',
  PROGRAMFILES: 'C:\\Program Files',
  'ProgramFiles(x86)': 'C:\\Program Files (x86)',
  ProgramW6432: 'C:\\Program Files',
  PROMPT: '$P$G',
  PSModulePath: 'C:\\Program Files\\WindowsPowerShell\\Modules;C:\\WINDOWS\\system32\\WindowsPowerShell\\v1.0\\Modules',
  PUBLIC: 'C:\\Users\\Public',
  PWD: 'D:/PER/Tuffani pizza/tuffani-pizza-frontend',
  PYTHONSTARTUP: 'c:\\Users\\Dell\\AppData\\Roaming\\Code\\User\\workspaceStorage\\c889e0ad64719f64916fd1406a77408d\\ms-python.python\\pythonrc.py',
  PYTHON_BASIC_REPL: '1',
  RUST_MIN_STACK: '8388608',
  SESSIONNAME: 'Console',
  SHELL: 'C:\\Program Files\\Git\\usr\\bin\\bash.exe',
  SHLVL: '2',
  SSH_ASKPASS: 'C:/Program Files/Git/mingw64/libexec/git-core/git-gui--askpass',
  SYSTEMDRIVE: 'C:',
  SYSTEMROOT: 'C:\\WINDOWS',
  TEMP: 'C:\\Users\\Dell\\AppData\\Local\\Temp',
  TERM: 'xterm-256color',
  TERM_PROGRAM: 'vscode',
  TERM_PROGRAM_VERSION: '1.112.0',
  TMP: 'C:\\Users\\Dell\\AppData\\Local\\Temp',
  TMPDIR: 'C:\\Users\\Dell\\AppData\\Local\\Temp',
  TURBOPACK: '1',
  USERDOMAIN: 'ABIDADHIKARI',
  USERDOMAIN_ROAMINGPROFILE: 'ABIDADHIKARI',
  USERNAME: 'Dell',
  USERPROFILE: 'C:\\Users\\Dell',
  VSCODE_GIT_ASKPASS_EXTRA_ARGS: '',
  VSCODE_GIT_ASKPASS_MAIN: 'c:\\Users\\Dell\\AppData\\Roaming\\Code\\User\\globalStorage\\vscode.git\\askpass\\493597c785d4c5cb\\askpass-main.js',
  VSCODE_GIT_ASKPASS_NODE: 'C:\\Users\\Dell\\AppData\\Local\\Programs\\Microsoft VS Code\\Code.exe',
  VSCODE_GIT_IPC_HANDLE: '\\\\.\\pipe\\vscode-git-842d2f3413-sock',
  VSCODE_PYTHON_AUTOACTIVATE_GUARD: '1',
  WINDIR: 'C:\\WINDOWS',
  ZES_ENABLE_SYSMAN: '1',
  _: 'C:/Program Files/nodejs/node.exe',
  __NEXT_PROCESSED_ENV: 'true'
}
{
  ACLOCAL_PATH: 'C:\\Program Files\\Git\\mingw64\\share\\aclocal;C:\\Program Files\\Git\\usr\\share\\aclocal',
  ALLUSERSPROFILE: 'C:\\ProgramData',
  APPDATA: 'C:\\Users\\Dell\\AppData\\Roaming',
  BACKEND_URL: 'https://api.tufanipizza.com',
  CHROME_CRASHPAD_PIPE_NAME: '\\\\.\\pipe\\crashpad_8088_DXXFZSWYYXOXSBHI',
  COLOR: '0',
  COLORTERM: 'truecolor',
  COMMONPROGRAMFILES: 'C:\\Program Files\\Common Files',
  'CommonProgramFiles(x86)': 'C:\\Program Files (x86)\\Common Files',
  CommonProgramW6432: 'C:\\Program Files\\Common Files',
  COMPUTERNAME: 'ABIDADHIKARI',
  COMSPEC: 'C:\\WINDOWS\\system32\\cmd.exe',
  CONFIG_SITE: 'C:/Program Files/Git/mingw64/etc/config.site',
  DISPLAY: 'needs-to-be-defined',
  DriverData: 'C:\\Windows\\System32\\Drivers\\DriverData',
  EDITOR: 'C:\\WINDOWS\\notepad.exe',
  EFC_9528_1262719628: '1',
  EFC_9528_1592913036: '1',
  EFC_9528_2283032206: '1',
  EFC_9528_2775293581: '1',
  EFC_9528_3789132940: '1',
  EXEPATH: 'C:\\Program Files\\Git\\bin',
  FPS_BROWSER_APP_PROFILE_STRING: 'Internet Explorer',
  FPS_BROWSER_USER_PROFILE_STRING: 'Default',
  GIT_ASKPASS: 'c:\\Users\\Dell\\AppData\\Roaming\\Code\\User\\globalStorage\\vscode.git\\askpass\\493597c785d4c5cb\\askpass.sh',
  GIT_EDITOR: ':',
  GIT_MERGE_AUTOEDIT: 'no',
  GIT_PAGER: 'cat',
  HISTCONTROL: 'ignorespace',
  HOME: 'C:\\Users\\Dell',
  HOMEDRIVE: 'C:',
  HOMEPATH: '\\Users\\Dell',
  HOSTNAME: 'AbidAdhikari',
  INFOPATH: 'C:\\Program Files\\Git\\usr\\local\\info;C:\\Program Files\\Git\\usr\\share\\info;C:\\Program Files\\Git\\usr\\info;C:\\Program Files\\Git\\share\\info',
  INIT_CWD: 'D:\\PER\\Tuffani pizza\\tuffani-pizza-frontend',
  IS_NEXT_WORKER: 'true',
  LANG: 'en_US.UTF-8',
  LM_LICENSE_FILE: 'C:\\flexlm\\lic_modelsim',
  LOCALAPPDATA: 'C:\\Users\\Dell\\AppData\\Local',
  LOGONSERVER: '\\\\ABIDADHIKARI',
  MANPATH: 'C:\\Program Files\\Git\\mingw64\\local\\man;C:\\Program Files\\Git\\mingw64\\share\\man;C:\\Program Files\\Git\\usr\\local\\man;C:\\Program Files\\Git\\usr\\share\\man;C:\\Program Files\\Git\\usr\\man;C:\\Program Files\\Git\\share\\man',
  MINGW_CHOST: 'x86_64-w64-mingw32',
  MINGW_PACKAGE_PREFIX: 'mingw-w64-x86_64',
  MINGW_PREFIX: 'C:/Program Files/Git/mingw64',
  MSYSTEM: 'MINGW64',
  MSYSTEM_CARCH: 'x86_64',
  MSYSTEM_CHOST: 'x86_64-w64-mingw32',
  MSYSTEM_PREFIX: 'C:/Program Files/Git/mingw64',
  NEXT_DEPLOYMENT_ID: '',
  NEXT_IS_EXPORT_WORKER: 'true',
  NEXT_PHASE: 'phase-production-build',
  NEXT_PUBLIC_BACKEND_URL: 'https://api.tufanipizza.com',
  NEXT_PUBLIC_SITE_URL: 'http://www.tufanipizza.com',
  NEXT_RUNTIME: 'nodejs',
  NODE: 'C:\\Program Files\\nodejs\\node.exe',
  NODE_ENV: 'production',
  NODE_OPTIONS: '',
  npm_command: 'run',
  npm_config_cache: 'C:\\Users\\Dell\\AppData\\Local\\npm-cache',
  npm_config_globalconfig: 'C:\\Program Files\\nodejs\\etc\\npmrc',
  npm_config_global_prefix: 'C:\\Program Files\\nodejs',
  npm_config_init_module: 'C:\\Users\\Dell\\.npm-init.js',
  npm_config_local_prefix: 'D:\\PER\\Tuffani pizza\\tuffani-pizza-frontend',
  npm_config_node_gyp: 'C:\\Users\\Dell\\AppData\\Roaming\\nvm\\v24.13.0\\node_modules\\npm\\node_modules\\node-gyp\\bin\\node-gyp.js',
  npm_config_noproxy: '',
  npm_config_npm_version: '11.6.2',
  npm_config_prefix: 'C:\\Program Files\\nodejs',
  npm_config_userconfig: 'C:\\Users\\Dell\\.npmrc',
  npm_config_user_agent: 'npm/11.6.2 node/v24.13.0 win32 x64 workspaces/false',
  npm_execpath: 'C:\\Users\\Dell\\AppData\\Roaming\\nvm\\v24.13.0\\node_modules\\npm\\bin\\npm-cli.js',
  npm_lifecycle_event: 'build',
  npm_lifecycle_script: 'next build',
  npm_node_execpath: 'C:\\Program Files\\nodejs\\node.exe',
  npm_package_json: 'D:\\PER\\Tuffani pizza\\tuffani-pizza-frontend\\package.json',
  npm_package_name: 'tufani-pizza-frontend',
  npm_package_version: '0.1.0',
  NUMBER_OF_PROCESSORS: '8',
  NVM_HOME: 'C:\\Users\\Dell\\AppData\\Roaming\\nvm',
  NVM_SYMLINK: 'C:\\Program Files\\nodejs',
  OneDrive: 'C:\\Users\\Dell\\OneDrive',
  ORIGINAL_PATH: 'C:\\Program Files\\Git\\mingw64\\bin;C:\\Program Files\\Git\\usr\\bin;C:\\Users\\Dell\\bin;C:\\Users\\Dell\\AppData\\Roaming\\Code\\User\\globalStorage\\github.copilot-chat\\debugCommand;C:\\Users\\Dell\\AppData\\Roaming\\Code\\User\\globalStorage\\github.copilot-chat\\copilotCli;C:\\Users\\Dell\\AppData\\Local\\Programs\\Microsoft VS Code;E:\\softwares\\App\\dbhomeXE\\bin;D:\\App\\WINDOWS.X64_213000_db_home\\bin;C:\\App\\db_home\\bin;C:\\Windows\\system32;C:\\Windows;C:\\Windows\\System32\\Wbem;C:\\Windows\\System32\\WindowsPowerShell\\v1.0;C:\\Windows\\System32\\OpenSSH;C:\\Program Files (x86)\\NVIDIA Corporation\\PhysX\\Common;C:\\Program Files\\NVIDIA Corporation\\NVIDIA NvDLISR;C:\\Program Files\\Git\\cmd;C:\\Program Files\\Git\\mingw64\\bin;C:\\Program Files\\Git\\usr\\bin;C:\\WINDOWS\\system32;C:\\WINDOWS;C:\\WINDOWS\\System32\\Wbem;C:\\WINDOWS\\System32\\WindowsPowerShell\\v1.0;C:\\WINDOWS\\System32\\OpenSSH;C:\\xampp7.4\\php;C:\\composer;C:\\Users\\Dell\\AppData\\Roaming\\nvm;C:\\Program Files\\nodejs;C:\\Program Files\\Microsoft SQL Server\\150\\Tools\\Binn;C:\\GnuWin32\\bin;C:\\Program Files\\Docker\\Docker\\resources\\bin;C:\\Program Files\\WireGuard;C:\\Users\\Dell\\scoop\\shims;C:\\Users\\Dell\\AppData\\Local\\Programs\\Python\\Python312\\Scripts;C:\\Users\\Dell\\AppData\\Local\\Programs\\Python\\Python312;C:\\Users\\Dell\\AppData\\Local\\Microsoft\\WindowsApps;C:\\Users\\Dell\\AppData\\Local\\Programs\\Microsoft VS Code\\bin;C:\\Program Files (x86)\\mingw-w64\\i686-8.1.0-posix-dwarf-rt_v6-rev0\\mingw32\\bin;C:\\Program Files\\heroku\\bin;C:\\Program Files\\MongoDB\\Server\\4.4\\bin;C:\\Users\\Dell\\AppData\\Roaming\\npm;C:\\Users\\Dell\\AppData\\Roaming\\Composer\\vendor\\bin;C:\\Users\\Dell\\AppData\\Roaming\\nvm;C:\\Program Files\\nodejs;C:\\xampp\\php;C:\\Program Files\\CodeBlocks\\MinGW\\bin;C:\\TDM-GCC-32\\bin;C:\\modeltech64_10.5\\win64;C:\\laragon\\bin\\php\\php-8.1.10-Win32-vs16-x64;C:\\Program Files\\Java\\jdk-22\\bin;C:\\Users\\Dell\\AppData\\Local\\GitHubDesktop\\bin;C:\\Users\\Dell\\AppData\\Local\\Programs\\Antigravity\\bin;C:\\Users\\Dell\\AppData\\Local\\Python\\bin',
  ORIGINAL_TEMP: 'C:/Users/Dell/AppData/Local/Temp',
  ORIGINAL_TMP: 'C:/Users/Dell/AppData/Local/Temp',
  OS: 'Windows_NT',
  PATH: 'D:\\PER\\Tuffani pizza\\tuffani-pizza-frontend\\node_modules\\.bin;D:\\PER\\Tuffani pizza\\node_modules\\.bin;D:\\PER\\node_modules\\.bin;D:\\node_modules\\.bin;C:\\Users\\Dell\\AppData\\Roaming\\nvm\\v24.13.0\\node_modules\\npm\\node_modules\\@npmcli\\run-script\\lib\\node-gyp-bin;C:\\Users\\Dell\\bin;C:\\Program Files\\Git\\mingw64\\bin;C:\\Program Files\\Git\\usr\\local\\bin;C:\\Program Files\\Git\\usr\\bin;C:\\Program Files\\Git\\usr\\bin;C:\\Program Files\\Git\\mingw64\\bin;C:\\Program Files\\Git\\usr\\bin;C:\\Users\\Dell\\bin;C:\\Users\\Dell\\AppData\\Roaming\\Code\\User\\globalStorage\\github.copilot-chat\\debugCommand;C:\\Users\\Dell\\AppData\\Roaming\\Code\\User\\globalStorage\\github.copilot-chat\\copilotCli;C:\\Users\\Dell\\AppData\\Local\\Programs\\Microsoft VS Code;E:\\softwares\\App\\dbhomeXE\\bin;D:\\App\\WINDOWS.X64_213000_db_home\\bin;C:\\App\\db_home\\bin;C:\\Windows\\system32;C:\\Windows;C:\\Windows\\System32\\Wbem;C:\\Windows\\System32\\WindowsPowerShell\\v1.0;C:\\Windows\\System32\\OpenSSH;C:\\Program Files (x86)\\NVIDIA Corporation\\PhysX\\Common;C:\\Program Files\\NVIDIA Corporation\\NVIDIA NvDLISR;C:\\Program Files\\Git\\cmd;C:\\Program Files\\Git\\mingw64\\bin;C:\\Program Files\\Git\\usr\\bin;C:\\WINDOWS\\system32;C:\\WINDOWS;C:\\WINDOWS\\System32\\Wbem;C:\\WINDOWS\\System32\\WindowsPowerShell\\v1.0;C:\\WINDOWS\\System32\\OpenSSH;C:\\xampp7.4\\php;C:\\composer;C:\\Users\\Dell\\AppData\\Roaming\\nvm;C:\\Program Files\\nodejs;C:\\Program Files\\Microsoft SQL Server\\150\\Tools\\Binn;C:\\GnuWin32\\bin;C:\\Program Files\\Docker\\Docker\\resources\\bin;C:\\Program Files\\WireGuard;C:\\Users\\Dell\\scoop\\shims;C:\\Users\\Dell\\AppData\\Local\\Programs\\Python\\Python312\\Scripts;C:\\Users\\Dell\\AppData\\Local\\Programs\\Python\\Python312;C:\\Users\\Dell\\AppData\\Local\\Microsoft\\WindowsApps;C:\\Users\\Dell\\AppData\\Local\\Programs\\Microsoft VS Code\\bin;C:\\Program Files (x86)\\mingw-w64\\i686-8.1.0-posix-dwarf-rt_v6-rev0\\mingw32\\bin;C:\\Program Files\\heroku\\bin;C:\\Program Files\\MongoDB\\Server\\4.4\\bin;C:\\Users\\Dell\\AppData\\Roaming\\npm;C:\\Users\\Dell\\AppData\\Roaming\\Composer\\vendor\\bin;C:\\Users\\Dell\\AppData\\Roaming\\nvm;C:\\Program Files\\nodejs;C:\\xampp\\php;C:\\Program Files\\CodeBlocks\\MinGW\\bin;C:\\TDM-GCC-32\\bin;C:\\modeltech64_10.5\\win64;C:\\laragon\\bin\\php\\php-8.1.10-Win32-vs16-x64;C:\\Program Files\\Java\\jdk-22\\bin;C:\\Users\\Dell\\AppData\\Local\\GitHubDesktop\\bin;C:\\Users\\Dell\\AppData\\Local\\Programs\\Antigravity\\bin;C:\\Users\\Dell\\AppData\\Local\\Python\\bin;C:\\Program Files\\Git\\usr\\bin\\vendor_perl;C:\\Program Files\\Git\\usr\\bin\\core_perl',
  PATHEXT: '.COM;.EXE;.BAT;.CMD;.VBS;.VBE;.JS;.JSE;.WSF;.WSH;.MSC',
  PKG_CONFIG_PATH: 'C:\\Program Files\\Git\\mingw64\\lib\\pkgconfig;C:\\Program Files\\Git\\mingw64\\share\\pkgconfig',
  PLINK_PROTOCOL: 'ssh',
  PROCESSOR_ARCHITECTURE: 'AMD64',
  PROCESSOR_IDENTIFIER: 'Intel64 Family 6 Model 142 Stepping 12, GenuineIntel',
  PROCESSOR_LEVEL: '6',
  PROCESSOR_REVISION: '8e0c',
  ProgramData: 'C:\\ProgramData',
  PROGRAMFILES: 'C:\\Program Files',
  'ProgramFiles(x86)': 'C:\\Program Files (x86)',
  ProgramW6432: 'C:\\Program Files',
  PROMPT: '$P$G',
  PSModulePath: 'C:\\Program Files\\WindowsPowerShell\\Modules;C:\\WINDOWS\\system32\\WindowsPowerShell\\v1.0\\Modules',
  PUBLIC: 'C:\\Users\\Public',
  PWD: 'D:/PER/Tuffani pizza/tuffani-pizza-frontend',
  PYTHONSTARTUP: 'c:\\Users\\Dell\\AppData\\Roaming\\Code\\User\\workspaceStorage\\c889e0ad64719f64916fd1406a77408d\\ms-python.python\\pythonrc.py',
  PYTHON_BASIC_REPL: '1',
  RUST_MIN_STACK: '8388608',
  SESSIONNAME: 'Console',
  SHELL: 'C:\\Program Files\\Git\\usr\\bin\\bash.exe',
  SHLVL: '2',
  SSH_ASKPASS: 'C:/Program Files/Git/mingw64/libexec/git-core/git-gui--askpass',
  SYSTEMDRIVE: 'C:',
  SYSTEMROOT: 'C:\\WINDOWS',
  TEMP: 'C:\\Users\\Dell\\AppData\\Local\\Temp',
  TERM: 'xterm-256color',
  TERM_PROGRAM: 'vscode',
  TERM_PROGRAM_VERSION: '1.112.0',
  TMP: 'C:\\Users\\Dell\\AppData\\Local\\Temp',
  TMPDIR: 'C:\\Users\\Dell\\AppData\\Local\\Temp',
  TURBOPACK: '1',
  USERDOMAIN: 'ABIDADHIKARI',
  USERDOMAIN_ROAMINGPROFILE: 'ABIDADHIKARI',
  USERNAME: 'Dell',
  USERPROFILE: 'C:\\Users\\Dell',
  VSCODE_GIT_ASKPASS_EXTRA_ARGS: '',
  VSCODE_GIT_ASKPASS_MAIN: 'c:\\Users\\Dell\\AppData\\Roaming\\Code\\User\\globalStorage\\vscode.git\\askpass\\493597c785d4c5cb\\askpass-main.js',
  VSCODE_GIT_ASKPASS_NODE: 'C:\\Users\\Dell\\AppData\\Local\\Programs\\Microsoft VS Code\\Code.exe',
  VSCODE_GIT_IPC_HANDLE: '\\\\.\\pipe\\vscode-git-842d2f3413-sock',
  VSCODE_PYTHON_AUTOACTIVATE_GUARD: '1',
  WINDIR: 'C:\\WINDOWS',
  ZES_ENABLE_SYSMAN: '1',
  _: 'C:/Program Files/nodejs/node.exe',
  __NEXT_PROCESSED_ENV: 'true'
}
{
  ACLOCAL_PATH: 'C:\\Program Files\\Git\\mingw64\\share\\aclocal;C:\\Program Files\\Git\\usr\\share\\aclocal',
  ALLUSERSPROFILE: 'C:\\ProgramData',
  APPDATA: 'C:\\Users\\Dell\\AppData\\Roaming',
  BACKEND_URL: 'https://api.tufanipizza.com',
  CHROME_CRASHPAD_PIPE_NAME: '\\\\.\\pipe\\crashpad_8088_DXXFZSWYYXOXSBHI',
  COLOR: '0',
  COLORTERM: 'truecolor',
  COMMONPROGRAMFILES: 'C:\\Program Files\\Common Files',
  'CommonProgramFiles(x86)': 'C:\\Program Files (x86)\\Common Files',
  CommonProgramW6432: 'C:\\Program Files\\Common Files',
  COMPUTERNAME: 'ABIDADHIKARI',
  COMSPEC: 'C:\\WINDOWS\\system32\\cmd.exe',
  CONFIG_SITE: 'C:/Program Files/Git/mingw64/etc/config.site',
  DISPLAY: 'needs-to-be-defined',
  DriverData: 'C:\\Windows\\System32\\Drivers\\DriverData',
  EDITOR: 'C:\\WINDOWS\\notepad.exe',
  EFC_9528_1262719628: '1',
  EFC_9528_1592913036: '1',
  EFC_9528_2283032206: '1',
  EFC_9528_2775293581: '1',
  EFC_9528_3789132940: '1',
  EXEPATH: 'C:\\Program Files\\Git\\bin',
  FPS_BROWSER_APP_PROFILE_STRING: 'Internet Explorer',
  FPS_BROWSER_USER_PROFILE_STRING: 'Default',
  GIT_ASKPASS: 'c:\\Users\\Dell\\AppData\\Roaming\\Code\\User\\globalStorage\\vscode.git\\askpass\\493597c785d4c5cb\\askpass.sh',
  GIT_EDITOR: ':',
  GIT_MERGE_AUTOEDIT: 'no',
  GIT_PAGER: 'cat',
  HISTCONTROL: 'ignorespace',
  HOME: 'C:\\Users\\Dell',
  HOMEDRIVE: 'C:',
  HOMEPATH: '\\Users\\Dell',
  HOSTNAME: 'AbidAdhikari',
  INFOPATH: 'C:\\Program Files\\Git\\usr\\local\\info;C:\\Program Files\\Git\\usr\\share\\info;C:\\Program Files\\Git\\usr\\info;C:\\Program Files\\Git\\share\\info',
  INIT_CWD: 'D:\\PER\\Tuffani pizza\\tuffani-pizza-frontend',
  IS_NEXT_WORKER: 'true',
  LANG: 'en_US.UTF-8',
  LM_LICENSE_FILE: 'C:\\flexlm\\lic_modelsim',
  LOCALAPPDATA: 'C:\\Users\\Dell\\AppData\\Local',
  LOGONSERVER: '\\\\ABIDADHIKARI',
  MANPATH: 'C:\\Program Files\\Git\\mingw64\\local\\man;C:\\Program Files\\Git\\mingw64\\share\\man;C:\\Program Files\\Git\\usr\\local\\man;C:\\Program Files\\Git\\usr\\share\\man;C:\\Program Files\\Git\\usr\\man;C:\\Program Files\\Git\\share\\man',
  MINGW_CHOST: 'x86_64-w64-mingw32',
  MINGW_PACKAGE_PREFIX: 'mingw-w64-x86_64',
  MINGW_PREFIX: 'C:/Program Files/Git/mingw64',
  MSYSTEM: 'MINGW64',
  MSYSTEM_CARCH: 'x86_64',
  MSYSTEM_CHOST: 'x86_64-w64-mingw32',
  MSYSTEM_PREFIX: 'C:/Program Files/Git/mingw64',
  NEXT_DEPLOYMENT_ID: '',
  NEXT_IS_EXPORT_WORKER: 'true',
  NEXT_PHASE: 'phase-production-build',
  NEXT_PUBLIC_BACKEND_URL: 'https://api.tufanipizza.com',
  NEXT_PUBLIC_SITE_URL: 'http://www.tufanipizza.com',
  NEXT_RUNTIME: 'nodejs',
  NODE: 'C:\\Program Files\\nodejs\\node.exe',
  NODE_ENV: 'production',
  NODE_OPTIONS: '',
  npm_command: 'run',
  npm_config_cache: 'C:\\Users\\Dell\\AppData\\Local\\npm-cache',
  npm_config_globalconfig: 'C:\\Program Files\\nodejs\\etc\\npmrc',
  npm_config_global_prefix: 'C:\\Program Files\\nodejs',
  npm_config_init_module: 'C:\\Users\\Dell\\.npm-init.js',
  npm_config_local_prefix: 'D:\\PER\\Tuffani pizza\\tuffani-pizza-frontend',
  npm_config_node_gyp: 'C:\\Users\\Dell\\AppData\\Roaming\\nvm\\v24.13.0\\node_modules\\npm\\node_modules\\node-gyp\\bin\\node-gyp.js',
  npm_config_noproxy: '',
  npm_config_npm_version: '11.6.2',
  npm_config_prefix: 'C:\\Program Files\\nodejs',
  npm_config_userconfig: 'C:\\Users\\Dell\\.npmrc',
  npm_config_user_agent: 'npm/11.6.2 node/v24.13.0 win32 x64 workspaces/false',
  npm_execpath: 'C:\\Users\\Dell\\AppData\\Roaming\\nvm\\v24.13.0\\node_modules\\npm\\bin\\npm-cli.js',
  npm_lifecycle_event: 'build',
  npm_lifecycle_script: 'next build',
  npm_node_execpath: 'C:\\Program Files\\nodejs\\node.exe',
  npm_package_json: 'D:\\PER\\Tuffani pizza\\tuffani-pizza-frontend\\package.json',
  npm_package_name: 'tufani-pizza-frontend',
  npm_package_version: '0.1.0',
  NUMBER_OF_PROCESSORS: '8',
  NVM_HOME: 'C:\\Users\\Dell\\AppData\\Roaming\\nvm',
  NVM_SYMLINK: 'C:\\Program Files\\nodejs',
  OneDrive: 'C:\\Users\\Dell\\OneDrive',
  ORIGINAL_PATH: 'C:\\Program Files\\Git\\mingw64\\bin;C:\\Program Files\\Git\\usr\\bin;C:\\Users\\Dell\\bin;C:\\Users\\Dell\\AppData\\Roaming\\Code\\User\\globalStorage\\github.copilot-chat\\debugCommand;C:\\Users\\Dell\\AppData\\Roaming\\Code\\User\\globalStorage\\github.copilot-chat\\copilotCli;C:\\Users\\Dell\\AppData\\Local\\Programs\\Microsoft VS Code;E:\\softwares\\App\\dbhomeXE\\bin;D:\\App\\WINDOWS.X64_213000_db_home\\bin;C:\\App\\db_home\\bin;C:\\Windows\\system32;C:\\Windows;C:\\Windows\\System32\\Wbem;C:\\Windows\\System32\\WindowsPowerShell\\v1.0;C:\\Windows\\System32\\OpenSSH;C:\\Program Files (x86)\\NVIDIA Corporation\\PhysX\\Common;C:\\Program Files\\NVIDIA Corporation\\NVIDIA NvDLISR;C:\\Program Files\\Git\\cmd;C:\\Program Files\\Git\\mingw64\\bin;C:\\Program Files\\Git\\usr\\bin;C:\\WINDOWS\\system32;C:\\WINDOWS;C:\\WINDOWS\\System32\\Wbem;C:\\WINDOWS\\System32\\WindowsPowerShell\\v1.0;C:\\WINDOWS\\System32\\OpenSSH;C:\\xampp7.4\\php;C:\\composer;C:\\Users\\Dell\\AppData\\Roaming\\nvm;C:\\Program Files\\nodejs;C:\\Program Files\\Microsoft SQL Server\\150\\Tools\\Binn;C:\\GnuWin32\\bin;C:\\Program Files\\Docker\\Docker\\resources\\bin;C:\\Program Files\\WireGuard;C:\\Users\\Dell\\scoop\\shims;C:\\Users\\Dell\\AppData\\Local\\Programs\\Python\\Python312\\Scripts;C:\\Users\\Dell\\AppData\\Local\\Programs\\Python\\Python312;C:\\Users\\Dell\\AppData\\Local\\Microsoft\\WindowsApps;C:\\Users\\Dell\\AppData\\Local\\Programs\\Microsoft VS Code\\bin;C:\\Program Files (x86)\\mingw-w64\\i686-8.1.0-posix-dwarf-rt_v6-rev0\\mingw32\\bin;C:\\Program Files\\heroku\\bin;C:\\Program Files\\MongoDB\\Server\\4.4\\bin;C:\\Users\\Dell\\AppData\\Roaming\\npm;C:\\Users\\Dell\\AppData\\Roaming\\Composer\\vendor\\bin;C:\\Users\\Dell\\AppData\\Roaming\\nvm;C:\\Program Files\\nodejs;C:\\xampp\\php;C:\\Program Files\\CodeBlocks\\MinGW\\bin;C:\\TDM-GCC-32\\bin;C:\\modeltech64_10.5\\win64;C:\\laragon\\bin\\php\\php-8.1.10-Win32-vs16-x64;C:\\Program Files\\Java\\jdk-22\\bin;C:\\Users\\Dell\\AppData\\Local\\GitHubDesktop\\bin;C:\\Users\\Dell\\AppData\\Local\\Programs\\Antigravity\\bin;C:\\Users\\Dell\\AppData\\Local\\Python\\bin',
  ORIGINAL_TEMP: 'C:/Users/Dell/AppData/Local/Temp',
  ORIGINAL_TMP: 'C:/Users/Dell/AppData/Local/Temp',
  OS: 'Windows_NT',
  PATH: 'D:\\PER\\Tuffani pizza\\tuffani-pizza-frontend\\node_modules\\.bin;D:\\PER\\Tuffani pizza\\node_modules\\.bin;D:\\PER\\node_modules\\.bin;D:\\node_modules\\.bin;C:\\Users\\Dell\\AppData\\Roaming\\nvm\\v24.13.0\\node_modules\\npm\\node_modules\\@npmcli\\run-script\\lib\\node-gyp-bin;C:\\Users\\Dell\\bin;C:\\Program Files\\Git\\mingw64\\bin;C:\\Program Files\\Git\\usr\\local\\bin;C:\\Program Files\\Git\\usr\\bin;C:\\Program Files\\Git\\usr\\bin;C:\\Program Files\\Git\\mingw64\\bin;C:\\Program Files\\Git\\usr\\bin;C:\\Users\\Dell\\bin;C:\\Users\\Dell\\AppData\\Roaming\\Code\\User\\globalStorage\\github.copilot-chat\\debugCommand;C:\\Users\\Dell\\AppData\\Roaming\\Code\\User\\globalStorage\\github.copilot-chat\\copilotCli;C:\\Users\\Dell\\AppData\\Local\\Programs\\Microsoft VS Code;E:\\softwares\\App\\dbhomeXE\\bin;D:\\App\\WINDOWS.X64_213000_db_home\\bin;C:\\App\\db_home\\bin;C:\\Windows\\system32;C:\\Windows;C:\\Windows\\System32\\Wbem;C:\\Windows\\System32\\WindowsPowerShell\\v1.0;C:\\Windows\\System32\\OpenSSH;C:\\Program Files (x86)\\NVIDIA Corporation\\PhysX\\Common;C:\\Program Files\\NVIDIA Corporation\\NVIDIA NvDLISR;C:\\Program Files\\Git\\cmd;C:\\Program Files\\Git\\mingw64\\bin;C:\\Program Files\\Git\\usr\\bin;C:\\WINDOWS\\system32;C:\\WINDOWS;C:\\WINDOWS\\System32\\Wbem;C:\\WINDOWS\\System32\\WindowsPowerShell\\v1.0;C:\\WINDOWS\\System32\\OpenSSH;C:\\xampp7.4\\php;C:\\composer;C:\\Users\\Dell\\AppData\\Roaming\\nvm;C:\\Program Files\\nodejs;C:\\Program Files\\Microsoft SQL Server\\150\\Tools\\Binn;C:\\GnuWin32\\bin;C:\\Program Files\\Docker\\Docker\\resources\\bin;C:\\Program Files\\WireGuard;C:\\Users\\Dell\\scoop\\shims;C:\\Users\\Dell\\AppData\\Local\\Programs\\Python\\Python312\\Scripts;C:\\Users\\Dell\\AppData\\Local\\Programs\\Python\\Python312;C:\\Users\\Dell\\AppData\\Local\\Microsoft\\WindowsApps;C:\\Users\\Dell\\AppData\\Local\\Programs\\Microsoft VS Code\\bin;C:\\Program Files (x86)\\mingw-w64\\i686-8.1.0-posix-dwarf-rt_v6-rev0\\mingw32\\bin;C:\\Program Files\\heroku\\bin;C:\\Program Files\\MongoDB\\Server\\4.4\\bin;C:\\Users\\Dell\\AppData\\Roaming\\npm;C:\\Users\\Dell\\AppData\\Roaming\\Composer\\vendor\\bin;C:\\Users\\Dell\\AppData\\Roaming\\nvm;C:\\Program Files\\nodejs;C:\\xampp\\php;C:\\Program Files\\CodeBlocks\\MinGW\\bin;C:\\TDM-GCC-32\\bin;C:\\modeltech64_10.5\\win64;C:\\laragon\\bin\\php\\php-8.1.10-Win32-vs16-x64;C:\\Program Files\\Java\\jdk-22\\bin;C:\\Users\\Dell\\AppData\\Local\\GitHubDesktop\\bin;C:\\Users\\Dell\\AppData\\Local\\Programs\\Antigravity\\bin;C:\\Users\\Dell\\AppData\\Local\\Python\\bin;C:\\Program Files\\Git\\usr\\bin\\vendor_perl;C:\\Program Files\\Git\\usr\\bin\\core_perl',
  PATHEXT: '.COM;.EXE;.BAT;.CMD;.VBS;.VBE;.JS;.JSE;.WSF;.WSH;.MSC',
  PKG_CONFIG_PATH: 'C:\\Program Files\\Git\\mingw64\\lib\\pkgconfig;C:\\Program Files\\Git\\mingw64\\share\\pkgconfig',
  PLINK_PROTOCOL: 'ssh',
  PROCESSOR_ARCHITECTURE: 'AMD64',
  PROCESSOR_IDENTIFIER: 'Intel64 Family 6 Model 142 Stepping 12, GenuineIntel',
  PROCESSOR_LEVEL: '6',
  PROCESSOR_REVISION: '8e0c',
  ProgramData: 'C:\\ProgramData',
  PROGRAMFILES: 'C:\\Program Files',
  'ProgramFiles(x86)': 'C:\\Program Files (x86)',
  ProgramW6432: 'C:\\Program Files',
  PROMPT: '$P$G',
  PSModulePath: 'C:\\Program Files\\WindowsPowerShell\\Modules;C:\\WINDOWS\\system32\\WindowsPowerShell\\v1.0\\Modules',
  PUBLIC: 'C:\\Users\\Public',
  PWD: 'D:/PER/Tuffani pizza/tuffani-pizza-frontend',
  PYTHONSTARTUP: 'c:\\Users\\Dell\\AppData\\Roaming\\Code\\User\\workspaceStorage\\c889e0ad64719f64916fd1406a77408d\\ms-python.python\\pythonrc.py',
  PYTHON_BASIC_REPL: '1',
  RUST_MIN_STACK: '8388608',
  SESSIONNAME: 'Console',
  SHELL: 'C:\\Program Files\\Git\\usr\\bin\\bash.exe',
  SHLVL: '2',
  SSH_ASKPASS: 'C:/Program Files/Git/mingw64/libexec/git-core/git-gui--askpass',
  SYSTEMDRIVE: 'C:',
  SYSTEMROOT: 'C:\\WINDOWS',
  TEMP: 'C:\\Users\\Dell\\AppData\\Local\\Temp',
  TERM: 'xterm-256color',
  TERM_PROGRAM: 'vscode',
  TERM_PROGRAM_VERSION: '1.112.0',
  TMP: 'C:\\Users\\Dell\\AppData\\Local\\Temp',
  TMPDIR: 'C:\\Users\\Dell\\AppData\\Local\\Temp',
  TURBOPACK: '1',
  USERDOMAIN: 'ABIDADHIKARI',
  USERDOMAIN_ROAMINGPROFILE: 'ABIDADHIKARI',
  USERNAME: 'Dell',
  USERPROFILE: 'C:\\Users\\Dell',
  VSCODE_GIT_ASKPASS_EXTRA_ARGS: '',
  VSCODE_GIT_ASKPASS_MAIN: 'c:\\Users\\Dell\\AppData\\Roaming\\Code\\User\\globalStorage\\vscode.git\\askpass\\493597c785d4c5cb\\askpass-main.js',
  VSCODE_GIT_ASKPASS_NODE: 'C:\\Users\\Dell\\AppData\\Local\\Programs\\Microsoft VS Code\\Code.exe',
  VSCODE_GIT_IPC_HANDLE: '\\\\.\\pipe\\vscode-git-842d2f3413-sock',
  VSCODE_PYTHON_AUTOACTIVATE_GUARD: '1',
  WINDIR: 'C:\\WINDOWS',
  ZES_ENABLE_SYSMAN: '1',
  _: 'C:/Program Files/nodejs/node.exe',
  __NEXT_PROCESSED_ENV: 'true'
}
{
  ACLOCAL_PATH: 'C:\\Program Files\\Git\\mingw64\\share\\aclocal;C:\\Program Files\\Git\\usr\\share\\aclocal',
  ALLUSERSPROFILE: 'C:\\ProgramData',
  APPDATA: 'C:\\Users\\Dell\\AppData\\Roaming',
  BACKEND_URL: 'https://api.tufanipizza.com',
  CHROME_CRASHPAD_PIPE_NAME: '\\\\.\\pipe\\crashpad_8088_DXXFZSWYYXOXSBHI',
  COLOR: '0',
  COLORTERM: 'truecolor',
  COMMONPROGRAMFILES: 'C:\\Program Files\\Common Files',
  'CommonProgramFiles(x86)': 'C:\\Program Files (x86)\\Common Files',
  CommonProgramW6432: 'C:\\Program Files\\Common Files',
  COMPUTERNAME: 'ABIDADHIKARI',
  COMSPEC: 'C:\\WINDOWS\\system32\\cmd.exe',
  CONFIG_SITE: 'C:/Program Files/Git/mingw64/etc/config.site',
  DISPLAY: 'needs-to-be-defined',
  DriverData: 'C:\\Windows\\System32\\Drivers\\DriverData',
  EDITOR: 'C:\\WINDOWS\\notepad.exe',
  EFC_9528_1262719628: '1',
  EFC_9528_1592913036: '1',
  EFC_9528_2283032206: '1',
  EFC_9528_2775293581: '1',
  EFC_9528_3789132940: '1',
  EXEPATH: 'C:\\Program Files\\Git\\bin',
  FPS_BROWSER_APP_PROFILE_STRING: 'Internet Explorer',
  FPS_BROWSER_USER_PROFILE_STRING: 'Default',
  GIT_ASKPASS: 'c:\\Users\\Dell\\AppData\\Roaming\\Code\\User\\globalStorage\\vscode.git\\askpass\\493597c785d4c5cb\\askpass.sh',
  GIT_EDITOR: ':',
  GIT_MERGE_AUTOEDIT: 'no',
  GIT_PAGER: 'cat',
  HISTCONTROL: 'ignorespace',
  HOME: 'C:\\Users\\Dell',
  HOMEDRIVE: 'C:',
  HOMEPATH: '\\Users\\Dell',
  HOSTNAME: 'AbidAdhikari',
  INFOPATH: 'C:\\Program Files\\Git\\usr\\local\\info;C:\\Program Files\\Git\\usr\\share\\info;C:\\Program Files\\Git\\usr\\info;C:\\Program Files\\Git\\share\\info',
  INIT_CWD: 'D:\\PER\\Tuffani pizza\\tuffani-pizza-frontend',
  IS_NEXT_WORKER: 'true',
  LANG: 'en_US.UTF-8',
  LM_LICENSE_FILE: 'C:\\flexlm\\lic_modelsim',
  LOCALAPPDATA: 'C:\\Users\\Dell\\AppData\\Local',
  LOGONSERVER: '\\\\ABIDADHIKARI',
  MANPATH: 'C:\\Program Files\\Git\\mingw64\\local\\man;C:\\Program Files\\Git\\mingw64\\share\\man;C:\\Program Files\\Git\\usr\\local\\man;C:\\Program Files\\Git\\usr\\share\\man;C:\\Program Files\\Git\\usr\\man;C:\\Program Files\\Git\\share\\man',
  MINGW_CHOST: 'x86_64-w64-mingw32',
  MINGW_PACKAGE_PREFIX: 'mingw-w64-x86_64',
  MINGW_PREFIX: 'C:/Program Files/Git/mingw64',
  MSYSTEM: 'MINGW64',
  MSYSTEM_CARCH: 'x86_64',
  MSYSTEM_CHOST: 'x86_64-w64-mingw32',
  MSYSTEM_PREFIX: 'C:/Program Files/Git/mingw64',
  NEXT_DEPLOYMENT_ID: '',
  NEXT_IS_EXPORT_WORKER: 'true',
  NEXT_PHASE: 'phase-production-build',
  NEXT_PUBLIC_BACKEND_URL: 'https://api.tufanipizza.com',
  NEXT_PUBLIC_SITE_URL: 'http://www.tufanipizza.com',
  NEXT_RUNTIME: 'nodejs',
  NODE: 'C:\\Program Files\\nodejs\\node.exe',
  NODE_ENV: 'production',
  NODE_OPTIONS: '',
  npm_command: 'run',
  npm_config_cache: 'C:\\Users\\Dell\\AppData\\Local\\npm-cache',
  npm_config_globalconfig: 'C:\\Program Files\\nodejs\\etc\\npmrc',
  npm_config_global_prefix: 'C:\\Program Files\\nodejs',
  npm_config_init_module: 'C:\\Users\\Dell\\.npm-init.js',
  npm_config_local_prefix: 'D:\\PER\\Tuffani pizza\\tuffani-pizza-frontend',
  npm_config_node_gyp: 'C:\\Users\\Dell\\AppData\\Roaming\\nvm\\v24.13.0\\node_modules\\npm\\node_modules\\node-gyp\\bin\\node-gyp.js',
  npm_config_noproxy: '',
  npm_config_npm_version: '11.6.2',
  npm_config_prefix: 'C:\\Program Files\\nodejs',
  npm_config_userconfig: 'C:\\Users\\Dell\\.npmrc',
  npm_config_user_agent: 'npm/11.6.2 node/v24.13.0 win32 x64 workspaces/false',
  npm_execpath: 'C:\\Users\\Dell\\AppData\\Roaming\\nvm\\v24.13.0\\node_modules\\npm\\bin\\npm-cli.js',
  npm_lifecycle_event: 'build',
  npm_lifecycle_script: 'next build',
  npm_node_execpath: 'C:\\Program Files\\nodejs\\node.exe',
  npm_package_json: 'D:\\PER\\Tuffani pizza\\tuffani-pizza-frontend\\package.json',
  npm_package_name: 'tufani-pizza-frontend',
  npm_package_version: '0.1.0',
  NUMBER_OF_PROCESSORS: '8',
  NVM_HOME: 'C:\\Users\\Dell\\AppData\\Roaming\\nvm',
  NVM_SYMLINK: 'C:\\Program Files\\nodejs',
  OneDrive: 'C:\\Users\\Dell\\OneDrive',
  ORIGINAL_PATH: 'C:\\Program Files\\Git\\mingw64\\bin;C:\\Program Files\\Git\\usr\\bin;C:\\Users\\Dell\\bin;C:\\Users\\Dell\\AppData\\Roaming\\Code\\User\\globalStorage\\github.copilot-chat\\debugCommand;C:\\Users\\Dell\\AppData\\Roaming\\Code\\User\\globalStorage\\github.copilot-chat\\copilotCli;C:\\Users\\Dell\\AppData\\Local\\Programs\\Microsoft VS Code;E:\\softwares\\App\\dbhomeXE\\bin;D:\\App\\WINDOWS.X64_213000_db_home\\bin;C:\\App\\db_home\\bin;C:\\Windows\\system32;C:\\Windows;C:\\Windows\\System32\\Wbem;C:\\Windows\\System32\\WindowsPowerShell\\v1.0;C:\\Windows\\System32\\OpenSSH;C:\\Program Files (x86)\\NVIDIA Corporation\\PhysX\\Common;C:\\Program Files\\NVIDIA Corporation\\NVIDIA NvDLISR;C:\\Program Files\\Git\\cmd;C:\\Program Files\\Git\\mingw64\\bin;C:\\Program Files\\Git\\usr\\bin;C:\\WINDOWS\\system32;C:\\WINDOWS;C:\\WINDOWS\\System32\\Wbem;C:\\WINDOWS\\System32\\WindowsPowerShell\\v1.0;C:\\WINDOWS\\System32\\OpenSSH;C:\\xampp7.4\\php;C:\\composer;C:\\Users\\Dell\\AppData\\Roaming\\nvm;C:\\Program Files\\nodejs;C:\\Program Files\\Microsoft SQL Server\\150\\Tools\\Binn;C:\\GnuWin32\\bin;C:\\Program Files\\Docker\\Docker\\resources\\bin;C:\\Program Files\\WireGuard;C:\\Users\\Dell\\scoop\\shims;C:\\Users\\Dell\\AppData\\Local\\Programs\\Python\\Python312\\Scripts;C:\\Users\\Dell\\AppData\\Local\\Programs\\Python\\Python312;C:\\Users\\Dell\\AppData\\Local\\Microsoft\\WindowsApps;C:\\Users\\Dell\\AppData\\Local\\Programs\\Microsoft VS Code\\bin;C:\\Program Files (x86)\\mingw-w64\\i686-8.1.0-posix-dwarf-rt_v6-rev0\\mingw32\\bin;C:\\Program Files\\heroku\\bin;C:\\Program Files\\MongoDB\\Server\\4.4\\bin;C:\\Users\\Dell\\AppData\\Roaming\\npm;C:\\Users\\Dell\\AppData\\Roaming\\Composer\\vendor\\bin;C:\\Users\\Dell\\AppData\\Roaming\\nvm;C:\\Program Files\\nodejs;C:\\xampp\\php;C:\\Program Files\\CodeBlocks\\MinGW\\bin;C:\\TDM-GCC-32\\bin;C:\\modeltech64_10.5\\win64;C:\\laragon\\bin\\php\\php-8.1.10-Win32-vs16-x64;C:\\Program Files\\Java\\jdk-22\\bin;C:\\Users\\Dell\\AppData\\Local\\GitHubDesktop\\bin;C:\\Users\\Dell\\AppData\\Local\\Programs\\Antigravity\\bin;C:\\Users\\Dell\\AppData\\Local\\Python\\bin',
  ORIGINAL_TEMP: 'C:/Users/Dell/AppData/Local/Temp',
  ORIGINAL_TMP: 'C:/Users/Dell/AppData/Local/Temp',
  OS: 'Windows_NT',
  PATH: 'D:\\PER\\Tuffani pizza\\tuffani-pizza-frontend\\node_modules\\.bin;D:\\PER\\Tuffani pizza\\node_modules\\.bin;D:\\PER\\node_modules\\.bin;D:\\node_modules\\.bin;C:\\Users\\Dell\\AppData\\Roaming\\nvm\\v24.13.0\\node_modules\\npm\\node_modules\\@npmcli\\run-script\\lib\\node-gyp-bin;C:\\Users\\Dell\\bin;C:\\Program Files\\Git\\mingw64\\bin;C:\\Program Files\\Git\\usr\\local\\bin;C:\\Program Files\\Git\\usr\\bin;C:\\Program Files\\Git\\usr\\bin;C:\\Program Files\\Git\\mingw64\\bin;C:\\Program Files\\Git\\usr\\bin;C:\\Users\\Dell\\bin;C:\\Users\\Dell\\AppData\\Roaming\\Code\\User\\globalStorage\\github.copilot-chat\\debugCommand;C:\\Users\\Dell\\AppData\\Roaming\\Code\\User\\globalStorage\\github.copilot-chat\\copilotCli;C:\\Users\\Dell\\AppData\\Local\\Programs\\Microsoft VS Code;E:\\softwares\\App\\dbhomeXE\\bin;D:\\App\\WINDOWS.X64_213000_db_home\\bin;C:\\App\\db_home\\bin;C:\\Windows\\system32;C:\\Windows;C:\\Windows\\System32\\Wbem;C:\\Windows\\System32\\WindowsPowerShell\\v1.0;C:\\Windows\\System32\\OpenSSH;C:\\Program Files (x86)\\NVIDIA Corporation\\PhysX\\Common;C:\\Program Files\\NVIDIA Corporation\\NVIDIA NvDLISR;C:\\Program Files\\Git\\cmd;C:\\Program Files\\Git\\mingw64\\bin;C:\\Program Files\\Git\\usr\\bin;C:\\WINDOWS\\system32;C:\\WINDOWS;C:\\WINDOWS\\System32\\Wbem;C:\\WINDOWS\\System32\\WindowsPowerShell\\v1.0;C:\\WINDOWS\\System32\\OpenSSH;C:\\xampp7.4\\php;C:\\composer;C:\\Users\\Dell\\AppData\\Roaming\\nvm;C:\\Program Files\\nodejs;C:\\Program Files\\Microsoft SQL Server\\150\\Tools\\Binn;C:\\GnuWin32\\bin;C:\\Program Files\\Docker\\Docker\\resources\\bin;C:\\Program Files\\WireGuard;C:\\Users\\Dell\\scoop\\shims;C:\\Users\\Dell\\AppData\\Local\\Programs\\Python\\Python312\\Scripts;C:\\Users\\Dell\\AppData\\Local\\Programs\\Python\\Python312;C:\\Users\\Dell\\AppData\\Local\\Microsoft\\WindowsApps;C:\\Users\\Dell\\AppData\\Local\\Programs\\Microsoft VS Code\\bin;C:\\Program Files (x86)\\mingw-w64\\i686-8.1.0-posix-dwarf-rt_v6-rev0\\mingw32\\bin;C:\\Program Files\\heroku\\bin;C:\\Program Files\\MongoDB\\Server\\4.4\\bin;C:\\Users\\Dell\\AppData\\Roaming\\npm;C:\\Users\\Dell\\AppData\\Roaming\\Composer\\vendor\\bin;C:\\Users\\Dell\\AppData\\Roaming\\nvm;C:\\Program Files\\nodejs;C:\\xampp\\php;C:\\Program Files\\CodeBlocks\\MinGW\\bin;C:\\TDM-GCC-32\\bin;C:\\modeltech64_10.5\\win64;C:\\laragon\\bin\\php\\php-8.1.10-Win32-vs16-x64;C:\\Program Files\\Java\\jdk-22\\bin;C:\\Users\\Dell\\AppData\\Local\\GitHubDesktop\\bin;C:\\Users\\Dell\\AppData\\Local\\Programs\\Antigravity\\bin;C:\\Users\\Dell\\AppData\\Local\\Python\\bin;C:\\Program Files\\Git\\usr\\bin\\vendor_perl;C:\\Program Files\\Git\\usr\\bin\\core_perl',
  PATHEXT: '.COM;.EXE;.BAT;.CMD;.VBS;.VBE;.JS;.JSE;.WSF;.WSH;.MSC',
  PKG_CONFIG_PATH: 'C:\\Program Files\\Git\\mingw64\\lib\\pkgconfig;C:\\Program Files\\Git\\mingw64\\share\\pkgconfig',
  PLINK_PROTOCOL: 'ssh',
  PROCESSOR_ARCHITECTURE: 'AMD64',
  PROCESSOR_IDENTIFIER: 'Intel64 Family 6 Model 142 Stepping 12, GenuineIntel',
  PROCESSOR_LEVEL: '6',
  PROCESSOR_REVISION: '8e0c',
  ProgramData: 'C:\\ProgramData',
  PROGRAMFILES: 'C:\\Program Files',
  'ProgramFiles(x86)': 'C:\\Program Files (x86)',
  ProgramW6432: 'C:\\Program Files',
  PROMPT: '$P$G',
  PSModulePath: 'C:\\Program Files\\WindowsPowerShell\\Modules;C:\\WINDOWS\\system32\\WindowsPowerShell\\v1.0\\Modules',
  PUBLIC: 'C:\\Users\\Public',
  PWD: 'D:/PER/Tuffani pizza/tuffani-pizza-frontend',
  PYTHONSTARTUP: 'c:\\Users\\Dell\\AppData\\Roaming\\Code\\User\\workspaceStorage\\c889e0ad64719f64916fd1406a77408d\\ms-python.python\\pythonrc.py',
  PYTHON_BASIC_REPL: '1',
  RUST_MIN_STACK: '8388608',
  SESSIONNAME: 'Console',
  SHELL: 'C:\\Program Files\\Git\\usr\\bin\\bash.exe',
  SHLVL: '2',
  SSH_ASKPASS: 'C:/Program Files/Git/mingw64/libexec/git-core/git-gui--askpass',
  SYSTEMDRIVE: 'C:',
  SYSTEMROOT: 'C:\\WINDOWS',
  TEMP: 'C:\\Users\\Dell\\AppData\\Local\\Temp',
  TERM: 'xterm-256color',
  TERM_PROGRAM: 'vscode',
  TERM_PROGRAM_VERSION: '1.112.0',
  TMP: 'C:\\Users\\Dell\\AppData\\Local\\Temp',
  TMPDIR: 'C:\\Users\\Dell\\AppData\\Local\\Temp',
  TURBOPACK: '1',
  USERDOMAIN: 'ABIDADHIKARI',
  USERDOMAIN_ROAMINGPROFILE: 'ABIDADHIKARI',
  USERNAME: 'Dell',
  USERPROFILE: 'C:\\Users\\Dell',
  VSCODE_GIT_ASKPASS_EXTRA_ARGS: '',
  VSCODE_GIT_ASKPASS_MAIN: 'c:\\Users\\Dell\\AppData\\Roaming\\Code\\User\\globalStorage\\vscode.git\\askpass\\493597c785d4c5cb\\askpass-main.js',
  VSCODE_GIT_ASKPASS_NODE: 'C:\\Users\\Dell\\AppData\\Local\\Programs\\Microsoft VS Code\\Code.exe',
  VSCODE_GIT_IPC_HANDLE: '\\\\.\\pipe\\vscode-git-842d2f3413-sock',
  VSCODE_PYTHON_AUTOACTIVATE_GUARD: '1',
  WINDIR: 'C:\\WINDOWS',
  ZES_ENABLE_SYSMAN: '1',
  _: 'C:/Program Files/nodejs/node.exe',
  __NEXT_PROCESSED_ENV: 'true'
}
✓ Generating static pages using 7 workers (32/32) in 4.0s
  Finalizing page optimization ...

Route (app)
┌ ƒ /
├ ○ /_not-found
├ ƒ /about-us
├ ○ /admin
├ ○ /admin/blogs
├ ƒ /admin/blogs/[id]
├ ○ /admin/blogs/create
├ ○ /admin/categories
├ ○ /admin/contact
├ ○ /admin/gallery
├ ○ /admin/offers
├ ○ /admin/operations-log
├ ○ /admin/orders
├ ○ /admin/orders/stats
├ ○ /admin/products
├ ƒ /admin/products/[id]
├ ○ /admin/products/create
├ ○ /admin/static-content
├ ○ /admin/static-content/about
├ ○ /admin/static-content/application-configs
├ ○ /admin/static-content/blog
├ ○ /admin/static-content/home
├ ○ /admin/static-content/menu
├ ○ /admin/testimonials
├ ○ /admin/users
├ ƒ /blog
├ ƒ /blog/[slug]
├ ƒ /contact-us
├ ○ /forgot-password
├ ○ /login
├ ƒ /menu
├ ○ /profile
├ ○ /profile/cart
├ ○ /profile/orders
├ ○ /register
├ ○ /reset-password
├ ○ /robots.txt
├ ƒ /sitemap.xml
├ ○ /unauthorized
└ ○ /verify-otp


○  (Static)   prerendered as static content
ƒ  (Dynamic)  server-rendered on demand

